Country Name,Country ISO3,Year,Indicator Name,Indicator Code,Value
Kenya,KEN,2025,Firms with female top manager (% of firms),IC.FRM.FEMM.ZS,17.74934959
Kenya,KEN,2018,Firms with female top manager (% of firms),IC.FRM.FEMM.ZS,18.11507034
Kenya,KEN,2013,Firms with female top manager (% of firms),IC.FRM.FEMM.ZS,13.38644028
Kenya,KEN,2025,Firms with female participation in ownership (% of firms),IC.FRM.FEMO.ZS,36.48252106
Kenya,KEN,2018,Firms with female participation in ownership (% of firms),IC.FRM.FEMO.ZS,47.45682144
Kenya,KEN,2013,Firms with female participation in ownership (% of firms),IC.FRM.FEMO.ZS,48.7275238
Kenya,KEN,2007,Firms with female participation in ownership (% of firms),IC.FRM.FEMO.ZS,37.09980392
Kenya,KEN,2014,"Literacy rate, youth female (% of females ages 15-24)",SE.ADT.1524.LT.FE.ZS,92.31
Kenya,KEN,2000,"Literacy rate, youth female (% of females ages 15-24)",SE.ADT.1524.LT.FE.ZS,91.9400024414062
Kenya,KEN,2022,"Literacy rate, youth (ages 15-24), gender parity index (GPI)",SE.ADT.1524.LT.FM.ZS,0.981181979179382
Kenya,KEN,2014,"Literacy rate, youth (ages 15-24), gender parity index (GPI)",SE.ADT.1524.LT.FM.ZS,0.981812357902527
Kenya,KEN,2000,"Literacy rate, youth (ages 15-24), gender parity index (GPI)",SE.ADT.1524.LT.FM.ZS,0.990000009536743
Kenya,KEN,2014,"Literacy rate, youth male (% of males ages 15-24)",SE.ADT.1524.LT.MA.ZS,94.02
Kenya,KEN,2000,"Literacy rate, youth male (% of males ages 15-24)",SE.ADT.1524.LT.MA.ZS,93.3099975585938
Kenya,KEN,2000,"Literacy rate, adult female (% of females ages 15 and above)",SE.ADT.LITR.FE.ZS,77.8899993896484
Kenya,KEN,2000,"Literacy rate, adult male (% of males ages 15 and above)",SE.ADT.LITR.MA.ZS,87.4899978637695
Kenya,KEN,2019,"School enrollment, primary (gross), gender parity index (GPI)",SE.ENR.PRIM.FM.ZS,0.970903754234314
Kenya,KEN,2016,"School enrollment, primary (gross), gender parity index (GPI)",SE.ENR.PRIM.FM.ZS,1.00370001792908
Kenya,KEN,2015,"School enrollment, primary (gross), gender parity index (GPI)",SE.ENR.PRIM.FM.ZS,0.999469995498657
Kenya,KEN,2014,"School enrollment, primary (gross), gender parity index (GPI)",SE.ENR.PRIM.FM.ZS,1.00738000869751
Kenya,KEN,2012,"School enrollment, primary (gross), gender parity index (GPI)",SE.ENR.PRIM.FM.ZS,1.00824999809265
Kenya,KEN,2009,"School enrollment, primary (gross), gender parity index (GPI)",SE.ENR.PRIM.FM.ZS,0.977930009365082
Kenya,KEN,2008,"School enrollment, primary (gross), gender parity index (GPI)",SE.ENR.PRIM.FM.ZS,0.978240013122559
Kenya,KEN,2007,"School enrollment, primary (gross), gender parity index (GPI)",SE.ENR.PRIM.FM.ZS,0.983500003814697
Kenya,KEN,2006,"School enrollment, primary (gross), gender parity index (GPI)",SE.ENR.PRIM.FM.ZS,0.969519972801209
Kenya,KEN,2005,"School enrollment, primary (gross), gender parity index (GPI)",SE.ENR.PRIM.FM.ZS,0.956709980964661
Kenya,KEN,2004,"School enrollment, primary (gross), gender parity index (GPI)",SE.ENR.PRIM.FM.ZS,0.939689993858337
Kenya,KEN,2003,"School enrollment, primary (gross), gender parity index (GPI)",SE.ENR.PRIM.FM.ZS,0.948210000991821
Kenya,KEN,2002,"School enrollment, primary (gross), gender parity index (GPI)",SE.ENR.PRIM.FM.ZS,0.945029973983765
Kenya,KEN,2001,"School enrollment, primary (gross), gender parity index (GPI)",SE.ENR.PRIM.FM.ZS,0.975830018520355
Kenya,KEN,2000,"School enrollment, primary (gross), gender parity index (GPI)",SE.ENR.PRIM.FM.ZS,0.98157000541687
Kenya,KEN,1999,"School enrollment, primary (gross), gender parity index (GPI)",SE.ENR.PRIM.FM.ZS,0.967689990997314
Kenya,KEN,1998,"School enrollment, primary (gross), gender parity index (GPI)",SE.ENR.PRIM.FM.ZS,0.977259993553162
Kenya,KEN,1995,"School enrollment, primary (gross), gender parity index (GPI)",SE.ENR.PRIM.FM.ZS,0.981630027294159
Kenya,KEN,1994,"School enrollment, primary (gross), gender parity index (GPI)",SE.ENR.PRIM.FM.ZS,0.984329998493195
Kenya,KEN,1993,"School enrollment, primary (gross), gender parity index (GPI)",SE.ENR.PRIM.FM.ZS,0.977840006351471
Kenya,KEN,1992,"School enrollment, primary (gross), gender parity index (GPI)",SE.ENR.PRIM.FM.ZS,0.970459997653961
Kenya,KEN,1991,"School enrollment, primary (gross), gender parity index (GPI)",SE.ENR.PRIM.FM.ZS,0.970709979534149
Kenya,KEN,1990,"School enrollment, primary (gross), gender parity index (GPI)",SE.ENR.PRIM.FM.ZS,0.96587997674942
Kenya,KEN,1989,"School enrollment, primary (gross), gender parity index (GPI)",SE.ENR.PRIM.FM.ZS,0.962750017642975
Kenya,KEN,1988,"School enrollment, primary (gross), gender parity index (GPI)",SE.ENR.PRIM.FM.ZS,0.965579986572266
Kenya,KEN,1987,"School enrollment, primary (gross), gender parity index (GPI)",SE.ENR.PRIM.FM.ZS,0.955420017242432
Kenya,KEN,1986,"School enrollment, primary (gross), gender parity index (GPI)",SE.ENR.PRIM.FM.ZS,0.952719986438751
Kenya,KEN,1985,"School enrollment, primary (gross), gender parity index (GPI)",SE.ENR.PRIM.FM.ZS,0.956659972667694
Kenya,KEN,1984,"School enrollment, primary (gross), gender parity index (GPI)",SE.ENR.PRIM.FM.ZS,0.950219988822937
Kenya,KEN,1983,"School enrollment, primary (gross), gender parity index (GPI)",SE.ENR.PRIM.FM.ZS,0.941219985485077
Kenya,KEN,1982,"School enrollment, primary (gross), gender parity index (GPI)",SE.ENR.PRIM.FM.ZS,0.941120028495789
Kenya,KEN,1981,"School enrollment, primary (gross), gender parity index (GPI)",SE.ENR.PRIM.FM.ZS,0.933780014514923
Kenya,KEN,1980,"School enrollment, primary (gross), gender parity index (GPI)",SE.ENR.PRIM.FM.ZS,0.921989977359772
Kenya,KEN,1979,"School enrollment, primary (gross), gender parity index (GPI)",SE.ENR.PRIM.FM.ZS,0.907899975776672
Kenya,KEN,1978,"School enrollment, primary (gross), gender parity index (GPI)",SE.ENR.PRIM.FM.ZS,0.894299983978271
Kenya,KEN,1977,"School enrollment, primary (gross), gender parity index (GPI)",SE.ENR.PRIM.FM.ZS,0.887740015983582
Kenya,KEN,1976,"School enrollment, primary (gross), gender parity index (GPI)",SE.ENR.PRIM.FM.ZS,0.878419995307922
Kenya,KEN,1975,"School enrollment, primary (gross), gender parity index (GPI)",SE.ENR.PRIM.FM.ZS,0.860589981079102
Kenya,KEN,1974,"School enrollment, primary (gross), gender parity index (GPI)",SE.ENR.PRIM.FM.ZS,0.830680012702942
Kenya,KEN,1973,"School enrollment, primary (gross), gender parity index (GPI)",SE.ENR.PRIM.FM.ZS,0.791899979114532
Kenya,KEN,1972,"School enrollment, primary (gross), gender parity index (GPI)",SE.ENR.PRIM.FM.ZS,0.77114999294281
Kenya,KEN,1971,"School enrollment, primary (gross), gender parity index (GPI)",SE.ENR.PRIM.FM.ZS,0.757539987564087
Kenya,KEN,1970,"School enrollment, primary (gross), gender parity index (GPI)",SE.ENR.PRIM.FM.ZS,0.734170019626617
Kenya,KEN,2009,"School enrollment, primary and secondary (gross), gender parity index (GPI)",SE.ENR.PRSC.FM.ZS,0.950529992580414
Kenya,KEN,2008,"School enrollment, primary and secondary (gross), gender parity index (GPI)",SE.ENR.PRSC.FM.ZS,0.954289972782135
Kenya,KEN,2007,"School enrollment, primary and secondary (gross), gender parity index (GPI)",SE.ENR.PRSC.FM.ZS,0.946319997310638
Kenya,KEN,2006,"School enrollment, primary and secondary (gross), gender parity index (GPI)",SE.ENR.PRSC.FM.ZS,0.954370021820068
Kenya,KEN,2005,"School enrollment, primary and secondary (gross), gender parity index (GPI)",SE.ENR.PRSC.FM.ZS,0.95169997215271
Kenya,KEN,2004,"School enrollment, primary and secondary (gross), gender parity index (GPI)",SE.ENR.PRSC.FM.ZS,0.93383002281189
Kenya,KEN,2003,"School enrollment, primary and secondary (gross), gender parity index (GPI)",SE.ENR.PRSC.FM.ZS,0.964600026607513
Kenya,KEN,2002,"School enrollment, primary and secondary (gross), gender parity index (GPI)",SE.ENR.PRSC.FM.ZS,0.944649994373322
Kenya,KEN,2001,"School enrollment, primary and secondary (gross), gender parity index (GPI)",SE.ENR.PRSC.FM.ZS,0.962180018424988
Kenya,KEN,2000,"School enrollment, primary and secondary (gross), gender parity index (GPI)",SE.ENR.PRSC.FM.ZS,0.970409989356995
Kenya,KEN,1999,"School enrollment, primary and secondary (gross), gender parity index (GPI)",SE.ENR.PRSC.FM.ZS,0.962199985980988
Kenya,KEN,1988,"School enrollment, primary and secondary (gross), gender parity index (GPI)",SE.ENR.PRSC.FM.ZS,0.91855001449585
Kenya,KEN,1987,"School enrollment, primary and secondary (gross), gender parity index (GPI)",SE.ENR.PRSC.FM.ZS,0.909250020980835
Kenya,KEN,1986,"School enrollment, primary and secondary (gross), gender parity index (GPI)",SE.ENR.PRSC.FM.ZS,0.907159984111786
Kenya,KEN,1985,"School enrollment, primary and secondary (gross), gender parity index (GPI)",SE.ENR.PRSC.FM.ZS,0.899940013885498
Kenya,KEN,1984,"School enrollment, primary and secondary (gross), gender parity index (GPI)",SE.ENR.PRSC.FM.ZS,0.904709994792938
Kenya,KEN,1983,"School enrollment, primary and secondary (gross), gender parity index (GPI)",SE.ENR.PRSC.FM.ZS,0.89342999458313
Kenya,KEN,1982,"School enrollment, primary and secondary (gross), gender parity index (GPI)",SE.ENR.PRSC.FM.ZS,0.89385998249054
Kenya,KEN,1981,"School enrollment, primary and secondary (gross), gender parity index (GPI)",SE.ENR.PRSC.FM.ZS,0.889050006866455
Kenya,KEN,1980,"School enrollment, primary and secondary (gross), gender parity index (GPI)",SE.ENR.PRSC.FM.ZS,0.876540005207062
Kenya,KEN,1975,"School enrollment, primary and secondary (gross), gender parity index (GPI)",SE.ENR.PRSC.FM.ZS,0.812479972839355
Kenya,KEN,1974,"School enrollment, primary and secondary (gross), gender parity index (GPI)",SE.ENR.PRSC.FM.ZS,0.78328001499176
Kenya,KEN,1973,"School enrollment, primary and secondary (gross), gender parity index (GPI)",SE.ENR.PRSC.FM.ZS,0.734579980373383
Kenya,KEN,1972,"School enrollment, primary and secondary (gross), gender parity index (GPI)",SE.ENR.PRSC.FM.ZS,0.712670028209686
Kenya,KEN,1971,"School enrollment, primary and secondary (gross), gender parity index (GPI)",SE.ENR.PRSC.FM.ZS,0.693899989128113
Kenya,KEN,1970,"School enrollment, primary and secondary (gross), gender parity index (GPI)",SE.ENR.PRSC.FM.ZS,0.671800017356873
Kenya,KEN,2009,"School enrollment, secondary (gross), gender parity index (GPI)",SE.ENR.SECO.FM.ZS,0.896480023860931
Kenya,KEN,2008,"School enrollment, secondary (gross), gender parity index (GPI)",SE.ENR.SECO.FM.ZS,0.90776002407074
Kenya,KEN,2007,"School enrollment, secondary (gross), gender parity index (GPI)",SE.ENR.SECO.FM.ZS,0.866060018539429
Kenya,KEN,2006,"School enrollment, secondary (gross), gender parity index (GPI)",SE.ENR.SECO.FM.ZS,0.924470007419586
Kenya,KEN,2005,"School enrollment, secondary (gross), gender parity index (GPI)",SE.ENR.SECO.FM.ZS,0.944540023803711
Kenya,KEN,2004,"School enrollment, secondary (gross), gender parity index (GPI)",SE.ENR.SECO.FM.ZS,0.924300014972687
Kenya,KEN,2003,"School enrollment, secondary (gross), gender parity index (GPI)",SE.ENR.SECO.FM.ZS,1.01466000080109
Kenya,KEN,2002,"School enrollment, secondary (gross), gender parity index (GPI)",SE.ENR.SECO.FM.ZS,0.947470009326935
Kenya,KEN,2001,"School enrollment, secondary (gross), gender parity index (GPI)",SE.ENR.SECO.FM.ZS,0.931529998779297
Kenya,KEN,2000,"School enrollment, secondary (gross), gender parity index (GPI)",SE.ENR.SECO.FM.ZS,0.944649994373322
Kenya,KEN,1999,"School enrollment, secondary (gross), gender parity index (GPI)",SE.ENR.SECO.FM.ZS,0.950469970703125
Kenya,KEN,1988,"School enrollment, secondary (gross), gender parity index (GPI)",SE.ENR.SECO.FM.ZS,0.800719976425171
Kenya,KEN,1987,"School enrollment, secondary (gross), gender parity index (GPI)",SE.ENR.SECO.FM.ZS,0.792890012264252
Kenya,KEN,1986,"School enrollment, secondary (gross), gender parity index (GPI)",SE.ENR.SECO.FM.ZS,0.785650014877319
Kenya,KEN,1985,"School enrollment, secondary (gross), gender parity index (GPI)",SE.ENR.SECO.FM.ZS,0.751079976558685
Kenya,KEN,1984,"School enrollment, secondary (gross), gender parity index (GPI)",SE.ENR.SECO.FM.ZS,0.750940024852753
Kenya,KEN,1983,"School enrollment, secondary (gross), gender parity index (GPI)",SE.ENR.SECO.FM.ZS,0.7189000248909
Kenya,KEN,1982,"School enrollment, secondary (gross), gender parity index (GPI)",SE.ENR.SECO.FM.ZS,0.713220000267029
Kenya,KEN,1981,"School enrollment, secondary (gross), gender parity index (GPI)",SE.ENR.SECO.FM.ZS,0.719810009002686
Kenya,KEN,1980,"School enrollment, secondary (gross), gender parity index (GPI)",SE.ENR.SECO.FM.ZS,0.703570008277893
Kenya,KEN,1975,"School enrollment, secondary (gross), gender parity index (GPI)",SE.ENR.SECO.FM.ZS,0.587119996547699
Kenya,KEN,1974,"School enrollment, secondary (gross), gender parity index (GPI)",SE.ENR.SECO.FM.ZS,0.552699983119965
Kenya,KEN,1973,"School enrollment, secondary (gross), gender parity index (GPI)",SE.ENR.SECO.FM.ZS,0.53031998872757
Kenya,KEN,1972,"School enrollment, secondary (gross), gender parity index (GPI)",SE.ENR.SECO.FM.ZS,0.507250010967255
Kenya,KEN,1971,"School enrollment, secondary (gross), gender parity index (GPI)",SE.ENR.SECO.FM.ZS,0.474159985780716
Kenya,KEN,1970,"School enrollment, secondary (gross), gender parity index (GPI)",SE.ENR.SECO.FM.ZS,0.454039990901947
Kenya,KEN,2024,"School enrollment, tertiary (gross), gender parity index (GPI)",SE.ENR.TERT.FM.ZS,0.793476954009458
Kenya,KEN,2023,"School enrollment, tertiary (gross), gender parity index (GPI)",SE.ENR.TERT.FM.ZS,0.723138043980505
Kenya,KEN,2017,"School enrollment, tertiary (gross), gender parity index (GPI)",SE.ENR.TERT.FM.ZS,0.716482294803842
Kenya,KEN,2016,"School enrollment, tertiary (gross), gender parity index (GPI)",SE.ENR.TERT.FM.ZS,0.680848163715744
Kenya,KEN,2015,"School enrollment, tertiary (gross), gender parity index (GPI)",SE.ENR.TERT.FM.ZS,0.698813895621503
Kenya,KEN,2009,"School enrollment, tertiary (gross), gender parity index (GPI)",SE.ENR.TERT.FM.ZS,0.699240028858185
Kenya,KEN,2005,"School enrollment, tertiary (gross), gender parity index (GPI)",SE.ENR.TERT.FM.ZS,0.594240009784698
Kenya,KEN,2004,"School enrollment, tertiary (gross), gender parity index (GPI)",SE.ENR.TERT.FM.ZS,0.599889993667603
Kenya,KEN,2002,"School enrollment, tertiary (gross), gender parity index (GPI)",SE.ENR.TERT.FM.ZS,0.536080002784729
Kenya,KEN,2001,"School enrollment, tertiary (gross), gender parity index (GPI)",SE.ENR.TERT.FM.ZS,0.536390006542206
Kenya,KEN,2000,"School enrollment, tertiary (gross), gender parity index (GPI)",SE.ENR.TERT.FM.ZS,0.543250024318695
Kenya,KEN,1987,"School enrollment, tertiary (gross), gender parity index (GPI)",SE.ENR.TERT.FM.ZS,0.386579990386963
Kenya,KEN,1985,"School enrollment, tertiary (gross), gender parity index (GPI)",SE.ENR.TERT.FM.ZS,0.355500012636185
Kenya,KEN,1984,"School enrollment, tertiary (gross), gender parity index (GPI)",SE.ENR.TERT.FM.ZS,0.518360018730164
Kenya,KEN,2019,"School enrollment, preprimary, female (% gross)",SE.PRE.ENRR.FE,64.4405288696289
Kenya,KEN,2016,"School enrollment, preprimary, female (% gross)",SE.PRE.ENRR.FE,74.7351226806641
Kenya,KEN,2015,"School enrollment, preprimary, female (% gross)",SE.PRE.ENRR.FE,74.6648635864258
Kenya,KEN,2014,"School enrollment, preprimary, female (% gross)",SE.PRE.ENRR.FE,71.0951232910156
Kenya,KEN,2012,"School enrollment, preprimary, female (% gross)",SE.PRE.ENRR.FE,59.6223106384277
Kenya,KEN,2009,"School enrollment, preprimary, female (% gross)",SE.PRE.ENRR.FE,49.7238807678223
Kenya,KEN,2008,"School enrollment, preprimary, female (% gross)",SE.PRE.ENRR.FE,44.8023490905762
Kenya,KEN,2007,"School enrollment, preprimary, female (% gross)",SE.PRE.ENRR.FE,44.4328994750977
Kenya,KEN,2006,"School enrollment, preprimary, female (% gross)",SE.PRE.ENRR.FE,44.7022094726563
Kenya,KEN,2005,"School enrollment, preprimary, female (% gross)",SE.PRE.ENRR.FE,46.0018692016602
Kenya,KEN,2004,"School enrollment, preprimary, female (% gross)",SE.PRE.ENRR.FE,46.576961517334
Kenya,KEN,2003,"School enrollment, preprimary, female (% gross)",SE.PRE.ENRR.FE,46.3728904724121
Kenya,KEN,2002,"School enrollment, preprimary, female (% gross)",SE.PRE.ENRR.FE,38.9489593505859
Kenya,KEN,2001,"School enrollment, preprimary, female (% gross)",SE.PRE.ENRR.FE,40.0630683898926
Kenya,KEN,2000,"School enrollment, preprimary, female (% gross)",SE.PRE.ENRR.FE,41.0351791381836
Kenya,KEN,1999,"School enrollment, preprimary, female (% gross)",SE.PRE.ENRR.FE,40.6648216247559
Kenya,KEN,1998,"School enrollment, preprimary, female (% gross)",SE.PRE.ENRR.FE,37.0006408691406
Kenya,KEN,1997,"School enrollment, preprimary, female (% gross)",SE.PRE.ENRR.FE,37.3661613464355
Kenya,KEN,1996,"School enrollment, preprimary, female (% gross)",SE.PRE.ENRR.FE,36.234691619873
Kenya,KEN,1995,"School enrollment, preprimary, female (% gross)",SE.PRE.ENRR.FE,34.892749786377
Kenya,KEN,1994,"School enrollment, preprimary, female (% gross)",SE.PRE.ENRR.FE,34.138500213623
Kenya,KEN,1993,"School enrollment, preprimary, female (% gross)",SE.PRE.ENRR.FE,33.4029083251953
Kenya,KEN,1990,"School enrollment, preprimary, female (% gross)",SE.PRE.ENRR.FE,35.2467613220215
Kenya,KEN,1987,"School enrollment, preprimary, female (% gross)",SE.PRE.ENRR.FE,28.7245197296143
Kenya,KEN,1986,"School enrollment, preprimary, female (% gross)",SE.PRE.ENRR.FE,27.6095008850098
Kenya,KEN,1985,"School enrollment, preprimary, female (% gross)",SE.PRE.ENRR.FE,26.3332405090332
Kenya,KEN,1983,"School enrollment, preprimary, female (% gross)",SE.PRE.ENRR.FE,26.1848793029785
Kenya,KEN,2019,"School enrollment, preprimary, male (% gross)",SE.PRE.ENRR.MA,65.8372421264648
Kenya,KEN,2016,"School enrollment, preprimary, male (% gross)",SE.PRE.ENRR.MA,76.762939453125
Kenya,KEN,2015,"School enrollment, preprimary, male (% gross)",SE.PRE.ENRR.MA,75.6010131835938
Kenya,KEN,2014,"School enrollment, preprimary, male (% gross)",SE.PRE.ENRR.MA,72.9927291870117
Kenya,KEN,2012,"School enrollment, preprimary, male (% gross)",SE.PRE.ENRR.MA,58.1235198974609
Kenya,KEN,2009,"School enrollment, preprimary, male (% gross)",SE.PRE.ENRR.MA,49.9089813232422
Kenya,KEN,2008,"School enrollment, preprimary, male (% gross)",SE.PRE.ENRR.MA,46.6843185424805
Kenya,KEN,2007,"School enrollment, preprimary, male (% gross)",SE.PRE.ENRR.MA,46.9795799255371
Kenya,KEN,2006,"School enrollment, preprimary, male (% gross)",SE.PRE.ENRR.MA,47.3036308288574
Kenya,KEN,2005,"School enrollment, preprimary, male (% gross)",SE.PRE.ENRR.MA,46.3465881347656
Kenya,KEN,2004,"School enrollment, preprimary, male (% gross)",SE.PRE.ENRR.MA,46.9926300048828
Kenya,KEN,2003,"School enrollment, preprimary, male (% gross)",SE.PRE.ENRR.MA,47.2313194274902
Kenya,KEN,2002,"School enrollment, preprimary, male (% gross)",SE.PRE.ENRR.MA,48.8206214904785
Kenya,KEN,2001,"School enrollment, preprimary, male (% gross)",SE.PRE.ENRR.MA,40.0097007751465
Kenya,KEN,2000,"School enrollment, preprimary, male (% gross)",SE.PRE.ENRR.MA,40.7047386169434
Kenya,KEN,1999,"School enrollment, preprimary, male (% gross)",SE.PRE.ENRR.MA,40.8467292785645
Kenya,KEN,1998,"School enrollment, preprimary, male (% gross)",SE.PRE.ENRR.MA,38.7706718444824
Kenya,KEN,1997,"School enrollment, preprimary, male (% gross)",SE.PRE.ENRR.MA,38.151538848877
Kenya,KEN,1996,"School enrollment, preprimary, male (% gross)",SE.PRE.ENRR.MA,37.5140190124512
Kenya,KEN,1995,"School enrollment, preprimary, male (% gross)",SE.PRE.ENRR.MA,36.2806205749512
Kenya,KEN,1994,"School enrollment, preprimary, male (% gross)",SE.PRE.ENRR.MA,35.0644493103027
Kenya,KEN,1993,"School enrollment, preprimary, male (% gross)",SE.PRE.ENRR.MA,34.4379386901855
Kenya,KEN,1990,"School enrollment, preprimary, male (% gross)",SE.PRE.ENRR.MA,30.9332008361816
Kenya,KEN,1987,"School enrollment, preprimary, male (% gross)",SE.PRE.ENRR.MA,26.8841800689697
Kenya,KEN,1986,"School enrollment, preprimary, male (% gross)",SE.PRE.ENRR.MA,29.6159191131592
Kenya,KEN,1985,"School enrollment, preprimary, male (% gross)",SE.PRE.ENRR.MA,26.2215309143066
Kenya,KEN,1983,"School enrollment, preprimary, male (% gross)",SE.PRE.ENRR.MA,25.7661209106445
Kenya,KEN,2016,"Primary completion rate, female (% of relevant age group)",SE.PRM.CMPT.FE.ZS,102.120621246956
Kenya,KEN,2015,"Primary completion rate, female (% of relevant age group)",SE.PRM.CMPT.FE.ZS,101.372903037895
Kenya,KEN,2014,"Primary completion rate, female (% of relevant age group)",SE.PRM.CMPT.FE.ZS,99.2602337154191
Kenya,KEN,2005,"Primary completion rate, female (% of relevant age group)",SE.PRM.CMPT.FE.ZS,86.4147720336914
Kenya,KEN,2004,"Primary completion rate, female (% of relevant age group)",SE.PRM.CMPT.FE.ZS,84.2112426757812
Kenya,KEN,1981,"Primary completion rate, female (% of relevant age group)",SE.PRM.CMPT.FE.ZS,77.6902389526367
Kenya,KEN,1980,"Primary completion rate, female (% of relevant age group)",SE.PRM.CMPT.FE.ZS,77.3864822387695
Kenya,KEN,1978,"Primary completion rate, female (% of relevant age group)",SE.PRM.CMPT.FE.ZS,58.2165489196777
Kenya,KEN,1977,"Primary completion rate, female (% of relevant age group)",SE.PRM.CMPT.FE.ZS,56.090461730957
Kenya,KEN,1973,"Primary completion rate, female (% of relevant age group)",SE.PRM.CMPT.FE.ZS,44.2963600158691
Kenya,KEN,1972,"Primary completion rate, female (% of relevant age group)",SE.PRM.CMPT.FE.ZS,42.0935287475586
Kenya,KEN,1971,"Primary completion rate, female (% of relevant age group)",SE.PRM.CMPT.FE.ZS,39.0056304931641
Kenya,KEN,1970,"Primary completion rate, female (% of relevant age group)",SE.PRM.CMPT.FE.ZS,36.6114501953125
Kenya,KEN,2016,"Primary completion rate, male (% of relevant age group)",SE.PRM.CMPT.MA.ZS,102.279410227925
Kenya,KEN,2015,"Primary completion rate, male (% of relevant age group)",SE.PRM.CMPT.MA.ZS,101.310568714681
Kenya,KEN,2014,"Primary completion rate, male (% of relevant age group)",SE.PRM.CMPT.MA.ZS,98.724434395996
Kenya,KEN,2005,"Primary completion rate, male (% of relevant age group)",SE.PRM.CMPT.MA.ZS,89.2695236206055
Kenya,KEN,2004,"Primary completion rate, male (% of relevant age group)",SE.PRM.CMPT.MA.ZS,87.8662490844727
Kenya,KEN,1981,"Primary completion rate, male (% of relevant age group)",SE.PRM.CMPT.MA.ZS,84.3067321777344
Kenya,KEN,1980,"Primary completion rate, male (% of relevant age group)",SE.PRM.CMPT.MA.ZS,86.1008529663086
Kenya,KEN,1978,"Primary completion rate, male (% of relevant age group)",SE.PRM.CMPT.MA.ZS,69.867919921875
Kenya,KEN,1977,"Primary completion rate, male (% of relevant age group)",SE.PRM.CMPT.MA.ZS,69.4871597290039
Kenya,KEN,1973,"Primary completion rate, male (% of relevant age group)",SE.PRM.CMPT.MA.ZS,61.8689117431641
Kenya,KEN,1972,"Primary completion rate, male (% of relevant age group)",SE.PRM.CMPT.MA.ZS,61.8125991821289
Kenya,KEN,1971,"Primary completion rate, male (% of relevant age group)",SE.PRM.CMPT.MA.ZS,59.045581817627
Kenya,KEN,1970,"Primary completion rate, male (% of relevant age group)",SE.PRM.CMPT.MA.ZS,57.962760925293
Kenya,KEN,2024,"Educational attainment, at least completed primary, population 25+ years, female (%) (cumulative)",SE.PRM.CUAT.FE.ZS,74.6436309814453
Kenya,KEN,2022,"Educational attainment, at least completed primary, population 25+ years, female (%) (cumulative)",SE.PRM.CUAT.FE.ZS,74.2419128417969
Kenya,KEN,2021,"Educational attainment, at least completed primary, population 25+ years, female (%) (cumulative)",SE.PRM.CUAT.FE.ZS,72.6540374755859
Kenya,KEN,2020,"Educational attainment, at least completed primary, population 25+ years, female (%) (cumulative)",SE.PRM.CUAT.FE.ZS,70.4604110717773
Kenya,KEN,2019,"Educational attainment, at least completed primary, population 25+ years, female (%) (cumulative)",SE.PRM.CUAT.FE.ZS,74.3599166870117
Kenya,KEN,2010,"Educational attainment, at least completed primary, population 25+ years, female (%) (cumulative)",SE.PRM.CUAT.FE.ZS,47.1344604492188
Kenya,KEN,2009,"Educational attainment, at least completed primary, population 25+ years, female (%) (cumulative)",SE.PRM.CUAT.FE.ZS,51.156421661377
Kenya,KEN,2005,"Educational attainment, at least completed primary, population 25+ years, female (%) (cumulative)",SE.PRM.CUAT.FE.ZS,59.1938526179707
Kenya,KEN,1999,"Educational attainment, at least completed primary, population 25+ years, female (%) (cumulative)",SE.PRM.CUAT.FE.ZS,64.4267234983398
Kenya,KEN,2024,"Educational attainment, at least completed primary, population 25+ years, male (%) (cumulative)",SE.PRM.CUAT.MA.ZS,83.4499816894531
Kenya,KEN,2022,"Educational attainment, at least completed primary, population 25+ years, male (%) (cumulative)",SE.PRM.CUAT.MA.ZS,82.6517028808594
Kenya,KEN,2021,"Educational attainment, at least completed primary, population 25+ years, male (%) (cumulative)",SE.PRM.CUAT.MA.ZS,82.7664794921875
Kenya,KEN,2020,"Educational attainment, at least completed primary, population 25+ years, male (%) (cumulative)",SE.PRM.CUAT.MA.ZS,78.6482772827148
Kenya,KEN,2019,"Educational attainment, at least completed primary, population 25+ years, male (%) (cumulative)",SE.PRM.CUAT.MA.ZS,81.5793685913086
Kenya,KEN,2010,"Educational attainment, at least completed primary, population 25+ years, male (%) (cumulative)",SE.PRM.CUAT.MA.ZS,54.5099983215332
Kenya,KEN,2009,"Educational attainment, at least completed primary, population 25+ years, male (%) (cumulative)",SE.PRM.CUAT.MA.ZS,63.5001106262207
Kenya,KEN,2005,"Educational attainment, at least completed primary, population 25+ years, male (%) (cumulative)",SE.PRM.CUAT.MA.ZS,74.7735945061583
Kenya,KEN,1999,"Educational attainment, at least completed primary, population 25+ years, male (%) (cumulative)",SE.PRM.CUAT.MA.ZS,81.8241186242829
Kenya,KEN,2024,"Educational attainment, at least completed primary, population 25+ years, total (%) (cumulative)",SE.PRM.CUAT.ZS,78.7699737548828
Kenya,KEN,2022,"Educational attainment, at least completed primary, population 25+ years, total (%) (cumulative)",SE.PRM.CUAT.ZS,78.2602233886719
Kenya,KEN,2021,"Educational attainment, at least completed primary, population 25+ years, total (%) (cumulative)",SE.PRM.CUAT.ZS,77.3815994262695
Kenya,KEN,2020,"Educational attainment, at least completed primary, population 25+ years, total (%) (cumulative)",SE.PRM.CUAT.ZS,74.2888031005859
Kenya,KEN,2019,"Educational attainment, at least completed primary, population 25+ years, total (%) (cumulative)",SE.PRM.CUAT.ZS,77.8635482788086
Kenya,KEN,2010,"Educational attainment, at least completed primary, population 25+ years, total (%) (cumulative)",SE.PRM.CUAT.ZS,50.9865303039551
Kenya,KEN,2009,"Educational attainment, at least completed primary, population 25+ years, total (%) (cumulative)",SE.PRM.CUAT.ZS,57.1721000671387
Kenya,KEN,2005,"Educational attainment, at least completed primary, population 25+ years, total (%) (cumulative)",SE.PRM.CUAT.ZS,66.6933404942913
Kenya,KEN,1999,"Educational attainment, at least completed primary, population 25+ years, total (%) (cumulative)",SE.PRM.CUAT.ZS,72.9013855707671
Kenya,KEN,2016,"Primary education, pupils (% female)",SE.PRM.ENRL.FE.ZS,49.67015
Kenya,KEN,2015,"Primary education, pupils (% female)",SE.PRM.ENRL.FE.ZS,49.57786
Kenya,KEN,2014,"Primary education, pupils (% female)",SE.PRM.ENRL.FE.ZS,49.78284
Kenya,KEN,2012,"Primary education, pupils (% female)",SE.PRM.ENRL.FE.ZS,49.84886
Kenya,KEN,2009,"Primary education, pupils (% female)",SE.PRM.ENRL.FE.ZS,49.16483
Kenya,KEN,2008,"Primary education, pupils (% female)",SE.PRM.ENRL.FE.ZS,49.19819
Kenya,KEN,2007,"Primary education, pupils (% female)",SE.PRM.ENRL.FE.ZS,49.35788
Kenya,KEN,2006,"Primary education, pupils (% female)",SE.PRM.ENRL.FE.ZS,49.02563
Kenya,KEN,2005,"Primary education, pupils (% female)",SE.PRM.ENRL.FE.ZS,48.71799
Kenya,KEN,2004,"Primary education, pupils (% female)",SE.PRM.ENRL.FE.ZS,48.2832
Kenya,KEN,2003,"Primary education, pupils (% female)",SE.PRM.ENRL.FE.ZS,48.52072
Kenya,KEN,2002,"Primary education, pupils (% female)",SE.PRM.ENRL.FE.ZS,48.44374
Kenya,KEN,2001,"Primary education, pupils (% female)",SE.PRM.ENRL.FE.ZS,49.24492
Kenya,KEN,2000,"Primary education, pupils (% female)",SE.PRM.ENRL.FE.ZS,49.38302
Kenya,KEN,1999,"Primary education, pupils (% female)",SE.PRM.ENRL.FE.ZS,49.02589
Kenya,KEN,1998,"Primary education, pupils (% female)",SE.PRM.ENRL.FE.ZS,49.26377
Kenya,KEN,1995,"Primary education, pupils (% female)",SE.PRM.ENRL.FE.ZS,49.32926
Kenya,KEN,1994,"Primary education, pupils (% female)",SE.PRM.ENRL.FE.ZS,49.38324
Kenya,KEN,1993,"Primary education, pupils (% female)",SE.PRM.ENRL.FE.ZS,49.20856
Kenya,KEN,1992,"Primary education, pupils (% female)",SE.PRM.ENRL.FE.ZS,49.01541
Kenya,KEN,1991,"Primary education, pupils (% female)",SE.PRM.ENRL.FE.ZS,49.02326
Kenya,KEN,1990,"Primary education, pupils (% female)",SE.PRM.ENRL.FE.ZS,48.9042
Kenya,KEN,1989,"Primary education, pupils (% female)",SE.PRM.ENRL.FE.ZS,48.82464
Kenya,KEN,1988,"Primary education, pupils (% female)",SE.PRM.ENRL.FE.ZS,48.90766
Kenya,KEN,1987,"Primary education, pupils (% female)",SE.PRM.ENRL.FE.ZS,48.66012
Kenya,KEN,1986,"Primary education, pupils (% female)",SE.PRM.ENRL.FE.ZS,48.61127
Kenya,KEN,1985,"Primary education, pupils (% female)",SE.PRM.ENRL.FE.ZS,48.73901
Kenya,KEN,1984,"Primary education, pupils (% female)",SE.PRM.ENRL.FE.ZS,48.5889
Kenya,KEN,1983,"Primary education, pupils (% female)",SE.PRM.ENRL.FE.ZS,48.37556
Kenya,KEN,1982,"Primary education, pupils (% female)",SE.PRM.ENRL.FE.ZS,48.40088
Kenya,KEN,1981,"Primary education, pupils (% female)",SE.PRM.ENRL.FE.ZS,48.23462
Kenya,KEN,1980,"Primary education, pupils (% female)",SE.PRM.ENRL.FE.ZS,47.9455
Kenya,KEN,1979,"Primary education, pupils (% female)",SE.PRM.ENRL.FE.ZS,47.58153
Kenya,KEN,1978,"Primary education, pupils (% female)",SE.PRM.ENRL.FE.ZS,47.23031
Kenya,KEN,1977,"Primary education, pupils (% female)",SE.PRM.ENRL.FE.ZS,47.07542
Kenya,KEN,1976,"Primary education, pupils (% female)",SE.PRM.ENRL.FE.ZS,46.8415
Kenya,KEN,1975,"Primary education, pupils (% female)",SE.PRM.ENRL.FE.ZS,46.35798
Kenya,KEN,1974,"Primary education, pupils (% female)",SE.PRM.ENRL.FE.ZS,45.49776
Kenya,KEN,1973,"Primary education, pupils (% female)",SE.PRM.ENRL.FE.ZS,44.33517
Kenya,KEN,1972,"Primary education, pupils (% female)",SE.PRM.ENRL.FE.ZS,43.69895
Kenya,KEN,1971,"Primary education, pupils (% female)",SE.PRM.ENRL.FE.ZS,43.27333
Kenya,KEN,1970,"Primary education, pupils (% female)",SE.PRM.ENRL.FE.ZS,42.50842
Kenya,KEN,2023,"School enrollment, primary, female (% gross)",SE.PRM.ENRR.FE,96.6263727639885
Kenya,KEN,2022,"School enrollment, primary, female (% gross)",SE.PRM.ENRR.FE,96.3641752874056
Kenya,KEN,2021,"School enrollment, primary, female (% gross)",SE.PRM.ENRR.FE,91.7586466192904
Kenya,KEN,2020,"School enrollment, primary, female (% gross)",SE.PRM.ENRR.FE,90.1134668073909
Kenya,KEN,2019,"School enrollment, primary, female (% gross)",SE.PRM.ENRR.FE,76.2261830336463
Kenya,KEN,2018,"School enrollment, primary, female (% gross)",SE.PRM.ENRR.FE,98.1029150615669
Kenya,KEN,2017,"School enrollment, primary, female (% gross)",SE.PRM.ENRR.FE,102.462330971674
Kenya,KEN,2016,"School enrollment, primary, female (% gross)",SE.PRM.ENRR.FE,103.882751464844
Kenya,KEN,2015,"School enrollment, primary, female (% gross)",SE.PRM.ENRR.FE,104.297958374023
Kenya,KEN,2014,"School enrollment, primary, female (% gross)",SE.PRM.ENRR.FE,107.039520263672
Kenya,KEN,2012,"School enrollment, primary, female (% gross)",SE.PRM.ENRR.FE,111.382338268564
Kenya,KEN,2009,"School enrollment, primary, female (% gross)",SE.PRM.ENRR.FE,106.301528930664
Kenya,KEN,2008,"School enrollment, primary, female (% gross)",SE.PRM.ENRR.FE,105.476631164551
Kenya,KEN,2007,"School enrollment, primary, female (% gross)",SE.PRM.ENRR.FE,106.284469604492
Kenya,KEN,2006,"School enrollment, primary, female (% gross)",SE.PRM.ENRR.FE,99.2851486206055
Kenya,KEN,2005,"School enrollment, primary, female (% gross)",SE.PRM.ENRR.FE,101.016220092773
Kenya,KEN,2004,"School enrollment, primary, female (% gross)",SE.PRM.ENRR.FE,100.20384979248
Kenya,KEN,2003,"School enrollment, primary, female (% gross)",SE.PRM.ENRR.FE,100.86270904541
Kenya,KEN,2002,"School enrollment, primary, female (% gross)",SE.PRM.ENRR.FE,86.4970474243164
Kenya,KEN,2001,"School enrollment, primary, female (% gross)",SE.PRM.ENRR.FE,93.7352600097656
Kenya,KEN,2000,"School enrollment, primary, female (% gross)",SE.PRM.ENRR.FE,93.1133575439453
Kenya,KEN,1999,"School enrollment, primary, female (% gross)",SE.PRM.ENRR.FE,88.9459915161133
Kenya,KEN,1998,"School enrollment, primary, female (% gross)",SE.PRM.ENRR.FE,91.5694274902344
Kenya,KEN,1995,"School enrollment, primary, female (% gross)",SE.PRM.ENRR.FE,92.1238098144531
Kenya,KEN,1994,"School enrollment, primary, female (% gross)",SE.PRM.ENRR.FE,95.2126693725586
Kenya,KEN,1993,"School enrollment, primary, female (% gross)",SE.PRM.ENRR.FE,98.9025726318359
Kenya,KEN,1992,"School enrollment, primary, female (% gross)",SE.PRM.ENRR.FE,99.6203765869141
Kenya,KEN,1991,"School enrollment, primary, female (% gross)",SE.PRM.ENRR.FE,101.154052734375
Kenya,KEN,1990,"School enrollment, primary, female (% gross)",SE.PRM.ENRR.FE,103.161163330078
Kenya,KEN,1989,"School enrollment, primary, female (% gross)",SE.PRM.ENRR.FE,106.466957092285
Kenya,KEN,1988,"School enrollment, primary, female (% gross)",SE.PRM.ENRR.FE,105.81226348877
Kenya,KEN,1987,"School enrollment, primary, female (% gross)",SE.PRM.ENRR.FE,106.963638305664
Kenya,KEN,1986,"School enrollment, primary, female (% gross)",SE.PRM.ENRR.FE,107.028099060059
Kenya,KEN,1985,"School enrollment, primary, female (% gross)",SE.PRM.ENRR.FE,107.236869812012
Kenya,KEN,1984,"School enrollment, primary, female (% gross)",SE.PRM.ENRR.FE,111.427619934082
Kenya,KEN,1983,"School enrollment, primary, female (% gross)",SE.PRM.ENRR.FE,114.567039489746
Kenya,KEN,1982,"School enrollment, primary, female (% gross)",SE.PRM.ENRR.FE,114.320663452148
Kenya,KEN,1981,"School enrollment, primary, female (% gross)",SE.PRM.ENRR.FE,111.148063659668
Kenya,KEN,1980,"School enrollment, primary, female (% gross)",SE.PRM.ENRR.FE,112.636909484863
Kenya,KEN,1979,"School enrollment, primary, female (% gross)",SE.PRM.ENRR.FE,110.132247924805
Kenya,KEN,1978,"School enrollment, primary, female (% gross)",SE.PRM.ENRR.FE,90.3737411499023
Kenya,KEN,1977,"School enrollment, primary, female (% gross)",SE.PRM.ENRR.FE,93.2138671875
Kenya,KEN,1976,"School enrollment, primary, female (% gross)",SE.PRM.ENRR.FE,92.9658584594727
Kenya,KEN,1975,"School enrollment, primary, female (% gross)",SE.PRM.ENRR.FE,95.4558334350586
Kenya,KEN,1974,"School enrollment, primary, female (% gross)",SE.PRM.ENRR.FE,91.3143692016602
Kenya,KEN,1973,"School enrollment, primary, female (% gross)",SE.PRM.ENRR.FE,60.2242889404297
Kenya,KEN,1972,"School enrollment, primary, female (% gross)",SE.PRM.ENRR.FE,57.0070114135742
Kenya,KEN,1971,"School enrollment, primary, female (% gross)",SE.PRM.ENRR.FE,53.3804397583008
Kenya,KEN,1970,"School enrollment, primary, female (% gross)",SE.PRM.ENRR.FE,51.202880859375
Kenya,KEN,2023,"School enrollment, primary, male (% gross)",SE.PRM.ENRR.MA,99.8478857206905
Kenya,KEN,2022,"School enrollment, primary, male (% gross)",SE.PRM.ENRR.MA,100.710058399494
Kenya,KEN,2021,"School enrollment, primary, male (% gross)",SE.PRM.ENRR.MA,95.7487059799254
Kenya,KEN,2020,"School enrollment, primary, male (% gross)",SE.PRM.ENRR.MA,93.7716944083038
Kenya,KEN,2019,"School enrollment, primary, male (% gross)",SE.PRM.ENRR.MA,78.7850935306842
Kenya,KEN,2018,"School enrollment, primary, male (% gross)",SE.PRM.ENRR.MA,101.419871725135
Kenya,KEN,2017,"School enrollment, primary, male (% gross)",SE.PRM.ENRR.MA,101.458395417046
Kenya,KEN,2016,"School enrollment, primary, male (% gross)",SE.PRM.ENRR.MA,104.344932556152
Kenya,KEN,2015,"School enrollment, primary, male (% gross)",SE.PRM.ENRR.MA,105.258506774902
Kenya,KEN,2014,"School enrollment, primary, male (% gross)",SE.PRM.ENRR.MA,107.242218017578
Kenya,KEN,2012,"School enrollment, primary, male (% gross)",SE.PRM.ENRR.MA,111.461902991676
Kenya,KEN,2009,"School enrollment, primary, male (% gross)",SE.PRM.ENRR.MA,109.585037231445
Kenya,KEN,2008,"School enrollment, primary, male (% gross)",SE.PRM.ENRR.MA,108.672760009766
Kenya,KEN,2007,"School enrollment, primary, male (% gross)",SE.PRM.ENRR.MA,108.87890625
Kenya,KEN,2006,"School enrollment, primary, male (% gross)",SE.PRM.ENRR.MA,103.11669921875
Kenya,KEN,2005,"School enrollment, primary, male (% gross)",SE.PRM.ENRR.MA,106.240646362305
Kenya,KEN,2004,"School enrollment, primary, male (% gross)",SE.PRM.ENRR.MA,107.252471923828
Kenya,KEN,2003,"School enrollment, primary, male (% gross)",SE.PRM.ENRR.MA,106.943092346191
Kenya,KEN,2002,"School enrollment, primary, male (% gross)",SE.PRM.ENRR.MA,91.9996871948242
Kenya,KEN,2001,"School enrollment, primary, male (% gross)",SE.PRM.ENRR.MA,96.5659484863281
Kenya,KEN,2000,"School enrollment, primary, male (% gross)",SE.PRM.ENRR.MA,95.4006500244141
Kenya,KEN,1999,"School enrollment, primary, male (% gross)",SE.PRM.ENRR.MA,92.4459228515625
Kenya,KEN,1998,"School enrollment, primary, male (% gross)",SE.PRM.ENRR.MA,94.2660293579102
Kenya,KEN,1995,"School enrollment, primary, male (% gross)",SE.PRM.ENRR.MA,94.5233383178711
Kenya,KEN,1994,"School enrollment, primary, male (% gross)",SE.PRM.ENRR.MA,97.438850402832
Kenya,KEN,1993,"School enrollment, primary, male (% gross)",SE.PRM.ENRR.MA,101.880340576172
Kenya,KEN,1992,"School enrollment, primary, male (% gross)",SE.PRM.ENRR.MA,103.377952575684
Kenya,KEN,1991,"School enrollment, primary, male (% gross)",SE.PRM.ENRR.MA,104.894973754883
Kenya,KEN,1990,"School enrollment, primary, male (% gross)",SE.PRM.ENRR.MA,107.459686279297
Kenya,KEN,1989,"School enrollment, primary, male (% gross)",SE.PRM.ENRR.MA,111.241928100586
Kenya,KEN,1988,"School enrollment, primary, male (% gross)",SE.PRM.ENRR.MA,110.18229675293
Kenya,KEN,1987,"School enrollment, primary, male (% gross)",SE.PRM.ENRR.MA,112.496078491211
Kenya,KEN,1986,"School enrollment, primary, male (% gross)",SE.PRM.ENRR.MA,112.789886474609
Kenya,KEN,1985,"School enrollment, primary, male (% gross)",SE.PRM.ENRR.MA,112.438919067383
Kenya,KEN,1984,"School enrollment, primary, male (% gross)",SE.PRM.ENRR.MA,117.528938293457
Kenya,KEN,1983,"School enrollment, primary, male (% gross)",SE.PRM.ENRR.MA,121.882926940918
Kenya,KEN,1982,"School enrollment, primary, male (% gross)",SE.PRM.ENRR.MA,121.51261138916
Kenya,KEN,1981,"School enrollment, primary, male (% gross)",SE.PRM.ENRR.MA,118.943290710449
Kenya,KEN,1980,"School enrollment, primary, male (% gross)",SE.PRM.ENRR.MA,121.956207275391
Kenya,KEN,1979,"School enrollment, primary, male (% gross)",SE.PRM.ENRR.MA,121.023338317871
Kenya,KEN,1978,"School enrollment, primary, male (% gross)",SE.PRM.ENRR.MA,100.750679016113
Kenya,KEN,1977,"School enrollment, primary, male (% gross)",SE.PRM.ENRR.MA,104.594467163086
Kenya,KEN,1976,"School enrollment, primary, male (% gross)",SE.PRM.ENRR.MA,105.337013244629
Kenya,KEN,1975,"School enrollment, primary, male (% gross)",SE.PRM.ENRR.MA,110.324241638184
Kenya,KEN,1974,"School enrollment, primary, male (% gross)",SE.PRM.ENRR.MA,109.302337646484
Kenya,KEN,1973,"School enrollment, primary, male (% gross)",SE.PRM.ENRR.MA,75.5888366699219
Kenya,KEN,1972,"School enrollment, primary, male (% gross)",SE.PRM.ENRR.MA,73.4607620239258
Kenya,KEN,1971,"School enrollment, primary, male (% gross)",SE.PRM.ENRR.MA,70.0282516479492
Kenya,KEN,1970,"School enrollment, primary, male (% gross)",SE.PRM.ENRR.MA,69.3409118652344
Kenya,KEN,2016,"Gross intake ratio in first grade of primary education, female (% of relevant age group)",SE.PRM.GINT.FE.ZS,92.29409
Kenya,KEN,2015,"Gross intake ratio in first grade of primary education, female (% of relevant age group)",SE.PRM.GINT.FE.ZS,93.21079
Kenya,KEN,2014,"Gross intake ratio in first grade of primary education, female (% of relevant age group)",SE.PRM.GINT.FE.ZS,94.67114
Kenya,KEN,2005,"Gross intake ratio in first grade of primary education, female (% of relevant age group)",SE.PRM.GINT.FE.ZS,97.73954
Kenya,KEN,2004,"Gross intake ratio in first grade of primary education, female (% of relevant age group)",SE.PRM.GINT.FE.ZS,105.69607
Kenya,KEN,1999,"Gross intake ratio in first grade of primary education, female (% of relevant age group)",SE.PRM.GINT.FE.ZS,95.02571
Kenya,KEN,1998,"Gross intake ratio in first grade of primary education, female (% of relevant age group)",SE.PRM.GINT.FE.ZS,97.25798
Kenya,KEN,1981,"Gross intake ratio in first grade of primary education, female (% of relevant age group)",SE.PRM.GINT.FE.ZS,119.50906
Kenya,KEN,1980,"Gross intake ratio in first grade of primary education, female (% of relevant age group)",SE.PRM.GINT.FE.ZS,134.68466
Kenya,KEN,1978,"Gross intake ratio in first grade of primary education, female (% of relevant age group)",SE.PRM.GINT.FE.ZS,101.93206
Kenya,KEN,1977,"Gross intake ratio in first grade of primary education, female (% of relevant age group)",SE.PRM.GINT.FE.ZS,108.11533
Kenya,KEN,1973,"Gross intake ratio in first grade of primary education, female (% of relevant age group)",SE.PRM.GINT.FE.ZS,78.85305
Kenya,KEN,1972,"Gross intake ratio in first grade of primary education, female (% of relevant age group)",SE.PRM.GINT.FE.ZS,76.14317
Kenya,KEN,1971,"Gross intake ratio in first grade of primary education, female (% of relevant age group)",SE.PRM.GINT.FE.ZS,66.98016
Kenya,KEN,1970,"Gross intake ratio in first grade of primary education, female (% of relevant age group)",SE.PRM.GINT.FE.ZS,67.61737
Kenya,KEN,2016,"Gross intake ratio in first grade of primary education, male (% of relevant age group)",SE.PRM.GINT.MA.ZS,95.79838
Kenya,KEN,2015,"Gross intake ratio in first grade of primary education, male (% of relevant age group)",SE.PRM.GINT.MA.ZS,96.93269
Kenya,KEN,2014,"Gross intake ratio in first grade of primary education, male (% of relevant age group)",SE.PRM.GINT.MA.ZS,97.81846
Kenya,KEN,2005,"Gross intake ratio in first grade of primary education, male (% of relevant age group)",SE.PRM.GINT.MA.ZS,101.80374
Kenya,KEN,2004,"Gross intake ratio in first grade of primary education, male (% of relevant age group)",SE.PRM.GINT.MA.ZS,110.80748
Kenya,KEN,1999,"Gross intake ratio in first grade of primary education, male (% of relevant age group)",SE.PRM.GINT.MA.ZS,98.45645
Kenya,KEN,1998,"Gross intake ratio in first grade of primary education, male (% of relevant age group)",SE.PRM.GINT.MA.ZS,102.48958
Kenya,KEN,1981,"Gross intake ratio in first grade of primary education, male (% of relevant age group)",SE.PRM.GINT.MA.ZS,126.09497
Kenya,KEN,1980,"Gross intake ratio in first grade of primary education, male (% of relevant age group)",SE.PRM.GINT.MA.ZS,141.28047
Kenya,KEN,1978,"Gross intake ratio in first grade of primary education, male (% of relevant age group)",SE.PRM.GINT.MA.ZS,114.4545
Kenya,KEN,1977,"Gross intake ratio in first grade of primary education, male (% of relevant age group)",SE.PRM.GINT.MA.ZS,120.7221
Kenya,KEN,1973,"Gross intake ratio in first grade of primary education, male (% of relevant age group)",SE.PRM.GINT.MA.ZS,95.12986
Kenya,KEN,1972,"Gross intake ratio in first grade of primary education, male (% of relevant age group)",SE.PRM.GINT.MA.ZS,94.60942
Kenya,KEN,1971,"Gross intake ratio in first grade of primary education, male (% of relevant age group)",SE.PRM.GINT.MA.ZS,85.10367
Kenya,KEN,1970,"Gross intake ratio in first grade of primary education, male (% of relevant age group)",SE.PRM.GINT.MA.ZS,85.76587
Kenya,KEN,2012,"School enrollment, primary, female (% net)",SE.PRM.NENR.FE,81.68963
Kenya,KEN,2009,"School enrollment, primary, female (% net)",SE.PRM.NENR.FE,76.39434
Kenya,KEN,2008,"School enrollment, primary, female (% net)",SE.PRM.NENR.FE,75.20878
Kenya,KEN,2007,"School enrollment, primary, female (% net)",SE.PRM.NENR.FE,78.46248
Kenya,KEN,2006,"School enrollment, primary, female (% net)",SE.PRM.NENR.FE,69.1752
Kenya,KEN,2005,"School enrollment, primary, female (% net)",SE.PRM.NENR.FE,69.72363
Kenya,KEN,2004,"School enrollment, primary, female (% net)",SE.PRM.NENR.FE,68.90299
Kenya,KEN,2003,"School enrollment, primary, female (% net)",SE.PRM.NENR.FE,70.49688
Kenya,KEN,2002,"School enrollment, primary, female (% net)",SE.PRM.NENR.FE,59.61142
Kenya,KEN,2001,"School enrollment, primary, female (% net)",SE.PRM.NENR.FE,65.35426
Kenya,KEN,2000,"School enrollment, primary, female (% net)",SE.PRM.NENR.FE,64.41405
Kenya,KEN,1999,"School enrollment, primary, female (% net)",SE.PRM.NENR.FE,61.17905
Kenya,KEN,2012,"School enrollment, primary, male (% net)",SE.PRM.NENR.MA,78.2704
Kenya,KEN,2009,"School enrollment, primary, male (% net)",SE.PRM.NENR.MA,75.50218
Kenya,KEN,2008,"School enrollment, primary, male (% net)",SE.PRM.NENR.MA,74.30517
Kenya,KEN,2007,"School enrollment, primary, male (% net)",SE.PRM.NENR.MA,78.58095
Kenya,KEN,2006,"School enrollment, primary, male (% net)",SE.PRM.NENR.MA,68.21393
Kenya,KEN,2005,"School enrollment, primary, male (% net)",SE.PRM.NENR.MA,69.45444
Kenya,KEN,2004,"School enrollment, primary, male (% net)",SE.PRM.NENR.MA,69.07731
Kenya,KEN,2003,"School enrollment, primary, male (% net)",SE.PRM.NENR.MA,70.81355
Kenya,KEN,2002,"School enrollment, primary, male (% net)",SE.PRM.NENR.MA,59.4928
Kenya,KEN,2001,"School enrollment, primary, male (% net)",SE.PRM.NENR.MA,64.2926
Kenya,KEN,2000,"School enrollment, primary, male (% net)",SE.PRM.NENR.MA,63.00509
Kenya,KEN,1999,"School enrollment, primary, male (% net)",SE.PRM.NENR.MA,60.80676
Kenya,KEN,1999,"Net intake rate in grade 1, female (% of official school-age population)",SE.PRM.NINT.FE.ZS,27.81663
Kenya,KEN,1999,"Net intake rate in grade 1, male (% of official school-age population)",SE.PRM.NINT.MA.ZS,25.89009
Kenya,KEN,2004,"Persistence to grade 5, female (% of cohort)",SE.PRM.PRS5.FE.ZS,82.7631301879883
Kenya,KEN,2003,"Persistence to grade 5, female (% of cohort)",SE.PRM.PRS5.FE.ZS,73.9614181518555
Kenya,KEN,1980,"Persistence to grade 5, female (% of cohort)",SE.PRM.PRS5.FE.ZS,61.927921295166
Kenya,KEN,1979,"Persistence to grade 5, female (% of cohort)",SE.PRM.PRS5.FE.ZS,68.3765182495117
Kenya,KEN,1977,"Persistence to grade 5, female (% of cohort)",SE.PRM.PRS5.FE.ZS,56.958309173584
Kenya,KEN,1976,"Persistence to grade 5, female (% of cohort)",SE.PRM.PRS5.FE.ZS,61.4394989013672
Kenya,KEN,1972,"Persistence to grade 5, female (% of cohort)",SE.PRM.PRS5.FE.ZS,78.5647888183594
Kenya,KEN,1971,"Persistence to grade 5, female (% of cohort)",SE.PRM.PRS5.FE.ZS,78.5170211791992
Kenya,KEN,1970,"Persistence to grade 5, female (% of cohort)",SE.PRM.PRS5.FE.ZS,75.6674575805664
Kenya,KEN,2004,"Persistence to grade 5, male (% of cohort)",SE.PRM.PRS5.MA.ZS,78.6230773925781
Kenya,KEN,2003,"Persistence to grade 5, male (% of cohort)",SE.PRM.PRS5.MA.ZS,76.6126480102539
Kenya,KEN,1980,"Persistence to grade 5, male (% of cohort)",SE.PRM.PRS5.MA.ZS,59.5804405212402
Kenya,KEN,1979,"Persistence to grade 5, male (% of cohort)",SE.PRM.PRS5.MA.ZS,66.8971786499023
Kenya,KEN,1977,"Persistence to grade 5, male (% of cohort)",SE.PRM.PRS5.MA.ZS,56.8045082092285
Kenya,KEN,1976,"Persistence to grade 5, male (% of cohort)",SE.PRM.PRS5.MA.ZS,61.8854293823242
Kenya,KEN,1972,"Persistence to grade 5, male (% of cohort)",SE.PRM.PRS5.MA.ZS,76.8198394775391
Kenya,KEN,1971,"Persistence to grade 5, male (% of cohort)",SE.PRM.PRS5.MA.ZS,80.412109375
Kenya,KEN,1970,"Persistence to grade 5, male (% of cohort)",SE.PRM.PRS5.MA.ZS,72.5406723022461
Kenya,KEN,2003,"Persistence to last grade of primary, female (% of cohort)",SE.PRM.PRSL.FE.ZS,71.4037933349609
Kenya,KEN,1980,"Persistence to last grade of primary, female (% of cohort)",SE.PRM.PRSL.FE.ZS,60.7411613464355
Kenya,KEN,1979,"Persistence to last grade of primary, female (% of cohort)",SE.PRM.PRSL.FE.ZS,65.5536575317383
Kenya,KEN,1977,"Persistence to last grade of primary, female (% of cohort)",SE.PRM.PRSL.FE.ZS,49.4884986877441
Kenya,KEN,1976,"Persistence to last grade of primary, female (% of cohort)",SE.PRM.PRSL.FE.ZS,56.7525787353516
Kenya,KEN,2003,"Persistence to last grade of primary, male (% of cohort)",SE.PRM.PRSL.MA.ZS,74.0131301879883
Kenya,KEN,1980,"Persistence to last grade of primary, male (% of cohort)",SE.PRM.PRSL.MA.ZS,58.5595588684082
Kenya,KEN,1979,"Persistence to last grade of primary, male (% of cohort)",SE.PRM.PRSL.MA.ZS,65.6368865966797
Kenya,KEN,1977,"Persistence to last grade of primary, male (% of cohort)",SE.PRM.PRSL.MA.ZS,50.5808410644531
Kenya,KEN,1976,"Persistence to last grade of primary, male (% of cohort)",SE.PRM.PRSL.MA.ZS,57.8527717590332
Kenya,KEN,2016,"Repeaters, primary, female (% of female enrollment)",SE.PRM.REPT.FE.ZS,2.69137
Kenya,KEN,2015,"Repeaters, primary, female (% of female enrollment)",SE.PRM.REPT.FE.ZS,3.18067
Kenya,KEN,2014,"Repeaters, primary, female (% of female enrollment)",SE.PRM.REPT.FE.ZS,4.74198
Kenya,KEN,2005,"Repeaters, primary, female (% of female enrollment)",SE.PRM.REPT.FE.ZS,5.6272
Kenya,KEN,2004,"Repeaters, primary, female (% of female enrollment)",SE.PRM.REPT.FE.ZS,5.64296
Kenya,KEN,1981,"Repeaters, primary, female (% of female enrollment)",SE.PRM.REPT.FE.ZS,13.13168
Kenya,KEN,1980,"Repeaters, primary, female (% of female enrollment)",SE.PRM.REPT.FE.ZS,12.8697
Kenya,KEN,1978,"Repeaters, primary, female (% of female enrollment)",SE.PRM.REPT.FE.ZS,6.18328
Kenya,KEN,1977,"Repeaters, primary, female (% of female enrollment)",SE.PRM.REPT.FE.ZS,5.72926
Kenya,KEN,1973,"Repeaters, primary, female (% of female enrollment)",SE.PRM.REPT.FE.ZS,4.17859
Kenya,KEN,1972,"Repeaters, primary, female (% of female enrollment)",SE.PRM.REPT.FE.ZS,4.0165
Kenya,KEN,1971,"Repeaters, primary, female (% of female enrollment)",SE.PRM.REPT.FE.ZS,3.80823
Kenya,KEN,1970,"Repeaters, primary, female (% of female enrollment)",SE.PRM.REPT.FE.ZS,3.71895
Kenya,KEN,2016,"Repeaters, primary, male (% of male enrollment)",SE.PRM.REPT.MA.ZS,3.17867
Kenya,KEN,2015,"Repeaters, primary, male (% of male enrollment)",SE.PRM.REPT.MA.ZS,3.64877
Kenya,KEN,2014,"Repeaters, primary, male (% of male enrollment)",SE.PRM.REPT.MA.ZS,5.48284
Kenya,KEN,2005,"Repeaters, primary, male (% of male enrollment)",SE.PRM.REPT.MA.ZS,6.01792
Kenya,KEN,2004,"Repeaters, primary, male (% of male enrollment)",SE.PRM.REPT.MA.ZS,6.03032
Kenya,KEN,1981,"Repeaters, primary, male (% of male enrollment)",SE.PRM.REPT.MA.ZS,13.25749
Kenya,KEN,1980,"Repeaters, primary, male (% of male enrollment)",SE.PRM.REPT.MA.ZS,12.93545
Kenya,KEN,1978,"Repeaters, primary, male (% of male enrollment)",SE.PRM.REPT.MA.ZS,6.10367
Kenya,KEN,1977,"Repeaters, primary, male (% of male enrollment)",SE.PRM.REPT.MA.ZS,5.55648
Kenya,KEN,1973,"Repeaters, primary, male (% of male enrollment)",SE.PRM.REPT.MA.ZS,3.98701
Kenya,KEN,1972,"Repeaters, primary, male (% of male enrollment)",SE.PRM.REPT.MA.ZS,3.76597
Kenya,KEN,1971,"Repeaters, primary, male (% of male enrollment)",SE.PRM.REPT.MA.ZS,3.55697
Kenya,KEN,1970,"Repeaters, primary, male (% of male enrollment)",SE.PRM.REPT.MA.ZS,3.6609
Kenya,KEN,2023,"Trained teachers in primary education, female (% of female teachers)",SE.PRM.TCAQ.FE.ZS,100
Kenya,KEN,2022,"Trained teachers in primary education, female (% of female teachers)",SE.PRM.TCAQ.FE.ZS,99.9961044526107
Kenya,KEN,2021,"Trained teachers in primary education, female (% of female teachers)",SE.PRM.TCAQ.FE.ZS,100
Kenya,KEN,2020,"Trained teachers in primary education, female (% of female teachers)",SE.PRM.TCAQ.FE.ZS,100
Kenya,KEN,2019,"Trained teachers in primary education, female (% of female teachers)",SE.PRM.TCAQ.FE.ZS,100
Kenya,KEN,2008,"Trained teachers in primary education, female (% of female teachers)",SE.PRM.TCAQ.FE.ZS,98.2909317016602
Kenya,KEN,2007,"Trained teachers in primary education, female (% of female teachers)",SE.PRM.TCAQ.FE.ZS,98.5596694946289
Kenya,KEN,2005,"Trained teachers in primary education, female (% of female teachers)",SE.PRM.TCAQ.FE.ZS,99.2364120483398
Kenya,KEN,2004,"Trained teachers in primary education, female (% of female teachers)",SE.PRM.TCAQ.FE.ZS,99.2104415893555
Kenya,KEN,2003,"Trained teachers in primary education, female (% of female teachers)",SE.PRM.TCAQ.FE.ZS,98.944221496582
Kenya,KEN,2023,"Trained teachers in primary education, male (% of male teachers)",SE.PRM.TCAQ.MA.ZS,100
Kenya,KEN,2022,"Trained teachers in primary education, male (% of male teachers)",SE.PRM.TCAQ.MA.ZS,94.4352323279546
Kenya,KEN,2021,"Trained teachers in primary education, male (% of male teachers)",SE.PRM.TCAQ.MA.ZS,100
Kenya,KEN,2020,"Trained teachers in primary education, male (% of male teachers)",SE.PRM.TCAQ.MA.ZS,100
Kenya,KEN,2019,"Trained teachers in primary education, male (% of male teachers)",SE.PRM.TCAQ.MA.ZS,100
Kenya,KEN,2008,"Trained teachers in primary education, male (% of male teachers)",SE.PRM.TCAQ.MA.ZS,98.5210876464844
Kenya,KEN,2007,"Trained teachers in primary education, male (% of male teachers)",SE.PRM.TCAQ.MA.ZS,98.8065032958984
Kenya,KEN,2005,"Trained teachers in primary education, male (% of male teachers)",SE.PRM.TCAQ.MA.ZS,98.661491394043
Kenya,KEN,2004,"Trained teachers in primary education, male (% of male teachers)",SE.PRM.TCAQ.MA.ZS,98.4748229980469
Kenya,KEN,2003,"Trained teachers in primary education, male (% of male teachers)",SE.PRM.TCAQ.MA.ZS,98.5200805664062
Kenya,KEN,2023,"Primary education, teachers (% female)",SE.PRM.TCHR.FE.ZS,60.4934280639432
Kenya,KEN,2022,"Primary education, teachers (% female)",SE.PRM.TCHR.FE.ZS,52.9432591202362
Kenya,KEN,2021,"Primary education, teachers (% female)",SE.PRM.TCHR.FE.ZS,53.9255771258798
Kenya,KEN,2020,"Primary education, teachers (% female)",SE.PRM.TCHR.FE.ZS,54.0416050262086
Kenya,KEN,2019,"Primary education, teachers (% female)",SE.PRM.TCHR.FE.ZS,53.2391052478196
Kenya,KEN,2016,"Primary education, teachers (% female)",SE.PRM.TCHR.FE.ZS,50.2812564973811
Kenya,KEN,2015,"Primary education, teachers (% female)",SE.PRM.TCHR.FE.ZS,50.2950316084115
Kenya,KEN,2014,"Primary education, teachers (% female)",SE.PRM.TCHR.FE.ZS,48.3556709289551
Kenya,KEN,2012,"Primary education, teachers (% female)",SE.PRM.TCHR.FE.ZS,47.9967998729027
Kenya,KEN,2009,"Primary education, teachers (% female)",SE.PRM.TCHR.FE.ZS,44.1467399597168
Kenya,KEN,2008,"Primary education, teachers (% female)",SE.PRM.TCHR.FE.ZS,45.5953102111816
Kenya,KEN,2007,"Primary education, teachers (% female)",SE.PRM.TCHR.FE.ZS,44.5996704101562
Kenya,KEN,2006,"Primary education, teachers (% female)",SE.PRM.TCHR.FE.ZS,44.7082290649414
Kenya,KEN,2005,"Primary education, teachers (% female)",SE.PRM.TCHR.FE.ZS,43.7911109924316
Kenya,KEN,2004,"Primary education, teachers (% female)",SE.PRM.TCHR.FE.ZS,44.3603096008301
Kenya,KEN,2003,"Primary education, teachers (% female)",SE.PRM.TCHR.FE.ZS,40.5324897766113
Kenya,KEN,2002,"Primary education, teachers (% female)",SE.PRM.TCHR.FE.ZS,40.9692993164062
Kenya,KEN,2001,"Primary education, teachers (% female)",SE.PRM.TCHR.FE.ZS,41.6472091674805
Kenya,KEN,2000,"Primary education, teachers (% female)",SE.PRM.TCHR.FE.ZS,41.7639617919922
Kenya,KEN,1999,"Primary education, teachers (% female)",SE.PRM.TCHR.FE.ZS,42.0054016113281
Kenya,KEN,1998,"Primary education, teachers (% female)",SE.PRM.TCHR.FE.ZS,41.915470123291
Kenya,KEN,2012,"Adjusted net enrollment rate, primary, female (% of primary school age children)",SE.PRM.TENR.FE,83.01955
Kenya,KEN,2009,"Adjusted net enrollment rate, primary, female (% of primary school age children)",SE.PRM.TENR.FE,77.55753
Kenya,KEN,2008,"Adjusted net enrollment rate, primary, female (% of primary school age children)",SE.PRM.TENR.FE,75.97899
Kenya,KEN,2007,"Adjusted net enrollment rate, primary, female (% of primary school age children)",SE.PRM.TENR.FE,79.14492
Kenya,KEN,2006,"Adjusted net enrollment rate, primary, female (% of primary school age children)",SE.PRM.TENR.FE,69.86542
Kenya,KEN,2005,"Adjusted net enrollment rate, primary, female (% of primary school age children)",SE.PRM.TENR.FE,70.3048
Kenya,KEN,2004,"Adjusted net enrollment rate, primary, female (% of primary school age children)",SE.PRM.TENR.FE,69.40619
Kenya,KEN,2003,"Adjusted net enrollment rate, primary, female (% of primary school age children)",SE.PRM.TENR.FE,71.21193
Kenya,KEN,2002,"Adjusted net enrollment rate, primary, female (% of primary school age children)",SE.PRM.TENR.FE,60.41683
Kenya,KEN,2001,"Adjusted net enrollment rate, primary, female (% of primary school age children)",SE.PRM.TENR.FE,66.14283
Kenya,KEN,2000,"Adjusted net enrollment rate, primary, female (% of primary school age children)",SE.PRM.TENR.FE,65.17959
Kenya,KEN,1999,"Adjusted net enrollment rate, primary, female (% of primary school age children)",SE.PRM.TENR.FE,61.91468
Kenya,KEN,2012,"Adjusted net enrollment rate, primary, male (% of primary school age children)",SE.PRM.TENR.MA,79.46592
Kenya,KEN,2009,"Adjusted net enrollment rate, primary, male (% of primary school age children)",SE.PRM.TENR.MA,76.58605
Kenya,KEN,2008,"Adjusted net enrollment rate, primary, male (% of primary school age children)",SE.PRM.TENR.MA,75.03379
Kenya,KEN,2007,"Adjusted net enrollment rate, primary, male (% of primary school age children)",SE.PRM.TENR.MA,79.27126
Kenya,KEN,2006,"Adjusted net enrollment rate, primary, male (% of primary school age children)",SE.PRM.TENR.MA,68.86507
Kenya,KEN,2005,"Adjusted net enrollment rate, primary, male (% of primary school age children)",SE.PRM.TENR.MA,70.11467
Kenya,KEN,2004,"Adjusted net enrollment rate, primary, male (% of primary school age children)",SE.PRM.TENR.MA,69.57229
Kenya,KEN,2003,"Adjusted net enrollment rate, primary, male (% of primary school age children)",SE.PRM.TENR.MA,71.34037
Kenya,KEN,2002,"Adjusted net enrollment rate, primary, male (% of primary school age children)",SE.PRM.TENR.MA,59.9456
Kenya,KEN,2001,"Adjusted net enrollment rate, primary, male (% of primary school age children)",SE.PRM.TENR.MA,64.74689
Kenya,KEN,2000,"Adjusted net enrollment rate, primary, male (% of primary school age children)",SE.PRM.TENR.MA,63.43949
Kenya,KEN,1999,"Adjusted net enrollment rate, primary, male (% of primary school age children)",SE.PRM.TENR.MA,61.22202
Kenya,KEN,2023,"Children out of school, primary, female",SE.PRM.UNER.FE,17499
Kenya,KEN,2022,"Children out of school, primary, female",SE.PRM.UNER.FE,1303452
Kenya,KEN,2021,"Children out of school, primary, female",SE.PRM.UNER.FE,1397657
Kenya,KEN,2012,"Children out of school, primary, female",SE.PRM.UNER.FE,570833
Kenya,KEN,2009,"Children out of school, primary, female",SE.PRM.UNER.FE,283464
Kenya,KEN,2008,"Children out of school, primary, female",SE.PRM.UNER.FE,314725
Kenya,KEN,2007,"Children out of school, primary, female",SE.PRM.UNER.FE,189633
Kenya,KEN,2006,"Children out of school, primary, female",SE.PRM.UNER.FE,470827
Kenya,KEN,2005,"Children out of school, primary, female",SE.PRM.UNER.FE,445904
Kenya,KEN,2004,"Children out of school, primary, female",SE.PRM.UNER.FE,476036
Kenya,KEN,2003,"Children out of school, primary, female",SE.PRM.UNER.FE,440350
Kenya,KEN,2002,"Children out of school, primary, female",SE.PRM.UNER.FE,892295
Kenya,KEN,2001,"Children out of school, primary, female",SE.PRM.UNER.FE,727493
Kenya,KEN,2000,"Children out of school, primary, female",SE.PRM.UNER.FE,914802
Kenya,KEN,1999,"Children out of school, primary, female",SE.PRM.UNER.FE,977167
Kenya,KEN,2023,"Children out of school, primary, male",SE.PRM.UNER.MA,386718
Kenya,KEN,2022,"Children out of school, primary, male",SE.PRM.UNER.MA,1400982
Kenya,KEN,2021,"Children out of school, primary, male",SE.PRM.UNER.MA,1599092
Kenya,KEN,2012,"Children out of school, primary, male",SE.PRM.UNER.MA,678224
Kenya,KEN,2009,"Children out of school, primary, male",SE.PRM.UNER.MA,222137
Kenya,KEN,2008,"Children out of school, primary, male",SE.PRM.UNER.MA,287042
Kenya,KEN,2007,"Children out of school, primary, male",SE.PRM.UNER.MA,121976
Kenya,KEN,2006,"Children out of school, primary, male",SE.PRM.UNER.MA,443747
Kenya,KEN,2005,"Children out of school, primary, male",SE.PRM.UNER.MA,415252
Kenya,KEN,2004,"Children out of school, primary, male",SE.PRM.UNER.MA,432599
Kenya,KEN,2003,"Children out of school, primary, male",SE.PRM.UNER.MA,397175
Kenya,KEN,2002,"Children out of school, primary, male",SE.PRM.UNER.MA,721966
Kenya,KEN,2001,"Children out of school, primary, male",SE.PRM.UNER.MA,742799
Kenya,KEN,2000,"Children out of school, primary, male",SE.PRM.UNER.MA,952352
Kenya,KEN,1999,"Children out of school, primary, male",SE.PRM.UNER.MA,986634
Kenya,KEN,2024,"Educational attainment, at least completed lower secondary, population 25+, female (%) (cumulative)",SE.SEC.CUAT.LO.FE.ZS,61.7885284423828
Kenya,KEN,2022,"Educational attainment, at least completed lower secondary, population 25+, female (%) (cumulative)",SE.SEC.CUAT.LO.FE.ZS,59.4716987609863
Kenya,KEN,2021,"Educational attainment, at least completed lower secondary, population 25+, female (%) (cumulative)",SE.SEC.CUAT.LO.FE.ZS,57.7435417175293
Kenya,KEN,2020,"Educational attainment, at least completed lower secondary, population 25+, female (%) (cumulative)",SE.SEC.CUAT.LO.FE.ZS,54.5940284729004
Kenya,KEN,2019,"Educational attainment, at least completed lower secondary, population 25+, female (%) (cumulative)",SE.SEC.CUAT.LO.FE.ZS,35.5934982299805
Kenya,KEN,2010,"Educational attainment, at least completed lower secondary, population 25+, female (%) (cumulative)",SE.SEC.CUAT.LO.FE.ZS,25.4981994628906
Kenya,KEN,2009,"Educational attainment, at least completed lower secondary, population 25+, female (%) (cumulative)",SE.SEC.CUAT.LO.FE.ZS,27.7154693603516
Kenya,KEN,1979,"Educational attainment, at least completed lower secondary, population 25+, female (%) (cumulative)",SE.SEC.CUAT.LO.FE.ZS,4
Kenya,KEN,2024,"Educational attainment, at least completed lower secondary, population 25+, male (%) (cumulative)",SE.SEC.CUAT.LO.MA.ZS,70.7930603027344
Kenya,KEN,2022,"Educational attainment, at least completed lower secondary, population 25+, male (%) (cumulative)",SE.SEC.CUAT.LO.MA.ZS,69.4977035522461
Kenya,KEN,2021,"Educational attainment, at least completed lower secondary, population 25+, male (%) (cumulative)",SE.SEC.CUAT.LO.MA.ZS,68.6662368774414
Kenya,KEN,2020,"Educational attainment, at least completed lower secondary, population 25+, male (%) (cumulative)",SE.SEC.CUAT.LO.MA.ZS,63.494701385498
Kenya,KEN,2019,"Educational attainment, at least completed lower secondary, population 25+, male (%) (cumulative)",SE.SEC.CUAT.LO.MA.ZS,44.3334693908691
Kenya,KEN,2010,"Educational attainment, at least completed lower secondary, population 25+, male (%) (cumulative)",SE.SEC.CUAT.LO.MA.ZS,32.3442993164062
Kenya,KEN,2009,"Educational attainment, at least completed lower secondary, population 25+, male (%) (cumulative)",SE.SEC.CUAT.LO.MA.ZS,38.3775215148926
Kenya,KEN,1979,"Educational attainment, at least completed lower secondary, population 25+, male (%) (cumulative)",SE.SEC.CUAT.LO.MA.ZS,14.545599937439
Kenya,KEN,2024,"Educational attainment, at least completed lower secondary, population 25+, total (%) (cumulative)",SE.SEC.CUAT.LO.ZS,66.0077285766602
Kenya,KEN,2022,"Educational attainment, at least completed lower secondary, population 25+, total (%) (cumulative)",SE.SEC.CUAT.LO.ZS,64.2622604370117
Kenya,KEN,2021,"Educational attainment, at least completed lower secondary, population 25+, total (%) (cumulative)",SE.SEC.CUAT.LO.ZS,62.8498992919922
Kenya,KEN,2020,"Educational attainment, at least completed lower secondary, population 25+, total (%) (cumulative)",SE.SEC.CUAT.LO.ZS,58.7556991577148
Kenya,KEN,2019,"Educational attainment, at least completed lower secondary, population 25+, total (%) (cumulative)",SE.SEC.CUAT.LO.ZS,39.8350410461426
Kenya,KEN,2010,"Educational attainment, at least completed lower secondary, population 25+, total (%) (cumulative)",SE.SEC.CUAT.LO.ZS,29.0737495422363
Kenya,KEN,2009,"Educational attainment, at least completed lower secondary, population 25+, total (%) (cumulative)",SE.SEC.CUAT.LO.ZS,32.9115982055664
Kenya,KEN,1979,"Educational attainment, at least completed lower secondary, population 25+, total (%) (cumulative)",SE.SEC.CUAT.LO.ZS,9.19999980926514
Kenya,KEN,2022,"Educational attainment, at least completed post-secondary, population 25+, female (%) (cumulative)",SE.SEC.CUAT.PO.FE.ZS,4.68180097451033
Kenya,KEN,2021,"Educational attainment, at least completed post-secondary, population 25+, female (%) (cumulative)",SE.SEC.CUAT.PO.FE.ZS,5.19815200560914
Kenya,KEN,2019,"Educational attainment, at least completed post-secondary, population 25+, female (%) (cumulative)",SE.SEC.CUAT.PO.FE.ZS,14.0436000823975
Kenya,KEN,2010,"Educational attainment, at least completed post-secondary, population 25+, female (%) (cumulative)",SE.SEC.CUAT.PO.FE.ZS,6.75700998306274
Kenya,KEN,2009,"Educational attainment, at least completed post-secondary, population 25+, female (%) (cumulative)",SE.SEC.CUAT.PO.FE.ZS,6.33553981781006
Kenya,KEN,1979,"Educational attainment, at least completed post-secondary, population 25+, female (%) (cumulative)",SE.SEC.CUAT.PO.FE.ZS,0.600000023841858
Kenya,KEN,2022,"Educational attainment, at least completed post-secondary, population 25+, male (%) (cumulative)",SE.SEC.CUAT.PO.MA.ZS,8.28751358869422
Kenya,KEN,2021,"Educational attainment, at least completed post-secondary, population 25+, male (%) (cumulative)",SE.SEC.CUAT.PO.MA.ZS,8.42582007671015
Kenya,KEN,2019,"Educational attainment, at least completed post-secondary, population 25+, male (%) (cumulative)",SE.SEC.CUAT.PO.MA.ZS,17.4007205963135
Kenya,KEN,2010,"Educational attainment, at least completed post-secondary, population 25+, male (%) (cumulative)",SE.SEC.CUAT.PO.MA.ZS,8.99003982543945
Kenya,KEN,2009,"Educational attainment, at least completed post-secondary, population 25+, male (%) (cumulative)",SE.SEC.CUAT.PO.MA.ZS,9.19379997253418
Kenya,KEN,1979,"Educational attainment, at least completed post-secondary, population 25+, male (%) (cumulative)",SE.SEC.CUAT.PO.MA.ZS,2.01959991455078
Kenya,KEN,2022,"Educational attainment, at least completed post-secondary, population 25+, total (%) (cumulative)",SE.SEC.CUAT.PO.ZS,6.45325036633398
Kenya,KEN,2021,"Educational attainment, at least completed post-secondary, population 25+, total (%) (cumulative)",SE.SEC.CUAT.PO.ZS,6.70422831785396
Kenya,KEN,2019,"Educational attainment, at least completed post-secondary, population 25+, total (%) (cumulative)",SE.SEC.CUAT.PO.ZS,15.6728200912476
Kenya,KEN,2010,"Educational attainment, at least completed post-secondary, population 25+, total (%) (cumulative)",SE.SEC.CUAT.PO.ZS,7.9232702255249
Kenya,KEN,2009,"Educational attainment, at least completed post-secondary, population 25+, total (%) (cumulative)",SE.SEC.CUAT.PO.ZS,7.7285099029541
Kenya,KEN,1979,"Educational attainment, at least completed post-secondary, population 25+, total (%) (cumulative)",SE.SEC.CUAT.PO.ZS,1.29999995231628
Kenya,KEN,2024,"Educational attainment, at least completed upper secondary, population 25+, female (%) (cumulative)",SE.SEC.CUAT.UP.FE.ZS,34.3142204284668
Kenya,KEN,2022,"Educational attainment, at least completed upper secondary, population 25+, female (%) (cumulative)",SE.SEC.CUAT.UP.FE.ZS,30.7101497650146
Kenya,KEN,2021,"Educational attainment, at least completed upper secondary, population 25+, female (%) (cumulative)",SE.SEC.CUAT.UP.FE.ZS,31.2437400817871
Kenya,KEN,2020,"Educational attainment, at least completed upper secondary, population 25+, female (%) (cumulative)",SE.SEC.CUAT.UP.FE.ZS,23.9990100860596
Kenya,KEN,2019,"Educational attainment, at least completed upper secondary, population 25+, female (%) (cumulative)",SE.SEC.CUAT.UP.FE.ZS,29.8584098815918
Kenya,KEN,2010,"Educational attainment, at least completed upper secondary, population 25+, female (%) (cumulative)",SE.SEC.CUAT.UP.FE.ZS,18.00119972229
Kenya,KEN,2009,"Educational attainment, at least completed upper secondary, population 25+, female (%) (cumulative)",SE.SEC.CUAT.UP.FE.ZS,21.9236392974854
Kenya,KEN,2005,"Educational attainment, at least completed upper secondary, population 25+, female (%) (cumulative)",SE.SEC.CUAT.UP.FE.ZS,17.8209851081355
Kenya,KEN,1999,"Educational attainment, at least completed upper secondary, population 25+, female (%) (cumulative)",SE.SEC.CUAT.UP.FE.ZS,21.8095368501878
Kenya,KEN,2024,"Educational attainment, at least completed upper secondary, population 25+, male (%) (cumulative)",SE.SEC.CUAT.UP.MA.ZS,44.8274612426758
Kenya,KEN,2022,"Educational attainment, at least completed upper secondary, population 25+, male (%) (cumulative)",SE.SEC.CUAT.UP.MA.ZS,42.9805107116699
Kenya,KEN,2021,"Educational attainment, at least completed upper secondary, population 25+, male (%) (cumulative)",SE.SEC.CUAT.UP.MA.ZS,42.6846084594727
Kenya,KEN,2020,"Educational attainment, at least completed upper secondary, population 25+, male (%) (cumulative)",SE.SEC.CUAT.UP.MA.ZS,35.4971694946289
Kenya,KEN,2019,"Educational attainment, at least completed upper secondary, population 25+, male (%) (cumulative)",SE.SEC.CUAT.UP.MA.ZS,39.4497604370117
Kenya,KEN,2010,"Educational attainment, at least completed upper secondary, population 25+, male (%) (cumulative)",SE.SEC.CUAT.UP.MA.ZS,25.7124691009521
Kenya,KEN,2009,"Educational attainment, at least completed upper secondary, population 25+, male (%) (cumulative)",SE.SEC.CUAT.UP.MA.ZS,32.4554290771484
Kenya,KEN,2005,"Educational attainment, at least completed upper secondary, population 25+, male (%) (cumulative)",SE.SEC.CUAT.UP.MA.ZS,28.8749265403236
Kenya,KEN,1999,"Educational attainment, at least completed upper secondary, population 25+, male (%) (cumulative)",SE.SEC.CUAT.UP.MA.ZS,38.2543525700609
Kenya,KEN,2024,"Educational attainment, at least completed upper secondary, population 25+, total (%) (cumulative)",SE.SEC.CUAT.UP.ZS,39.2403411865234
Kenya,KEN,2022,"Educational attainment, at least completed upper secondary, population 25+, total (%) (cumulative)",SE.SEC.CUAT.UP.ZS,36.5730895996094
Kenya,KEN,2021,"Educational attainment, at least completed upper secondary, population 25+, total (%) (cumulative)",SE.SEC.CUAT.UP.ZS,36.5923385620117
Kenya,KEN,2020,"Educational attainment, at least completed upper secondary, population 25+, total (%) (cumulative)",SE.SEC.CUAT.UP.ZS,29.3751792907715
Kenya,KEN,2019,"Educational attainment, at least completed upper secondary, population 25+, total (%) (cumulative)",SE.SEC.CUAT.UP.ZS,34.5131301879883
Kenya,KEN,2010,"Educational attainment, at least completed upper secondary, population 25+, total (%) (cumulative)",SE.SEC.CUAT.UP.ZS,22.0286102294922
Kenya,KEN,2009,"Educational attainment, at least completed upper secondary, population 25+, total (%) (cumulative)",SE.SEC.CUAT.UP.ZS,27.0562896728516
Kenya,KEN,2005,"Educational attainment, at least completed upper secondary, population 25+, total (%) (cumulative)",SE.SEC.CUAT.UP.ZS,23.1419269023706
Kenya,KEN,1999,"Educational attainment, at least completed upper secondary, population 25+, total (%) (cumulative)",SE.SEC.CUAT.UP.ZS,29.8201760901649
Kenya,KEN,2009,"Secondary education, pupils (% female)",SE.SEC.ENRL.FE.ZS,47.26429
Kenya,KEN,2008,"Secondary education, pupils (% female)",SE.SEC.ENRL.FE.ZS,47.60423
Kenya,KEN,2007,"Secondary education, pupils (% female)",SE.SEC.ENRL.FE.ZS,46.45315
Kenya,KEN,2006,"Secondary education, pupils (% female)",SE.SEC.ENRL.FE.ZS,48.08927
Kenya,KEN,2005,"Secondary education, pupils (% female)",SE.SEC.ENRL.FE.ZS,48.62136
Kenya,KEN,2004,"Secondary education, pupils (% female)",SE.SEC.ENRL.FE.ZS,48.07381
Kenya,KEN,2003,"Secondary education, pupils (% female)",SE.SEC.ENRL.FE.ZS,50.3953
Kenya,KEN,2002,"Secondary education, pupils (% female)",SE.SEC.ENRL.FE.ZS,48.66825
Kenya,KEN,2001,"Secondary education, pupils (% female)",SE.SEC.ENRL.FE.ZS,48.22055
Kenya,KEN,2000,"Secondary education, pupils (% female)",SE.SEC.ENRL.FE.ZS,48.53552
Kenya,KEN,1999,"Secondary education, pupils (% female)",SE.SEC.ENRL.FE.ZS,48.6716
Kenya,KEN,1988,"Secondary education, pupils (% female)",SE.SEC.ENRL.FE.ZS,44.436
Kenya,KEN,1987,"Secondary education, pupils (% female)",SE.SEC.ENRL.FE.ZS,44.21726
Kenya,KEN,1986,"Secondary education, pupils (% female)",SE.SEC.ENRL.FE.ZS,44.01394
Kenya,KEN,1985,"Secondary education, pupils (% female)",SE.SEC.ENRL.FE.ZS,42.92949
Kenya,KEN,1984,"Secondary education, pupils (% female)",SE.SEC.ENRL.FE.ZS,42.95298
Kenya,KEN,1983,"Secondary education, pupils (% female)",SE.SEC.ENRL.FE.ZS,41.91612
Kenya,KEN,1982,"Secondary education, pupils (% female)",SE.SEC.ENRL.FE.ZS,41.7505
Kenya,KEN,1981,"Secondary education, pupils (% female)",SE.SEC.ENRL.FE.ZS,41.99775
Kenya,KEN,1980,"Secondary education, pupils (% female)",SE.SEC.ENRL.FE.ZS,41.4604
Kenya,KEN,1975,"Secondary education, pupils (% female)",SE.SEC.ENRL.FE.ZS,37.19556
Kenya,KEN,1974,"Secondary education, pupils (% female)",SE.SEC.ENRL.FE.ZS,35.80459
Kenya,KEN,1973,"Secondary education, pupils (% female)",SE.SEC.ENRL.FE.ZS,34.8687
Kenya,KEN,1972,"Secondary education, pupils (% female)",SE.SEC.ENRL.FE.ZS,33.87318
Kenya,KEN,1971,"Secondary education, pupils (% female)",SE.SEC.ENRL.FE.ZS,32.38177
Kenya,KEN,1970,"Secondary education, pupils (% female)",SE.SEC.ENRL.FE.ZS,31.4358
Kenya,KEN,2016,"Secondary education, general pupils (% female)",SE.SEC.ENRL.GC.FE.ZS,49.24409
Kenya,KEN,2015,"Secondary education, general pupils (% female)",SE.SEC.ENRL.GC.FE.ZS,48.47487
Kenya,KEN,2014,"Secondary education, general pupils (% female)",SE.SEC.ENRL.GC.FE.ZS,48.93913
Kenya,KEN,2012,"Secondary education, general pupils (% female)",SE.SEC.ENRL.GC.FE.ZS,47.96194
Kenya,KEN,2009,"Secondary education, general pupils (% female)",SE.SEC.ENRL.GC.FE.ZS,47.21243
Kenya,KEN,2008,"Secondary education, general pupils (% female)",SE.SEC.ENRL.GC.FE.ZS,47.49355
Kenya,KEN,2007,"Secondary education, general pupils (% female)",SE.SEC.ENRL.GC.FE.ZS,46.31011
Kenya,KEN,2006,"Secondary education, general pupils (% female)",SE.SEC.ENRL.GC.FE.ZS,47.96538
Kenya,KEN,2005,"Secondary education, general pupils (% female)",SE.SEC.ENRL.GC.FE.ZS,48.59599
Kenya,KEN,2004,"Secondary education, general pupils (% female)",SE.SEC.ENRL.GC.FE.ZS,48.11744
Kenya,KEN,2003,"Secondary education, general pupils (% female)",SE.SEC.ENRL.GC.FE.ZS,50.51428
Kenya,KEN,2002,"Secondary education, general pupils (% female)",SE.SEC.ENRL.GC.FE.ZS,48.79914
Kenya,KEN,2001,"Secondary education, general pupils (% female)",SE.SEC.ENRL.GC.FE.ZS,48.36744
Kenya,KEN,2000,"Secondary education, general pupils (% female)",SE.SEC.ENRL.GC.FE.ZS,48.62755
Kenya,KEN,1999,"Secondary education, general pupils (% female)",SE.SEC.ENRL.GC.FE.ZS,48.72285
Kenya,KEN,1998,"Secondary education, general pupils (% female)",SE.SEC.ENRL.GC.FE.ZS,48.75464
Kenya,KEN,1995,"Secondary education, general pupils (% female)",SE.SEC.ENRL.GC.FE.ZS,48.47509
Kenya,KEN,1994,"Secondary education, general pupils (% female)",SE.SEC.ENRL.GC.FE.ZS,47.85522
Kenya,KEN,1993,"Secondary education, general pupils (% female)",SE.SEC.ENRL.GC.FE.ZS,47.1916
Kenya,KEN,1992,"Secondary education, general pupils (% female)",SE.SEC.ENRL.GC.FE.ZS,46.56166
Kenya,KEN,1991,"Secondary education, general pupils (% female)",SE.SEC.ENRL.GC.FE.ZS,46.05854
Kenya,KEN,1990,"Secondary education, general pupils (% female)",SE.SEC.ENRL.GC.FE.ZS,45.89401
Kenya,KEN,1989,"Secondary education, general pupils (% female)",SE.SEC.ENRL.GC.FE.ZS,44.96389
Kenya,KEN,1988,"Secondary education, general pupils (% female)",SE.SEC.ENRL.GC.FE.ZS,44.58868
Kenya,KEN,1987,"Secondary education, general pupils (% female)",SE.SEC.ENRL.GC.FE.ZS,44.36246
Kenya,KEN,1986,"Secondary education, general pupils (% female)",SE.SEC.ENRL.GC.FE.ZS,44.18269
Kenya,KEN,1985,"Secondary education, general pupils (% female)",SE.SEC.ENRL.GC.FE.ZS,43.13536
Kenya,KEN,1984,"Secondary education, general pupils (% female)",SE.SEC.ENRL.GC.FE.ZS,43.29997
Kenya,KEN,1983,"Secondary education, general pupils (% female)",SE.SEC.ENRL.GC.FE.ZS,41.96175
Kenya,KEN,1982,"Secondary education, general pupils (% female)",SE.SEC.ENRL.GC.FE.ZS,41.79955
Kenya,KEN,1981,"Secondary education, general pupils (% female)",SE.SEC.ENRL.GC.FE.ZS,42.08248
Kenya,KEN,1980,"Secondary education, general pupils (% female)",SE.SEC.ENRL.GC.FE.ZS,41.60763
Kenya,KEN,1979,"Secondary education, general pupils (% female)",SE.SEC.ENRL.GC.FE.ZS,41.42173
Kenya,KEN,1978,"Secondary education, general pupils (% female)",SE.SEC.ENRL.GC.FE.ZS,40.77503
Kenya,KEN,1977,"Secondary education, general pupils (% female)",SE.SEC.ENRL.GC.FE.ZS,39.73074
Kenya,KEN,1976,"Secondary education, general pupils (% female)",SE.SEC.ENRL.GC.FE.ZS,38.57524
Kenya,KEN,1975,"Secondary education, general pupils (% female)",SE.SEC.ENRL.GC.FE.ZS,37.63676
Kenya,KEN,1974,"Secondary education, general pupils (% female)",SE.SEC.ENRL.GC.FE.ZS,36.04769
Kenya,KEN,1973,"Secondary education, general pupils (% female)",SE.SEC.ENRL.GC.FE.ZS,35.09098
Kenya,KEN,1972,"Secondary education, general pupils (% female)",SE.SEC.ENRL.GC.FE.ZS,34.08054
Kenya,KEN,1971,"Secondary education, general pupils (% female)",SE.SEC.ENRL.GC.FE.ZS,32.50624
Kenya,KEN,1970,"Secondary education, general pupils (% female)",SE.SEC.ENRL.GC.FE.ZS,31.51466
Kenya,KEN,2009,"Secondary education, vocational pupils (% female)",SE.SEC.ENRL.VO.FE.ZS,57.81649
Kenya,KEN,2008,"Secondary education, vocational pupils (% female)",SE.SEC.ENRL.VO.FE.ZS,59.07331
Kenya,KEN,2007,"Secondary education, vocational pupils (% female)",SE.SEC.ENRL.VO.FE.ZS,61.9139
Kenya,KEN,2006,"Secondary education, vocational pupils (% female)",SE.SEC.ENRL.VO.FE.ZS,61.91182
Kenya,KEN,2005,"Secondary education, vocational pupils (% female)",SE.SEC.ENRL.VO.FE.ZS,51.93559
Kenya,KEN,2004,"Secondary education, vocational pupils (% female)",SE.SEC.ENRL.VO.FE.ZS,41.95804
Kenya,KEN,2003,"Secondary education, vocational pupils (% female)",SE.SEC.ENRL.VO.FE.ZS,31.9793
Kenya,KEN,2002,"Secondary education, vocational pupils (% female)",SE.SEC.ENRL.VO.FE.ZS,30.38052
Kenya,KEN,2001,"Secondary education, vocational pupils (% female)",SE.SEC.ENRL.VO.FE.ZS,25.34107
Kenya,KEN,2000,"Secondary education, vocational pupils (% female)",SE.SEC.ENRL.VO.FE.ZS,29.19571
Kenya,KEN,1999,"Secondary education, vocational pupils (% female)",SE.SEC.ENRL.VO.FE.ZS,38.99823
Kenya,KEN,1988,"Secondary education, vocational pupils (% female)",SE.SEC.ENRL.VO.FE.ZS,34.90623
Kenya,KEN,1987,"Secondary education, vocational pupils (% female)",SE.SEC.ENRL.VO.FE.ZS,35.07828
Kenya,KEN,1986,"Secondary education, vocational pupils (% female)",SE.SEC.ENRL.VO.FE.ZS,33.7636
Kenya,KEN,1985,"Secondary education, vocational pupils (% female)",SE.SEC.ENRL.VO.FE.ZS,30.36479
Kenya,KEN,1984,"Secondary education, vocational pupils (% female)",SE.SEC.ENRL.VO.FE.ZS,27.83803
Kenya,KEN,1983,"Secondary education, vocational pupils (% female)",SE.SEC.ENRL.VO.FE.ZS,40.19637
Kenya,KEN,1982,"Secondary education, vocational pupils (% female)",SE.SEC.ENRL.VO.FE.ZS,39.82236
Kenya,KEN,1981,"Secondary education, vocational pupils (% female)",SE.SEC.ENRL.VO.FE.ZS,38.96128
Kenya,KEN,1980,"Secondary education, vocational pupils (% female)",SE.SEC.ENRL.VO.FE.ZS,36.00309
Kenya,KEN,1975,"Secondary education, vocational pupils (% female)",SE.SEC.ENRL.VO.FE.ZS,23.01542
Kenya,KEN,1974,"Secondary education, vocational pupils (% female)",SE.SEC.ENRL.VO.FE.ZS,27.59104
Kenya,KEN,1973,"Secondary education, vocational pupils (% female)",SE.SEC.ENRL.VO.FE.ZS,27.84615
Kenya,KEN,1972,"Secondary education, vocational pupils (% female)",SE.SEC.ENRL.VO.FE.ZS,27.1792
Kenya,KEN,1971,"Secondary education, vocational pupils (% female)",SE.SEC.ENRL.VO.FE.ZS,28.58669
Kenya,KEN,1970,"Secondary education, vocational pupils (% female)",SE.SEC.ENRL.VO.FE.ZS,28.93733
Kenya,KEN,2023,"School enrollment, secondary, female (% gross)",SE.SEC.ENRR.FE,84.7505339840655
Kenya,KEN,2022,"School enrollment, secondary, female (% gross)",SE.SEC.ENRR.FE,83.4337197590316
Kenya,KEN,2021,"School enrollment, secondary, female (% gross)",SE.SEC.ENRR.FE,79.6603133999262
Kenya,KEN,2016,"School enrollment, secondary, female (% gross)",SE.SEC.ENRR.FE,73.1205739030308
Kenya,KEN,2015,"School enrollment, secondary, female (% gross)",SE.SEC.ENRR.FE,70.187444140127
Kenya,KEN,2009,"School enrollment, secondary, female (% gross)",SE.SEC.ENRR.FE,54.5718307495117
Kenya,KEN,2008,"School enrollment, secondary, female (% gross)",SE.SEC.ENRR.FE,54.2933616638184
Kenya,KEN,2007,"School enrollment, secondary, female (% gross)",SE.SEC.ENRR.FE,47.2512016296387
Kenya,KEN,2006,"School enrollment, secondary, female (% gross)",SE.SEC.ENRR.FE,46.934700012207
Kenya,KEN,2005,"School enrollment, secondary, female (% gross)",SE.SEC.ENRR.FE,45.9471015930176
Kenya,KEN,2004,"School enrollment, secondary, female (% gross)",SE.SEC.ENRR.FE,45.2924499511719
Kenya,KEN,2003,"School enrollment, secondary, female (% gross)",SE.SEC.ENRR.FE,43.9185981750488
Kenya,KEN,2002,"School enrollment, secondary, female (% gross)",SE.SEC.ENRR.FE,40.7447204589844
Kenya,KEN,2001,"School enrollment, secondary, female (% gross)",SE.SEC.ENRR.FE,40.212100982666
Kenya,KEN,2000,"School enrollment, secondary, female (% gross)",SE.SEC.ENRR.FE,39.7841300964355
Kenya,KEN,1999,"School enrollment, secondary, female (% gross)",SE.SEC.ENRR.FE,39.29296875
Kenya,KEN,1988,"School enrollment, secondary, female (% gross)",SE.SEC.ENRR.FE,35.8310890197754
Kenya,KEN,1987,"School enrollment, secondary, female (% gross)",SE.SEC.ENRR.FE,35.8304100036621
Kenya,KEN,1986,"School enrollment, secondary, female (% gross)",SE.SEC.ENRR.FE,33.5067596435547
Kenya,KEN,1985,"School enrollment, secondary, female (% gross)",SE.SEC.ENRR.FE,32.8199195861816
Kenya,KEN,1984,"School enrollment, secondary, female (% gross)",SE.SEC.ENRR.FE,26.2507190704346
Kenya,KEN,1983,"School enrollment, secondary, female (% gross)",SE.SEC.ENRR.FE,24.3035202026367
Kenya,KEN,1982,"School enrollment, secondary, female (% gross)",SE.SEC.ENRR.FE,23.1094799041748
Kenya,KEN,1981,"School enrollment, secondary, female (% gross)",SE.SEC.ENRR.FE,23.2545299530029
Kenya,KEN,1980,"School enrollment, secondary, female (% gross)",SE.SEC.ENRR.FE,23.5332202911377
Kenya,KEN,1975,"School enrollment, secondary, female (% gross)",SE.SEC.ENRR.FE,15.6257400512695
Kenya,KEN,1974,"School enrollment, secondary, female (% gross)",SE.SEC.ENRR.FE,14.2291202545166
Kenya,KEN,1973,"School enrollment, secondary, female (% gross)",SE.SEC.ENRR.FE,13.1540498733521
Kenya,KEN,1972,"School enrollment, secondary, female (% gross)",SE.SEC.ENRR.FE,12.5396795272827
Kenya,KEN,1971,"School enrollment, secondary, female (% gross)",SE.SEC.ENRR.FE,11.5060501098633
Kenya,KEN,1970,"School enrollment, secondary, female (% gross)",SE.SEC.ENRR.FE,10.9343004226685
Kenya,KEN,2023,"School enrollment, secondary, male (% gross)",SE.SEC.ENRR.MA,83.8683501574215
Kenya,KEN,2022,"School enrollment, secondary, male (% gross)",SE.SEC.ENRR.MA,84.1132608704534
Kenya,KEN,2021,"School enrollment, secondary, male (% gross)",SE.SEC.ENRR.MA,81.0941433056173
Kenya,KEN,2016,"School enrollment, secondary, male (% gross)",SE.SEC.ENRR.MA,75.8274161720924
Kenya,KEN,2015,"School enrollment, secondary, male (% gross)",SE.SEC.ENRR.MA,74.9745900392954
Kenya,KEN,2009,"School enrollment, secondary, male (% gross)",SE.SEC.ENRR.MA,60.9107093811035
Kenya,KEN,2008,"School enrollment, secondary, male (% gross)",SE.SEC.ENRR.MA,59.7782592773438
Kenya,KEN,2007,"School enrollment, secondary, male (% gross)",SE.SEC.ENRR.MA,54.4932899475098
Kenya,KEN,2006,"School enrollment, secondary, male (% gross)",SE.SEC.ENRR.MA,50.6925582885742
Kenya,KEN,2005,"School enrollment, secondary, male (% gross)",SE.SEC.ENRR.MA,48.5808486938477
Kenya,KEN,2004,"School enrollment, secondary, male (% gross)",SE.SEC.ENRR.MA,48.9442596435547
Kenya,KEN,2003,"School enrollment, secondary, male (% gross)",SE.SEC.ENRR.MA,43.2435417175293
Kenya,KEN,2002,"School enrollment, secondary, male (% gross)",SE.SEC.ENRR.MA,42.9774017333984
Kenya,KEN,2001,"School enrollment, secondary, male (% gross)",SE.SEC.ENRR.MA,43.1585884094238
Kenya,KEN,2000,"School enrollment, secondary, male (% gross)",SE.SEC.ENRR.MA,42.1381416320801
Kenya,KEN,1999,"School enrollment, secondary, male (% gross)",SE.SEC.ENRR.MA,41.3698196411133
Kenya,KEN,1988,"School enrollment, secondary, male (% gross)",SE.SEC.ENRR.MA,44.6975784301758
Kenya,KEN,1987,"School enrollment, secondary, male (% gross)",SE.SEC.ENRR.MA,45.1006202697754
Kenya,KEN,1986,"School enrollment, secondary, male (% gross)",SE.SEC.ENRR.MA,42.5325584411621
Kenya,KEN,1985,"School enrollment, secondary, male (% gross)",SE.SEC.ENRR.MA,43.5490913391113
Kenya,KEN,1984,"School enrollment, secondary, male (% gross)",SE.SEC.ENRR.MA,34.8084983825684
Kenya,KEN,1983,"School enrollment, secondary, male (% gross)",SE.SEC.ENRR.MA,33.6316986083984
Kenya,KEN,1982,"School enrollment, secondary, male (% gross)",SE.SEC.ENRR.MA,32.2071495056152
Kenya,KEN,1981,"School enrollment, secondary, male (% gross)",SE.SEC.ENRR.MA,32.0926818847656
Kenya,KEN,1980,"School enrollment, secondary, male (% gross)",SE.SEC.ENRR.MA,33.2107315063477
Kenya,KEN,1975,"School enrollment, secondary, male (% gross)",SE.SEC.ENRR.MA,26.4336395263672
Kenya,KEN,1974,"School enrollment, secondary, male (% gross)",SE.SEC.ENRR.MA,25.5771999359131
Kenya,KEN,1973,"School enrollment, secondary, male (% gross)",SE.SEC.ENRR.MA,24.6541194915771
Kenya,KEN,1972,"School enrollment, secondary, male (% gross)",SE.SEC.ENRR.MA,24.5859794616699
Kenya,KEN,1971,"School enrollment, secondary, male (% gross)",SE.SEC.ENRR.MA,24.1568603515625
Kenya,KEN,1970,"School enrollment, secondary, male (% gross)",SE.SEC.ENRR.MA,24.0026206970215
Kenya,KEN,2009,"School enrollment, secondary, female (% net)",SE.SEC.NENR.FE,45.79807
Kenya,KEN,2008,"School enrollment, secondary, female (% net)",SE.SEC.NENR.FE,46.66194
Kenya,KEN,2007,"School enrollment, secondary, female (% net)",SE.SEC.NENR.FE,40.92977
Kenya,KEN,2006,"School enrollment, secondary, female (% net)",SE.SEC.NENR.FE,40.22798
Kenya,KEN,2005,"School enrollment, secondary, female (% net)",SE.SEC.NENR.FE,40.31582
Kenya,KEN,2004,"School enrollment, secondary, female (% net)",SE.SEC.NENR.FE,38.50494
Kenya,KEN,2003,"School enrollment, secondary, female (% net)",SE.SEC.NENR.FE,35.10269
Kenya,KEN,2002,"School enrollment, secondary, female (% net)",SE.SEC.NENR.FE,33.96011
Kenya,KEN,2000,"School enrollment, secondary, female (% net)",SE.SEC.NENR.FE,32.51224
Kenya,KEN,2009,"School enrollment, secondary, male (% net)",SE.SEC.NENR.MA,49.04343
Kenya,KEN,2008,"School enrollment, secondary, male (% net)",SE.SEC.NENR.MA,48.97429
Kenya,KEN,2007,"School enrollment, secondary, male (% net)",SE.SEC.NENR.MA,45.54277
Kenya,KEN,2006,"School enrollment, secondary, male (% net)",SE.SEC.NENR.MA,42.09661
Kenya,KEN,2005,"School enrollment, secondary, male (% net)",SE.SEC.NENR.MA,40.18908
Kenya,KEN,2004,"School enrollment, secondary, male (% net)",SE.SEC.NENR.MA,38.57801
Kenya,KEN,2003,"School enrollment, secondary, male (% net)",SE.SEC.NENR.MA,36.51792
Kenya,KEN,2002,"School enrollment, secondary, male (% net)",SE.SEC.NENR.MA,34.5535
Kenya,KEN,2000,"School enrollment, secondary, male (% net)",SE.SEC.NENR.MA,33.23455
Kenya,KEN,2015,"Progression to secondary school, female (%)",SE.SEC.PROG.FE.ZS,100
Kenya,KEN,2014,"Progression to secondary school, female (%)",SE.SEC.PROG.FE.ZS,99.31872
Kenya,KEN,1980,"Progression to secondary school, female (%)",SE.SEC.PROG.FE.ZS,79.65519
Kenya,KEN,1979,"Progression to secondary school, female (%)",SE.SEC.PROG.FE.ZS,81.68299
Kenya,KEN,1977,"Progression to secondary school, female (%)",SE.SEC.PROG.FE.ZS,81.92843
Kenya,KEN,1976,"Progression to secondary school, female (%)",SE.SEC.PROG.FE.ZS,86.57217
Kenya,KEN,1972,"Progression to secondary school, female (%)",SE.SEC.PROG.FE.ZS,87.14163
Kenya,KEN,1971,"Progression to secondary school, female (%)",SE.SEC.PROG.FE.ZS,89.3153
Kenya,KEN,2015,"Progression to secondary school, male (%)",SE.SEC.PROG.MA.ZS,98.44004
Kenya,KEN,2014,"Progression to secondary school, male (%)",SE.SEC.PROG.MA.ZS,98.21194
Kenya,KEN,1980,"Progression to secondary school, male (%)",SE.SEC.PROG.MA.ZS,90.94454
Kenya,KEN,1979,"Progression to secondary school, male (%)",SE.SEC.PROG.MA.ZS,92.06533
Kenya,KEN,1977,"Progression to secondary school, male (%)",SE.SEC.PROG.MA.ZS,91.98685
Kenya,KEN,1976,"Progression to secondary school, male (%)",SE.SEC.PROG.MA.ZS,95.36457
Kenya,KEN,1972,"Progression to secondary school, male (%)",SE.SEC.PROG.MA.ZS,100
Kenya,KEN,1971,"Progression to secondary school, male (%)",SE.SEC.PROG.MA.ZS,100
Kenya,KEN,2023,"Secondary education, teachers (% female)",SE.SEC.TCHR.FE.ZS,43.3905793486781
Kenya,KEN,2015,"Secondary education, teachers (% female)",SE.SEC.TCHR.FE.ZS,42.1751708984375
Kenya,KEN,2014,"Secondary education, teachers (% female)",SE.SEC.TCHR.FE.ZS,42.4555282592773
Kenya,KEN,2012,"Secondary education, teachers (% female)",SE.SEC.TCHR.FE.ZS,41.1598014831543
Kenya,KEN,2009,"Secondary education, teachers (% female)",SE.SEC.TCHR.FE.ZS,40.1634407043457
Kenya,KEN,2008,"Secondary education, teachers (% female)",SE.SEC.TCHR.FE.ZS,40.5425300598145
Kenya,KEN,2007,"Secondary education, teachers (% female)",SE.SEC.TCHR.FE.ZS,38.2143402099609
Kenya,KEN,2006,"Secondary education, teachers (% female)",SE.SEC.TCHR.FE.ZS,39.8861885070801
Kenya,KEN,2005,"Secondary education, teachers (% female)",SE.SEC.TCHR.FE.ZS,39.449779510498
Kenya,KEN,2004,"Secondary education, teachers (% female)",SE.SEC.TCHR.FE.ZS,39.2713394165039
Kenya,KEN,2003,"Secondary education, teachers (% female)",SE.SEC.TCHR.FE.ZS,40.9225082397461
Kenya,KEN,2002,"Secondary education, teachers (% female)",SE.SEC.TCHR.FE.ZS,39.6524314880371
Kenya,KEN,2001,"Secondary education, teachers (% female)",SE.SEC.TCHR.FE.ZS,39.2486305236816
Kenya,KEN,2024,"Educational attainment, at least Bachelor's or equivalent, population 25+, female (%) (cumulative)",SE.TER.CUAT.BA.FE.ZS,5.39268016815185
Kenya,KEN,2022,"Educational attainment, at least Bachelor's or equivalent, population 25+, female (%) (cumulative)",SE.TER.CUAT.BA.FE.ZS,4.02519989013672
Kenya,KEN,2021,"Educational attainment, at least Bachelor's or equivalent, population 25+, female (%) (cumulative)",SE.TER.CUAT.BA.FE.ZS,4.50028991699219
Kenya,KEN,2020,"Educational attainment, at least Bachelor's or equivalent, population 25+, female (%) (cumulative)",SE.TER.CUAT.BA.FE.ZS,2.78157997131348
Kenya,KEN,2019,"Educational attainment, at least Bachelor's or equivalent, population 25+, female (%) (cumulative)",SE.TER.CUAT.BA.FE.ZS,3.99304008483887
Kenya,KEN,2024,"Educational attainment, at least Bachelor's or equivalent, population 25+, male (%) (cumulative)",SE.TER.CUAT.BA.MA.ZS,8.30097007751465
Kenya,KEN,2022,"Educational attainment, at least Bachelor's or equivalent, population 25+, male (%) (cumulative)",SE.TER.CUAT.BA.MA.ZS,7.06134986877441
Kenya,KEN,2021,"Educational attainment, at least Bachelor's or equivalent, population 25+, male (%) (cumulative)",SE.TER.CUAT.BA.MA.ZS,7.03883981704712
Kenya,KEN,2020,"Educational attainment, at least Bachelor's or equivalent, population 25+, male (%) (cumulative)",SE.TER.CUAT.BA.MA.ZS,4.83524990081787
Kenya,KEN,2019,"Educational attainment, at least Bachelor's or equivalent, population 25+, male (%) (cumulative)",SE.TER.CUAT.BA.MA.ZS,6.46316003799438
Kenya,KEN,2024,"Educational attainment, at least Bachelor's or equivalent, population 25+, total (%) (cumulative)",SE.TER.CUAT.BA.ZS,6.75540018081665
Kenya,KEN,2022,"Educational attainment, at least Bachelor's or equivalent, population 25+, total (%) (cumulative)",SE.TER.CUAT.BA.ZS,5.47591018676758
Kenya,KEN,2021,"Educational attainment, at least Bachelor's or equivalent, population 25+, total (%) (cumulative)",SE.TER.CUAT.BA.ZS,5.68705987930298
Kenya,KEN,2020,"Educational attainment, at least Bachelor's or equivalent, population 25+, total (%) (cumulative)",SE.TER.CUAT.BA.ZS,3.74181008338928
Kenya,KEN,2019,"Educational attainment, at least Bachelor's or equivalent, population 25+, total (%) (cumulative)",SE.TER.CUAT.BA.ZS,5.19180011749268
Kenya,KEN,2019,"Educational attainment, Doctoral or equivalent, population 25+, female (%) (cumulative)",SE.TER.CUAT.DO.FE.ZS,0.0590999983251095
Kenya,KEN,2019,"Educational attainment, Doctoral or equivalent, population 25+, male (%) (cumulative)",SE.TER.CUAT.DO.MA.ZS,0.142539992928505
Kenya,KEN,2019,"Educational attainment, Doctoral or equivalent, population 25+, total (%) (cumulative)",SE.TER.CUAT.DO.ZS,0.0996199995279312
Kenya,KEN,2022,"Educational attainment, at least Master's or equivalent, population 25+, female (%) (cumulative)",SE.TER.CUAT.MS.FE.ZS,0.438693512897217
Kenya,KEN,2021,"Educational attainment, at least Master's or equivalent, population 25+, female (%) (cumulative)",SE.TER.CUAT.MS.FE.ZS,0.738079496278213
Kenya,KEN,2019,"Educational attainment, at least Master's or equivalent, population 25+, female (%) (cumulative)",SE.TER.CUAT.MS.FE.ZS,0.629440009593964
Kenya,KEN,2022,"Educational attainment, at least Master's or equivalent, population 25+, male (%) (cumulative)",SE.TER.CUAT.MS.MA.ZS,0.66577650442219
Kenya,KEN,2021,"Educational attainment, at least Master's or equivalent, population 25+, male (%) (cumulative)",SE.TER.CUAT.MS.MA.ZS,1.30125018334686
Kenya,KEN,2019,"Educational attainment, at least Master's or equivalent, population 25+, male (%) (cumulative)",SE.TER.CUAT.MS.MA.ZS,1.01251995563507
Kenya,KEN,2022,"Educational attainment, at least Master's or equivalent, population 25+, total (%) (cumulative)",SE.TER.CUAT.MS.ZS,0.567206853323452
Kenya,KEN,2021,"Educational attainment, at least Master's or equivalent, population 25+, total (%) (cumulative)",SE.TER.CUAT.MS.ZS,1.00086303314153
Kenya,KEN,2019,"Educational attainment, at least Master's or equivalent, population 25+, total (%) (cumulative)",SE.TER.CUAT.MS.ZS,0.815349996089935
Kenya,KEN,2022,"Educational attainment, at least completed short-cycle tertiary, population 25+, female (%) (cumulative)",SE.TER.CUAT.ST.FE.ZS,3.99665007052859
Kenya,KEN,2021,"Educational attainment, at least completed short-cycle tertiary, population 25+, female (%) (cumulative)",SE.TER.CUAT.ST.FE.ZS,4.44617451658211
Kenya,KEN,2019,"Educational attainment, at least completed short-cycle tertiary, population 25+, female (%) (cumulative)",SE.TER.CUAT.ST.FE.ZS,9.70347023010254
Kenya,KEN,2009,"Educational attainment, at least completed short-cycle tertiary, population 25+, female (%) (cumulative)",SE.TER.CUAT.ST.FE.ZS,1.46148002147675
Kenya,KEN,2005,"Educational attainment, at least completed short-cycle tertiary, population 25+, female (%) (cumulative)",SE.TER.CUAT.ST.FE.ZS,0.842371559140328
Kenya,KEN,1999,"Educational attainment, at least completed short-cycle tertiary, population 25+, female (%) (cumulative)",SE.TER.CUAT.ST.FE.ZS,1.01004611414238
Kenya,KEN,2022,"Educational attainment, at least completed short-cycle tertiary, population 25+, male (%) (cumulative)",SE.TER.CUAT.ST.MA.ZS,7.11535239260083
Kenya,KEN,2021,"Educational attainment, at least completed short-cycle tertiary, population 25+, male (%) (cumulative)",SE.TER.CUAT.ST.MA.ZS,7.08958803115851
Kenya,KEN,2019,"Educational attainment, at least completed short-cycle tertiary, population 25+, male (%) (cumulative)",SE.TER.CUAT.ST.MA.ZS,13.0138902664185
Kenya,KEN,2009,"Educational attainment, at least completed short-cycle tertiary, population 25+, male (%) (cumulative)",SE.TER.CUAT.ST.MA.ZS,2.94211006164551
Kenya,KEN,2005,"Educational attainment, at least completed short-cycle tertiary, population 25+, male (%) (cumulative)",SE.TER.CUAT.ST.MA.ZS,2.23030261035005
Kenya,KEN,1999,"Educational attainment, at least completed short-cycle tertiary, population 25+, male (%) (cumulative)",SE.TER.CUAT.ST.MA.ZS,2.95524774886193
Kenya,KEN,2022,"Educational attainment, at least completed short-cycle tertiary, population 25+, total (%) (cumulative)",SE.TER.CUAT.ST.ZS,5.53129287292324
Kenya,KEN,2021,"Educational attainment, at least completed short-cycle tertiary, population 25+, total (%) (cumulative)",SE.TER.CUAT.ST.ZS,5.67962925544356
Kenya,KEN,2019,"Educational attainment, at least completed short-cycle tertiary, population 25+, total (%) (cumulative)",SE.TER.CUAT.ST.ZS,11.3100299835205
Kenya,KEN,2009,"Educational attainment, at least completed short-cycle tertiary, population 25+, total (%) (cumulative)",SE.TER.CUAT.ST.ZS,2.18305993080139
Kenya,KEN,2005,"Educational attainment, at least completed short-cycle tertiary, population 25+, total (%) (cumulative)",SE.TER.CUAT.ST.ZS,1.51046812751852
Kenya,KEN,1999,"Educational attainment, at least completed short-cycle tertiary, population 25+, total (%) (cumulative)",SE.TER.CUAT.ST.ZS,1.957597537654
Kenya,KEN,2024,"School enrollment, tertiary, female (% gross)",SE.TER.ENRR.FE,9.22833239610256
Kenya,KEN,2023,"School enrollment, tertiary, female (% gross)",SE.TER.ENRR.FE,7.29617444896105
Kenya,KEN,2017,"School enrollment, tertiary, female (% gross)",SE.TER.ENRR.FE,9.87902250081384
Kenya,KEN,2016,"School enrollment, tertiary, female (% gross)",SE.TER.ENRR.FE,9.45202482086448
Kenya,KEN,2015,"School enrollment, tertiary, female (% gross)",SE.TER.ENRR.FE,7.62795677618623
Kenya,KEN,2009,"School enrollment, tertiary, female (% gross)",SE.TER.ENRR.FE,3.28626990318298
Kenya,KEN,2005,"School enrollment, tertiary, female (% gross)",SE.TER.ENRR.FE,2.23710989952087
Kenya,KEN,2004,"School enrollment, tertiary, female (% gross)",SE.TER.ENRR.FE,2.22143006324768
Kenya,KEN,2002,"School enrollment, tertiary, female (% gross)",SE.TER.ENRR.FE,2.00716996192932
Kenya,KEN,2001,"School enrollment, tertiary, female (% gross)",SE.TER.ENRR.FE,2.01213002204895
Kenya,KEN,2000,"School enrollment, tertiary, female (% gross)",SE.TER.ENRR.FE,1.98087000846863
Kenya,KEN,1987,"School enrollment, tertiary, female (% gross)",SE.TER.ENRR.FE,0.746339976787567
Kenya,KEN,1985,"School enrollment, tertiary, female (% gross)",SE.TER.ENRR.FE,0.619289994239807
Kenya,KEN,1984,"School enrollment, tertiary, female (% gross)",SE.TER.ENRR.FE,0.779919981956482
Kenya,KEN,2024,"School enrollment, tertiary, male (% gross)",SE.TER.ENRR.MA,11.6302462843711
Kenya,KEN,2023,"School enrollment, tertiary, male (% gross)",SE.TER.ENRR.MA,10.0896011621783
Kenya,KEN,2017,"School enrollment, tertiary, male (% gross)",SE.TER.ENRR.MA,13.7882297615163
Kenya,KEN,2016,"School enrollment, tertiary, male (% gross)",SE.TER.ENRR.MA,13.8827205896831
Kenya,KEN,2015,"School enrollment, tertiary, male (% gross)",SE.TER.ENRR.MA,10.9155768423897
Kenya,KEN,2009,"School enrollment, tertiary, male (% gross)",SE.TER.ENRR.MA,4.69975996017456
Kenya,KEN,2005,"School enrollment, tertiary, male (% gross)",SE.TER.ENRR.MA,3.7646598815918
Kenya,KEN,2004,"School enrollment, tertiary, male (% gross)",SE.TER.ENRR.MA,3.70308995246887
Kenya,KEN,2002,"School enrollment, tertiary, male (% gross)",SE.TER.ENRR.MA,3.74413990974426
Kenya,KEN,2001,"School enrollment, tertiary, male (% gross)",SE.TER.ENRR.MA,3.75121998786926
Kenya,KEN,2000,"School enrollment, tertiary, male (% gross)",SE.TER.ENRR.MA,3.64630007743835
Kenya,KEN,1987,"School enrollment, tertiary, male (% gross)",SE.TER.ENRR.MA,1.93060994148254
Kenya,KEN,1985,"School enrollment, tertiary, male (% gross)",SE.TER.ENRR.MA,1.7420300245285
Kenya,KEN,1984,"School enrollment, tertiary, male (% gross)",SE.TER.ENRR.MA,1.50460004806519
Kenya,KEN,2022,"Women participating in the three decisions (own health care, major household purchases, and visiting family) (% of women age 15-49)",SG.DMK.ALLD.FN.ZS,66.2
Kenya,KEN,2014,"Women participating in the three decisions (own health care, major household purchases, and visiting family) (% of women age 15-49)",SG.DMK.ALLD.FN.ZS,55.8
Kenya,KEN,2009,"Women participating in the three decisions (own health care, major household purchases, and visiting family) (% of women age 15-49)",SG.DMK.ALLD.FN.ZS,52.3
Kenya,KEN,2003,"Women participating in the three decisions (own health care, major household purchases, and visiting family) (% of women age 15-49)",SG.DMK.ALLD.FN.ZS,25.7
Kenya,KEN,2022,"Women making their own informed decisions regarding sexual relations, contraceptive use and reproductive health care (% of women age 15-49)",SG.DMK.SRCR.FN.ZS,64.8
Kenya,KEN,2014,"Women making their own informed decisions regarding sexual relations, contraceptive use and reproductive health care (% of women age 15-49)",SG.DMK.SRCR.FN.ZS,56
Kenya,KEN,2025,Proportion of seats held by women in national parliaments (%),SG.GEN.PARL.ZS,23.3918128654971
Kenya,KEN,2024,Proportion of seats held by women in national parliaments (%),SG.GEN.PARL.ZS,23.2758620689655
Kenya,KEN,2023,Proportion of seats held by women in national parliaments (%),SG.GEN.PARL.ZS,23.2758620689655
Kenya,KEN,2022,Proportion of seats held by women in national parliaments (%),SG.GEN.PARL.ZS,23.4285714285714
Kenya,KEN,2021,Proportion of seats held by women in national parliaments (%),SG.GEN.PARL.ZS,21.6138328530259
Kenya,KEN,2020,Proportion of seats held by women in national parliaments (%),SG.GEN.PARL.ZS,21.7765042979943
Kenya,KEN,2019,Proportion of seats held by women in national parliaments (%),SG.GEN.PARL.ZS,21.7765042979943
Kenya,KEN,2018,Proportion of seats held by women in national parliaments (%),SG.GEN.PARL.ZS,21.7765042979943
Kenya,KEN,2017,Proportion of seats held by women in national parliaments (%),SG.GEN.PARL.ZS,21.7765042979943
Kenya,KEN,2016,Proportion of seats held by women in national parliaments (%),SG.GEN.PARL.ZS,19.7142857142857
Kenya,KEN,2015,Proportion of seats held by women in national parliaments (%),SG.GEN.PARL.ZS,19.7142857142857
Kenya,KEN,2014,Proportion of seats held by women in national parliaments (%),SG.GEN.PARL.ZS,19.1428571428571
Kenya,KEN,2013,Proportion of seats held by women in national parliaments (%),SG.GEN.PARL.ZS,18.5714285714286
Kenya,KEN,2012,Proportion of seats held by women in national parliaments (%),SG.GEN.PARL.ZS,9.82142857142857
Kenya,KEN,2011,Proportion of seats held by women in national parliaments (%),SG.GEN.PARL.ZS,9.82142857142857
Kenya,KEN,2010,Proportion of seats held by women in national parliaments (%),SG.GEN.PARL.ZS,9.82142857142857
Kenya,KEN,2009,Proportion of seats held by women in national parliaments (%),SG.GEN.PARL.ZS,9.82142857142857
Kenya,KEN,2008,Proportion of seats held by women in national parliaments (%),SG.GEN.PARL.ZS,9.82142857142857
Kenya,KEN,2007,Proportion of seats held by women in national parliaments (%),SG.GEN.PARL.ZS,7.2463768115942
Kenya,KEN,2006,Proportion of seats held by women in national parliaments (%),SG.GEN.PARL.ZS,7.30593607305936
Kenya,KEN,2005,Proportion of seats held by women in national parliaments (%),SG.GEN.PARL.ZS,7.14285714285714
Kenya,KEN,2004,Proportion of seats held by women in national parliaments (%),SG.GEN.PARL.ZS,7.14285714285714
Kenya,KEN,2003,Proportion of seats held by women in national parliaments (%),SG.GEN.PARL.ZS,7.14285714285714
Kenya,KEN,2002,Proportion of seats held by women in national parliaments (%),SG.GEN.PARL.ZS,3.57142857142857
Kenya,KEN,2001,Proportion of seats held by women in national parliaments (%),SG.GEN.PARL.ZS,3.57142857142857
Kenya,KEN,2000,Proportion of seats held by women in national parliaments (%),SG.GEN.PARL.ZS,3.57142857142857
Kenya,KEN,1999,Proportion of seats held by women in national parliaments (%),SG.GEN.PARL.ZS,3.57142857142857
Kenya,KEN,1998,Proportion of seats held by women in national parliaments (%),SG.GEN.PARL.ZS,3.6036036036036
Kenya,KEN,1997,Proportion of seats held by women in national parliaments (%),SG.GEN.PARL.ZS,2.97029702970297
Kenya,KEN,2014,Proportion of women subjected to physical and/or sexual violence in the last 12 months (% of ever-partnered women ages 15-49),SG.VAW.1549.ZS,25.5
Kenya,KEN,2022,Women who believe a husband is justified in beating his wife when she argues with him (%),SG.VAW.ARGU.ZS,17.5
Kenya,KEN,2014,Women who believe a husband is justified in beating his wife when she argues with him (%),SG.VAW.ARGU.ZS,21
Kenya,KEN,2009,Women who believe a husband is justified in beating his wife when she argues with him (%),SG.VAW.ARGU.ZS,30.9
Kenya,KEN,2003,Women who believe a husband is justified in beating his wife when she argues with him (%),SG.VAW.ARGU.ZS,45.9
Kenya,KEN,2022,Women who believe a husband is justified in beating his wife when she burns the food (%),SG.VAW.BURN.ZS,6.4
Kenya,KEN,2014,Women who believe a husband is justified in beating his wife when she burns the food (%),SG.VAW.BURN.ZS,7
Kenya,KEN,2009,Women who believe a husband is justified in beating his wife when she burns the food (%),SG.VAW.BURN.ZS,13.4
Kenya,KEN,2003,Women who believe a husband is justified in beating his wife when she burns the food (%),SG.VAW.BURN.ZS,16.3
Kenya,KEN,2022,Women who believe a husband is justified in beating his wife when she goes out without telling him (%),SG.VAW.GOES.ZS,13.5
Kenya,KEN,2014,Women who believe a husband is justified in beating his wife when she goes out without telling him (%),SG.VAW.GOES.ZS,21.8
Kenya,KEN,2009,Women who believe a husband is justified in beating his wife when she goes out without telling him (%),SG.VAW.GOES.ZS,30.7
Kenya,KEN,2003,Women who believe a husband is justified in beating his wife when she goes out without telling him (%),SG.VAW.GOES.ZS,39.4
Kenya,KEN,2022,Women who believe a husband is justified in beating his wife when she neglects the children (%),SG.VAW.NEGL.ZS,23.5
Kenya,KEN,2014,Women who believe a husband is justified in beating his wife when she neglects the children (%),SG.VAW.NEGL.ZS,33.3
Kenya,KEN,2009,Women who believe a husband is justified in beating his wife when she neglects the children (%),SG.VAW.NEGL.ZS,41.7
Kenya,KEN,2003,Women who believe a husband is justified in beating his wife when she neglects the children (%),SG.VAW.NEGL.ZS,55.1
Kenya,KEN,2022,Women who believe a husband is justified in beating his wife (any of five reasons) (%),SG.VAW.REAS.ZS,32.4
Kenya,KEN,2014,Women who believe a husband is justified in beating his wife (any of five reasons) (%),SG.VAW.REAS.ZS,41.8
Kenya,KEN,2009,Women who believe a husband is justified in beating his wife (any of five reasons) (%),SG.VAW.REAS.ZS,52.6
Kenya,KEN,2003,Women who believe a husband is justified in beating his wife (any of five reasons) (%),SG.VAW.REAS.ZS,67.9
Kenya,KEN,2022,Women who believe a husband is justified in beating his wife when she refuses sex with him (%),SG.VAW.REFU.ZS,12.7
Kenya,KEN,2014,Women who believe a husband is justified in beating his wife when she refuses sex with him (%),SG.VAW.REFU.ZS,15.1
Kenya,KEN,2009,Women who believe a husband is justified in beating his wife when she refuses sex with him (%),SG.VAW.REFU.ZS,22.7
Kenya,KEN,2003,Women who believe a husband is justified in beating his wife when she refuses sex with him (%),SG.VAW.REFU.ZS,29.4
Kenya,KEN,2009,"Condom use, population ages 15-24, female (% of females ages 15-24)",SH.CON.1524.FE.ZS,15.3
Kenya,KEN,2003,"Condom use, population ages 15-24, female (% of females ages 15-24)",SH.CON.1524.FE.ZS,8.5
Kenya,KEN,1998,"Condom use, population ages 15-24, female (% of females ages 15-24)",SH.CON.1524.FE.ZS,7.5
Kenya,KEN,2009,"Condom use, population ages 15-24, male (% of males ages 15-24)",SH.CON.1524.MA.ZS,56.2
Kenya,KEN,2003,"Condom use, population ages 15-24, male (% of males ages 15-24)",SH.CON.1524.MA.ZS,39.4
Kenya,KEN,1998,"Condom use, population ages 15-24, male (% of males ages 15-24)",SH.CON.1524.MA.ZS,39.1
Kenya,KEN,2024,Women's share of population ages 15+ living with HIV (%),SH.DYN.AIDS.FE.ZS,66.1860973366348
Kenya,KEN,2023,Women's share of population ages 15+ living with HIV (%),SH.DYN.AIDS.FE.ZS,65.9722812634495
Kenya,KEN,2022,Women's share of population ages 15+ living with HIV (%),SH.DYN.AIDS.FE.ZS,65.7546859846309
Kenya,KEN,2021,Women's share of population ages 15+ living with HIV (%),SH.DYN.AIDS.FE.ZS,65.5326516425955
Kenya,KEN,2020,Women's share of population ages 15+ living with HIV (%),SH.DYN.AIDS.FE.ZS,65.2973564383673
Kenya,KEN,2019,Women's share of population ages 15+ living with HIV (%),SH.DYN.AIDS.FE.ZS,65.0570812178574
Kenya,KEN,2018,Women's share of population ages 15+ living with HIV (%),SH.DYN.AIDS.FE.ZS,64.8399299325316
Kenya,KEN,2017,Women's share of population ages 15+ living with HIV (%),SH.DYN.AIDS.FE.ZS,64.6138239663588
Kenya,KEN,2016,Women's share of population ages 15+ living with HIV (%),SH.DYN.AIDS.FE.ZS,64.3713691631085
Kenya,KEN,2015,Women's share of population ages 15+ living with HIV (%),SH.DYN.AIDS.FE.ZS,64.1371329625483
Kenya,KEN,2014,Women's share of population ages 15+ living with HIV (%),SH.DYN.AIDS.FE.ZS,63.8738223084057
Kenya,KEN,2013,Women's share of population ages 15+ living with HIV (%),SH.DYN.AIDS.FE.ZS,63.5925685990103
Kenya,KEN,2012,Women's share of population ages 15+ living with HIV (%),SH.DYN.AIDS.FE.ZS,63.3569283969042
Kenya,KEN,2011,Women's share of population ages 15+ living with HIV (%),SH.DYN.AIDS.FE.ZS,63.2004569189904
Kenya,KEN,2010,Women's share of population ages 15+ living with HIV (%),SH.DYN.AIDS.FE.ZS,63.2709436874647
Kenya,KEN,2009,Women's share of population ages 15+ living with HIV (%),SH.DYN.AIDS.FE.ZS,63.4933105592348
Kenya,KEN,2008,Women's share of population ages 15+ living with HIV (%),SH.DYN.AIDS.FE.ZS,63.758825473316
Kenya,KEN,2007,Women's share of population ages 15+ living with HIV (%),SH.DYN.AIDS.FE.ZS,64.0363463916621
Kenya,KEN,2006,Women's share of population ages 15+ living with HIV (%),SH.DYN.AIDS.FE.ZS,64.2841679184038
Kenya,KEN,2005,Women's share of population ages 15+ living with HIV (%),SH.DYN.AIDS.FE.ZS,64.4581931845636
Kenya,KEN,2004,Women's share of population ages 15+ living with HIV (%),SH.DYN.AIDS.FE.ZS,64.5392062390553
Kenya,KEN,2003,Women's share of population ages 15+ living with HIV (%),SH.DYN.AIDS.FE.ZS,64.5340746786195
Kenya,KEN,2002,Women's share of population ages 15+ living with HIV (%),SH.DYN.AIDS.FE.ZS,64.47610687264
Kenya,KEN,2001,Women's share of population ages 15+ living with HIV (%),SH.DYN.AIDS.FE.ZS,64.3890891330249
Kenya,KEN,2000,Women's share of population ages 15+ living with HIV (%),SH.DYN.AIDS.FE.ZS,64.2794459800381
Kenya,KEN,1999,Women's share of population ages 15+ living with HIV (%),SH.DYN.AIDS.FE.ZS,64.1476772543937
Kenya,KEN,1998,Women's share of population ages 15+ living with HIV (%),SH.DYN.AIDS.FE.ZS,63.999116318912
Kenya,KEN,1997,Women's share of population ages 15+ living with HIV (%),SH.DYN.AIDS.FE.ZS,63.8395494587334
Kenya,KEN,1996,Women's share of population ages 15+ living with HIV (%),SH.DYN.AIDS.FE.ZS,63.6563885425071
Kenya,KEN,1995,Women's share of population ages 15+ living with HIV (%),SH.DYN.AIDS.FE.ZS,63.4417471281474
Kenya,KEN,1994,Women's share of population ages 15+ living with HIV (%),SH.DYN.AIDS.FE.ZS,63.1760595693653
Kenya,KEN,1993,Women's share of population ages 15+ living with HIV (%),SH.DYN.AIDS.FE.ZS,62.8234742443426
Kenya,KEN,1992,Women's share of population ages 15+ living with HIV (%),SH.DYN.AIDS.FE.ZS,62.3301451142049
Kenya,KEN,1991,Women's share of population ages 15+ living with HIV (%),SH.DYN.AIDS.FE.ZS,61.7078923066397
Kenya,KEN,1990,Women's share of population ages 15+ living with HIV (%),SH.DYN.AIDS.FE.ZS,60.9287892736952
Kenya,KEN,2024,"Prevalence of HIV, female (% ages 15-24)",SH.HIV.1524.FE.ZS,1.4
Kenya,KEN,2023,"Prevalence of HIV, female (% ages 15-24)",SH.HIV.1524.FE.ZS,1.5
Kenya,KEN,2022,"Prevalence of HIV, female (% ages 15-24)",SH.HIV.1524.FE.ZS,1.7
Kenya,KEN,2021,"Prevalence of HIV, female (% ages 15-24)",SH.HIV.1524.FE.ZS,1.8
Kenya,KEN,2020,"Prevalence of HIV, female (% ages 15-24)",SH.HIV.1524.FE.ZS,1.9
Kenya,KEN,2019,"Prevalence of HIV, female (% ages 15-24)",SH.HIV.1524.FE.ZS,2.1
Kenya,KEN,2018,"Prevalence of HIV, female (% ages 15-24)",SH.HIV.1524.FE.ZS,2.2
Kenya,KEN,2017,"Prevalence of HIV, female (% ages 15-24)",SH.HIV.1524.FE.ZS,2.4
Kenya,KEN,2016,"Prevalence of HIV, female (% ages 15-24)",SH.HIV.1524.FE.ZS,2.6
Kenya,KEN,2015,"Prevalence of HIV, female (% ages 15-24)",SH.HIV.1524.FE.ZS,2.8
Kenya,KEN,2014,"Prevalence of HIV, female (% ages 15-24)",SH.HIV.1524.FE.ZS,2.9
Kenya,KEN,2013,"Prevalence of HIV, female (% ages 15-24)",SH.HIV.1524.FE.ZS,3.1
Kenya,KEN,2012,"Prevalence of HIV, female (% ages 15-24)",SH.HIV.1524.FE.ZS,3.2
Kenya,KEN,2011,"Prevalence of HIV, female (% ages 15-24)",SH.HIV.1524.FE.ZS,3.3
Kenya,KEN,2010,"Prevalence of HIV, female (% ages 15-24)",SH.HIV.1524.FE.ZS,3.3
Kenya,KEN,2009,"Prevalence of HIV, female (% ages 15-24)",SH.HIV.1524.FE.ZS,3.4
Kenya,KEN,2008,"Prevalence of HIV, female (% ages 15-24)",SH.HIV.1524.FE.ZS,3.5
Kenya,KEN,2007,"Prevalence of HIV, female (% ages 15-24)",SH.HIV.1524.FE.ZS,3.6
Kenya,KEN,2006,"Prevalence of HIV, female (% ages 15-24)",SH.HIV.1524.FE.ZS,3.7
Kenya,KEN,2005,"Prevalence of HIV, female (% ages 15-24)",SH.HIV.1524.FE.ZS,3.9
Kenya,KEN,2004,"Prevalence of HIV, female (% ages 15-24)",SH.HIV.1524.FE.ZS,4.2
Kenya,KEN,2003,"Prevalence of HIV, female (% ages 15-24)",SH.HIV.1524.FE.ZS,4.6
Kenya,KEN,2002,"Prevalence of HIV, female (% ages 15-24)",SH.HIV.1524.FE.ZS,5.1
Kenya,KEN,2001,"Prevalence of HIV, female (% ages 15-24)",SH.HIV.1524.FE.ZS,5.7
Kenya,KEN,2000,"Prevalence of HIV, female (% ages 15-24)",SH.HIV.1524.FE.ZS,6.5
Kenya,KEN,1999,"Prevalence of HIV, female (% ages 15-24)",SH.HIV.1524.FE.ZS,7.3
Kenya,KEN,1998,"Prevalence of HIV, female (% ages 15-24)",SH.HIV.1524.FE.ZS,8.2
Kenya,KEN,1997,"Prevalence of HIV, female (% ages 15-24)",SH.HIV.1524.FE.ZS,9.1
Kenya,KEN,1996,"Prevalence of HIV, female (% ages 15-24)",SH.HIV.1524.FE.ZS,9.9
Kenya,KEN,1995,"Prevalence of HIV, female (% ages 15-24)",SH.HIV.1524.FE.ZS,10.5
Kenya,KEN,1994,"Prevalence of HIV, female (% ages 15-24)",SH.HIV.1524.FE.ZS,10.7
Kenya,KEN,1993,"Prevalence of HIV, female (% ages 15-24)",SH.HIV.1524.FE.ZS,10.5
Kenya,KEN,1992,"Prevalence of HIV, female (% ages 15-24)",SH.HIV.1524.FE.ZS,9.6
Kenya,KEN,1991,"Prevalence of HIV, female (% ages 15-24)",SH.HIV.1524.FE.ZS,8.3
Kenya,KEN,1990,"Prevalence of HIV, female (% ages 15-24)",SH.HIV.1524.FE.ZS,6.8
Kenya,KEN,2024,"Prevalence of HIV, male (% ages 15-24)",SH.HIV.1524.MA.ZS,0.9
Kenya,KEN,2023,"Prevalence of HIV, male (% ages 15-24)",SH.HIV.1524.MA.ZS,1
Kenya,KEN,2022,"Prevalence of HIV, male (% ages 15-24)",SH.HIV.1524.MA.ZS,1.1
Kenya,KEN,2021,"Prevalence of HIV, male (% ages 15-24)",SH.HIV.1524.MA.ZS,1.2
Kenya,KEN,2020,"Prevalence of HIV, male (% ages 15-24)",SH.HIV.1524.MA.ZS,1.2
Kenya,KEN,2019,"Prevalence of HIV, male (% ages 15-24)",SH.HIV.1524.MA.ZS,1.3
Kenya,KEN,2018,"Prevalence of HIV, male (% ages 15-24)",SH.HIV.1524.MA.ZS,1.4
Kenya,KEN,2017,"Prevalence of HIV, male (% ages 15-24)",SH.HIV.1524.MA.ZS,1.4
Kenya,KEN,2016,"Prevalence of HIV, male (% ages 15-24)",SH.HIV.1524.MA.ZS,1.5
Kenya,KEN,2015,"Prevalence of HIV, male (% ages 15-24)",SH.HIV.1524.MA.ZS,1.6
Kenya,KEN,2014,"Prevalence of HIV, male (% ages 15-24)",SH.HIV.1524.MA.ZS,1.6
Kenya,KEN,2013,"Prevalence of HIV, male (% ages 15-24)",SH.HIV.1524.MA.ZS,1.6
Kenya,KEN,2012,"Prevalence of HIV, male (% ages 15-24)",SH.HIV.1524.MA.ZS,1.6
Kenya,KEN,2011,"Prevalence of HIV, male (% ages 15-24)",SH.HIV.1524.MA.ZS,1.6
Kenya,KEN,2010,"Prevalence of HIV, male (% ages 15-24)",SH.HIV.1524.MA.ZS,1.5
Kenya,KEN,2009,"Prevalence of HIV, male (% ages 15-24)",SH.HIV.1524.MA.ZS,1.4
Kenya,KEN,2008,"Prevalence of HIV, male (% ages 15-24)",SH.HIV.1524.MA.ZS,1.4
Kenya,KEN,2007,"Prevalence of HIV, male (% ages 15-24)",SH.HIV.1524.MA.ZS,1.3
Kenya,KEN,2006,"Prevalence of HIV, male (% ages 15-24)",SH.HIV.1524.MA.ZS,1.2
Kenya,KEN,2005,"Prevalence of HIV, male (% ages 15-24)",SH.HIV.1524.MA.ZS,1.2
Kenya,KEN,2004,"Prevalence of HIV, male (% ages 15-24)",SH.HIV.1524.MA.ZS,1.2
Kenya,KEN,2003,"Prevalence of HIV, male (% ages 15-24)",SH.HIV.1524.MA.ZS,1.2
Kenya,KEN,2002,"Prevalence of HIV, male (% ages 15-24)",SH.HIV.1524.MA.ZS,1.3
Kenya,KEN,2001,"Prevalence of HIV, male (% ages 15-24)",SH.HIV.1524.MA.ZS,1.4
Kenya,KEN,2000,"Prevalence of HIV, male (% ages 15-24)",SH.HIV.1524.MA.ZS,1.6
Kenya,KEN,1999,"Prevalence of HIV, male (% ages 15-24)",SH.HIV.1524.MA.ZS,1.8
Kenya,KEN,1998,"Prevalence of HIV, male (% ages 15-24)",SH.HIV.1524.MA.ZS,2.1
Kenya,KEN,1997,"Prevalence of HIV, male (% ages 15-24)",SH.HIV.1524.MA.ZS,2.4
Kenya,KEN,1996,"Prevalence of HIV, male (% ages 15-24)",SH.HIV.1524.MA.ZS,2.7
Kenya,KEN,1995,"Prevalence of HIV, male (% ages 15-24)",SH.HIV.1524.MA.ZS,2.9
Kenya,KEN,1994,"Prevalence of HIV, male (% ages 15-24)",SH.HIV.1524.MA.ZS,3.1
Kenya,KEN,1993,"Prevalence of HIV, male (% ages 15-24)",SH.HIV.1524.MA.ZS,3.2
Kenya,KEN,1992,"Prevalence of HIV, male (% ages 15-24)",SH.HIV.1524.MA.ZS,3.1
Kenya,KEN,1991,"Prevalence of HIV, male (% ages 15-24)",SH.HIV.1524.MA.ZS,2.8
Kenya,KEN,1990,"Prevalence of HIV, male (% ages 15-24)",SH.HIV.1524.MA.ZS,2.3
Kenya,KEN,2023,Lifetime risk of maternal death (1 in: rate varies by country),SH.MMR.RISK,209
Kenya,KEN,2022,Lifetime risk of maternal death (1 in: rate varies by country),SH.MMR.RISK,196
Kenya,KEN,2021,Lifetime risk of maternal death (1 in: rate varies by country),SH.MMR.RISK,165
Kenya,KEN,2020,Lifetime risk of maternal death (1 in: rate varies by country),SH.MMR.RISK,161
Kenya,KEN,2019,Lifetime risk of maternal death (1 in: rate varies by country),SH.MMR.RISK,164
Kenya,KEN,2018,Lifetime risk of maternal death (1 in: rate varies by country),SH.MMR.RISK,152
Kenya,KEN,2017,Lifetime risk of maternal death (1 in: rate varies by country),SH.MMR.RISK,146
Kenya,KEN,2016,Lifetime risk of maternal death (1 in: rate varies by country),SH.MMR.RISK,136
Kenya,KEN,2015,Lifetime risk of maternal death (1 in: rate varies by country),SH.MMR.RISK,127
Kenya,KEN,2014,Lifetime risk of maternal death (1 in: rate varies by country),SH.MMR.RISK,125
Kenya,KEN,2013,Lifetime risk of maternal death (1 in: rate varies by country),SH.MMR.RISK,119
Kenya,KEN,2012,Lifetime risk of maternal death (1 in: rate varies by country),SH.MMR.RISK,110
Kenya,KEN,2011,Lifetime risk of maternal death (1 in: rate varies by country),SH.MMR.RISK,109
Kenya,KEN,2010,Lifetime risk of maternal death (1 in: rate varies by country),SH.MMR.RISK,104
Kenya,KEN,2009,Lifetime risk of maternal death (1 in: rate varies by country),SH.MMR.RISK,103
Kenya,KEN,2008,Lifetime risk of maternal death (1 in: rate varies by country),SH.MMR.RISK,107
Kenya,KEN,2007,Lifetime risk of maternal death (1 in: rate varies by country),SH.MMR.RISK,105
Kenya,KEN,2006,Lifetime risk of maternal death (1 in: rate varies by country),SH.MMR.RISK,110
Kenya,KEN,2005,Lifetime risk of maternal death (1 in: rate varies by country),SH.MMR.RISK,115
Kenya,KEN,2004,Lifetime risk of maternal death (1 in: rate varies by country),SH.MMR.RISK,115
Kenya,KEN,2003,Lifetime risk of maternal death (1 in: rate varies by country),SH.MMR.RISK,113
Kenya,KEN,2002,Lifetime risk of maternal death (1 in: rate varies by country),SH.MMR.RISK,109
Kenya,KEN,2001,Lifetime risk of maternal death (1 in: rate varies by country),SH.MMR.RISK,104
Kenya,KEN,2000,Lifetime risk of maternal death (1 in: rate varies by country),SH.MMR.RISK,94
Kenya,KEN,1999,Lifetime risk of maternal death (1 in: rate varies by country),SH.MMR.RISK,88
Kenya,KEN,1998,Lifetime risk of maternal death (1 in: rate varies by country),SH.MMR.RISK,75
Kenya,KEN,1997,Lifetime risk of maternal death (1 in: rate varies by country),SH.MMR.RISK,74
Kenya,KEN,1996,Lifetime risk of maternal death (1 in: rate varies by country),SH.MMR.RISK,67
Kenya,KEN,1995,Lifetime risk of maternal death (1 in: rate varies by country),SH.MMR.RISK,59
Kenya,KEN,1994,Lifetime risk of maternal death (1 in: rate varies by country),SH.MMR.RISK,53
Kenya,KEN,1993,Lifetime risk of maternal death (1 in: rate varies by country),SH.MMR.RISK,48
Kenya,KEN,1992,Lifetime risk of maternal death (1 in: rate varies by country),SH.MMR.RISK,41
Kenya,KEN,1991,Lifetime risk of maternal death (1 in: rate varies by country),SH.MMR.RISK,34
Kenya,KEN,1990,Lifetime risk of maternal death (1 in: rate varies by country),SH.MMR.RISK,27
Kenya,KEN,1989,Lifetime risk of maternal death (1 in: rate varies by country),SH.MMR.RISK,23
Kenya,KEN,1988,Lifetime risk of maternal death (1 in: rate varies by country),SH.MMR.RISK,20
Kenya,KEN,1987,Lifetime risk of maternal death (1 in: rate varies by country),SH.MMR.RISK,15
Kenya,KEN,1986,Lifetime risk of maternal death (1 in: rate varies by country),SH.MMR.RISK,14
Kenya,KEN,1985,Lifetime risk of maternal death (1 in: rate varies by country),SH.MMR.RISK,11
Kenya,KEN,2023,Lifetime risk of maternal death (%),SH.MMR.RISK.ZS,0.479347697308969
Kenya,KEN,2022,Lifetime risk of maternal death (%),SH.MMR.RISK.ZS,0.508917588333458
Kenya,KEN,2021,Lifetime risk of maternal death (%),SH.MMR.RISK.ZS,0.606968602480153
Kenya,KEN,2020,Lifetime risk of maternal death (%),SH.MMR.RISK.ZS,0.620051089911257
Kenya,KEN,2019,Lifetime risk of maternal death (%),SH.MMR.RISK.ZS,0.608231552621993
Kenya,KEN,2018,Lifetime risk of maternal death (%),SH.MMR.RISK.ZS,0.655814403575675
Kenya,KEN,2017,Lifetime risk of maternal death (%),SH.MMR.RISK.ZS,0.683807122319628
Kenya,KEN,2016,Lifetime risk of maternal death (%),SH.MMR.RISK.ZS,0.737413867881129
Kenya,KEN,2015,Lifetime risk of maternal death (%),SH.MMR.RISK.ZS,0.784673459634961
Kenya,KEN,2014,Lifetime risk of maternal death (%),SH.MMR.RISK.ZS,0.802134441224858
Kenya,KEN,2013,Lifetime risk of maternal death (%),SH.MMR.RISK.ZS,0.841860269471306
Kenya,KEN,2012,Lifetime risk of maternal death (%),SH.MMR.RISK.ZS,0.908116377180949
Kenya,KEN,2011,Lifetime risk of maternal death (%),SH.MMR.RISK.ZS,0.92133650346154
Kenya,KEN,2010,Lifetime risk of maternal death (%),SH.MMR.RISK.ZS,0.958161443220046
Kenya,KEN,2009,Lifetime risk of maternal death (%),SH.MMR.RISK.ZS,0.970149101642672
Kenya,KEN,2008,Lifetime risk of maternal death (%),SH.MMR.RISK.ZS,0.935805643291583
Kenya,KEN,2007,Lifetime risk of maternal death (%),SH.MMR.RISK.ZS,0.952977265984971
Kenya,KEN,2006,Lifetime risk of maternal death (%),SH.MMR.RISK.ZS,0.909156653758249
Kenya,KEN,2005,Lifetime risk of maternal death (%),SH.MMR.RISK.ZS,0.866150910074104
Kenya,KEN,2004,Lifetime risk of maternal death (%),SH.MMR.RISK.ZS,0.870133087685127
Kenya,KEN,2003,Lifetime risk of maternal death (%),SH.MMR.RISK.ZS,0.883212150665385
Kenya,KEN,2002,Lifetime risk of maternal death (%),SH.MMR.RISK.ZS,0.920707344333857
Kenya,KEN,2001,Lifetime risk of maternal death (%),SH.MMR.RISK.ZS,0.964738455706987
Kenya,KEN,2000,Lifetime risk of maternal death (%),SH.MMR.RISK.ZS,1.06797221490652
Kenya,KEN,1999,Lifetime risk of maternal death (%),SH.MMR.RISK.ZS,1.13728289897223
Kenya,KEN,1998,Lifetime risk of maternal death (%),SH.MMR.RISK.ZS,1.32733914693324
Kenya,KEN,1997,Lifetime risk of maternal death (%),SH.MMR.RISK.ZS,1.35131771762439
Kenya,KEN,1996,Lifetime risk of maternal death (%),SH.MMR.RISK.ZS,1.48410068543965
Kenya,KEN,1995,Lifetime risk of maternal death (%),SH.MMR.RISK.ZS,1.69092731950936
Kenya,KEN,1994,Lifetime risk of maternal death (%),SH.MMR.RISK.ZS,1.89702385150642
Kenya,KEN,1993,Lifetime risk of maternal death (%),SH.MMR.RISK.ZS,2.0700193444203
Kenya,KEN,1992,Lifetime risk of maternal death (%),SH.MMR.RISK.ZS,2.45164007296421
Kenya,KEN,1991,Lifetime risk of maternal death (%),SH.MMR.RISK.ZS,2.97833188204207
Kenya,KEN,1990,Lifetime risk of maternal death (%),SH.MMR.RISK.ZS,3.6378047935145
Kenya,KEN,1989,Lifetime risk of maternal death (%),SH.MMR.RISK.ZS,4.28432348188563
Kenya,KEN,1988,Lifetime risk of maternal death (%),SH.MMR.RISK.ZS,4.99064640789071
Kenya,KEN,1987,Lifetime risk of maternal death (%),SH.MMR.RISK.ZS,6.45947858746524
Kenya,KEN,1986,Lifetime risk of maternal death (%),SH.MMR.RISK.ZS,7.20420421897956
Kenya,KEN,1985,Lifetime risk of maternal death (%),SH.MMR.RISK.ZS,9.42281731015234
Kenya,KEN,2024,"Prevalence of current tobacco use, females (% of female adults)",SH.PRV.SMOK.FE,2.4
Kenya,KEN,2023,"Prevalence of current tobacco use, females (% of female adults)",SH.PRV.SMOK.FE,2.5
Kenya,KEN,2022,"Prevalence of current tobacco use, females (% of female adults)",SH.PRV.SMOK.FE,2.6
Kenya,KEN,2020,"Prevalence of current tobacco use, females (% of female adults)",SH.PRV.SMOK.FE,2.8
Kenya,KEN,2015,"Prevalence of current tobacco use, females (% of female adults)",SH.PRV.SMOK.FE,3.3
Kenya,KEN,2010,"Prevalence of current tobacco use, females (% of female adults)",SH.PRV.SMOK.FE,4
Kenya,KEN,2007,"Prevalence of current tobacco use, females (% of female adults)",SH.PRV.SMOK.FE,4.5
Kenya,KEN,2005,"Prevalence of current tobacco use, females (% of female adults)",SH.PRV.SMOK.FE,4.9
Kenya,KEN,2000,"Prevalence of current tobacco use, females (% of female adults)",SH.PRV.SMOK.FE,6
Kenya,KEN,2024,"Prevalence of current tobacco use, males (% of male adults)",SH.PRV.SMOK.MA,16.8
Kenya,KEN,2023,"Prevalence of current tobacco use, males (% of male adults)",SH.PRV.SMOK.MA,17.2
Kenya,KEN,2022,"Prevalence of current tobacco use, males (% of male adults)",SH.PRV.SMOK.MA,17.8
Kenya,KEN,2020,"Prevalence of current tobacco use, males (% of male adults)",SH.PRV.SMOK.MA,18.9
Kenya,KEN,2015,"Prevalence of current tobacco use, males (% of male adults)",SH.PRV.SMOK.MA,21.8
Kenya,KEN,2010,"Prevalence of current tobacco use, males (% of male adults)",SH.PRV.SMOK.MA,25.5
Kenya,KEN,2007,"Prevalence of current tobacco use, males (% of male adults)",SH.PRV.SMOK.MA,27.9
Kenya,KEN,2005,"Prevalence of current tobacco use, males (% of male adults)",SH.PRV.SMOK.MA,29.8
Kenya,KEN,2000,"Prevalence of current tobacco use, males (% of male adults)",SH.PRV.SMOK.MA,34.6
Kenya,KEN,2020,Pregnant women receiving prenatal care (%),SH.STA.ANVC.ZS,92.8
Kenya,KEN,2015,Pregnant women receiving prenatal care (%),SH.STA.ANVC.ZS,93.7
Kenya,KEN,2014,Pregnant women receiving prenatal care (%),SH.STA.ANVC.ZS,95.5
Kenya,KEN,2010,Pregnant women receiving prenatal care (%),SH.STA.ANVC.ZS,85.8
Kenya,KEN,2009,Pregnant women receiving prenatal care (%),SH.STA.ANVC.ZS,91.5
Kenya,KEN,2003,Pregnant women receiving prenatal care (%),SH.STA.ANVC.ZS,88.1
Kenya,KEN,2000,Pregnant women receiving prenatal care (%),SH.STA.ANVC.ZS,76.2
Kenya,KEN,1998,Pregnant women receiving prenatal care (%),SH.STA.ANVC.ZS,91.9
Kenya,KEN,1993,Pregnant women receiving prenatal care (%),SH.STA.ANVC.ZS,94.8
Kenya,KEN,1989,Pregnant women receiving prenatal care (%),SH.STA.ANVC.ZS,78
Kenya,KEN,2016,Births attended by skilled health staff (% of total),SH.STA.BRTC.ZS,70.2
Kenya,KEN,2014,Births attended by skilled health staff (% of total),SH.STA.BRTC.ZS,61.8
Kenya,KEN,2009,Births attended by skilled health staff (% of total),SH.STA.BRTC.ZS,43.8
Kenya,KEN,2003,Births attended by skilled health staff (% of total),SH.STA.BRTC.ZS,41.6
Kenya,KEN,2000,Births attended by skilled health staff (% of total),SH.STA.BRTC.ZS,42.6
Kenya,KEN,1998,Births attended by skilled health staff (% of total),SH.STA.BRTC.ZS,44.3
Kenya,KEN,1993,Births attended by skilled health staff (% of total),SH.STA.BRTC.ZS,45.1
Kenya,KEN,1989,Births attended by skilled health staff (% of total),SH.STA.BRTC.ZS,50.1
Kenya,KEN,2022,"Prevalence of underweight, weight for age, female (% of children under 5)",SH.STA.MALN.FE.ZS,8.9
Kenya,KEN,2016,"Prevalence of underweight, weight for age, female (% of children under 5)",SH.STA.MALN.FE.ZS,12.4
Kenya,KEN,2014,"Prevalence of underweight, weight for age, female (% of children under 5)",SH.STA.MALN.FE.ZS,10
Kenya,KEN,2011,"Prevalence of underweight, weight for age, female (% of children under 5)",SH.STA.MALN.FE.ZS,9.6
Kenya,KEN,2008,"Prevalence of underweight, weight for age, female (% of children under 5)",SH.STA.MALN.FE.ZS,15.7
Kenya,KEN,2005,"Prevalence of underweight, weight for age, female (% of children under 5)",SH.STA.MALN.FE.ZS,16.3
Kenya,KEN,2003,"Prevalence of underweight, weight for age, female (% of children under 5)",SH.STA.MALN.FE.ZS,13.7
Kenya,KEN,2000,"Prevalence of underweight, weight for age, female (% of children under 5)",SH.STA.MALN.FE.ZS,15
Kenya,KEN,1998,"Prevalence of underweight, weight for age, female (% of children under 5)",SH.STA.MALN.FE.ZS,15.7
Kenya,KEN,1994,"Prevalence of underweight, weight for age, female (% of children under 5)",SH.STA.MALN.FE.ZS,16.2
Kenya,KEN,1993,"Prevalence of underweight, weight for age, female (% of children under 5)",SH.STA.MALN.FE.ZS,17
Kenya,KEN,2022,"Prevalence of underweight, weight for age, male (% of children under 5)",SH.STA.MALN.MA.ZS,10.7
Kenya,KEN,2016,"Prevalence of underweight, weight for age, male (% of children under 5)",SH.STA.MALN.MA.ZS,13.7
Kenya,KEN,2014,"Prevalence of underweight, weight for age, male (% of children under 5)",SH.STA.MALN.MA.ZS,12.4
Kenya,KEN,2011,"Prevalence of underweight, weight for age, male (% of children under 5)",SH.STA.MALN.MA.ZS,14.6
Kenya,KEN,2008,"Prevalence of underweight, weight for age, male (% of children under 5)",SH.STA.MALN.MA.ZS,17.2
Kenya,KEN,2005,"Prevalence of underweight, weight for age, male (% of children under 5)",SH.STA.MALN.MA.ZS,19.7
Kenya,KEN,2003,"Prevalence of underweight, weight for age, male (% of children under 5)",SH.STA.MALN.MA.ZS,19.2
Kenya,KEN,2000,"Prevalence of underweight, weight for age, male (% of children under 5)",SH.STA.MALN.MA.ZS,19.1
Kenya,KEN,1998,"Prevalence of underweight, weight for age, male (% of children under 5)",SH.STA.MALN.MA.ZS,19.8
Kenya,KEN,1994,"Prevalence of underweight, weight for age, male (% of children under 5)",SH.STA.MALN.MA.ZS,19.5
Kenya,KEN,1993,"Prevalence of underweight, weight for age, male (% of children under 5)",SH.STA.MALN.MA.ZS,21.8
Kenya,KEN,2023,"Maternal mortality ratio (modeled estimate, per 100,000 live births)",SH.STA.MMRT,149
Kenya,KEN,2022,"Maternal mortality ratio (modeled estimate, per 100,000 live births)",SH.STA.MMRT,155
Kenya,KEN,2021,"Maternal mortality ratio (modeled estimate, per 100,000 live births)",SH.STA.MMRT,183
Kenya,KEN,2020,"Maternal mortality ratio (modeled estimate, per 100,000 live births)",SH.STA.MMRT,184
Kenya,KEN,2019,"Maternal mortality ratio (modeled estimate, per 100,000 live births)",SH.STA.MMRT,176
Kenya,KEN,2018,"Maternal mortality ratio (modeled estimate, per 100,000 live births)",SH.STA.MMRT,183
Kenya,KEN,2017,"Maternal mortality ratio (modeled estimate, per 100,000 live births)",SH.STA.MMRT,186
Kenya,KEN,2016,"Maternal mortality ratio (modeled estimate, per 100,000 live births)",SH.STA.MMRT,196
Kenya,KEN,2015,"Maternal mortality ratio (modeled estimate, per 100,000 live births)",SH.STA.MMRT,203
Kenya,KEN,2014,"Maternal mortality ratio (modeled estimate, per 100,000 live births)",SH.STA.MMRT,203
Kenya,KEN,2013,"Maternal mortality ratio (modeled estimate, per 100,000 live births)",SH.STA.MMRT,206
Kenya,KEN,2012,"Maternal mortality ratio (modeled estimate, per 100,000 live births)",SH.STA.MMRT,214
Kenya,KEN,2011,"Maternal mortality ratio (modeled estimate, per 100,000 live births)",SH.STA.MMRT,209
Kenya,KEN,2010,"Maternal mortality ratio (modeled estimate, per 100,000 live births)",SH.STA.MMRT,210
Kenya,KEN,2009,"Maternal mortality ratio (modeled estimate, per 100,000 live births)",SH.STA.MMRT,208
Kenya,KEN,2008,"Maternal mortality ratio (modeled estimate, per 100,000 live births)",SH.STA.MMRT,197
Kenya,KEN,2007,"Maternal mortality ratio (modeled estimate, per 100,000 live births)",SH.STA.MMRT,198
Kenya,KEN,2006,"Maternal mortality ratio (modeled estimate, per 100,000 live births)",SH.STA.MMRT,188
Kenya,KEN,2005,"Maternal mortality ratio (modeled estimate, per 100,000 live births)",SH.STA.MMRT,178
Kenya,KEN,2004,"Maternal mortality ratio (modeled estimate, per 100,000 live births)",SH.STA.MMRT,177
Kenya,KEN,2003,"Maternal mortality ratio (modeled estimate, per 100,000 live births)",SH.STA.MMRT,177
Kenya,KEN,2002,"Maternal mortality ratio (modeled estimate, per 100,000 live births)",SH.STA.MMRT,182
Kenya,KEN,2001,"Maternal mortality ratio (modeled estimate, per 100,000 live births)",SH.STA.MMRT,188
Kenya,KEN,2000,"Maternal mortality ratio (modeled estimate, per 100,000 live births)",SH.STA.MMRT,206
Kenya,KEN,1999,"Maternal mortality ratio (modeled estimate, per 100,000 live births)",SH.STA.MMRT,217
Kenya,KEN,1998,"Maternal mortality ratio (modeled estimate, per 100,000 live births)",SH.STA.MMRT,250
Kenya,KEN,1997,"Maternal mortality ratio (modeled estimate, per 100,000 live births)",SH.STA.MMRT,253
Kenya,KEN,1996,"Maternal mortality ratio (modeled estimate, per 100,000 live births)",SH.STA.MMRT,275
Kenya,KEN,1995,"Maternal mortality ratio (modeled estimate, per 100,000 live births)",SH.STA.MMRT,308
Kenya,KEN,1994,"Maternal mortality ratio (modeled estimate, per 100,000 live births)",SH.STA.MMRT,342
Kenya,KEN,1993,"Maternal mortality ratio (modeled estimate, per 100,000 live births)",SH.STA.MMRT,363
Kenya,KEN,1992,"Maternal mortality ratio (modeled estimate, per 100,000 live births)",SH.STA.MMRT,419
Kenya,KEN,1991,"Maternal mortality ratio (modeled estimate, per 100,000 live births)",SH.STA.MMRT,493
Kenya,KEN,1990,"Maternal mortality ratio (modeled estimate, per 100,000 live births)",SH.STA.MMRT,586
Kenya,KEN,1989,"Maternal mortality ratio (modeled estimate, per 100,000 live births)",SH.STA.MMRT,663
Kenya,KEN,1988,"Maternal mortality ratio (modeled estimate, per 100,000 live births)",SH.STA.MMRT,756
Kenya,KEN,1987,"Maternal mortality ratio (modeled estimate, per 100,000 live births)",SH.STA.MMRT,960
Kenya,KEN,1986,"Maternal mortality ratio (modeled estimate, per 100,000 live births)",SH.STA.MMRT,1059
Kenya,KEN,1985,"Maternal mortality ratio (modeled estimate, per 100,000 live births)",SH.STA.MMRT,1375
Kenya,KEN,1999,"Child employment in agriculture, female (% of female economically active children ages 7-14)",SL.AGR.0714.FE.ZS,74.4463234797
Kenya,KEN,1999,"Child employment in agriculture, male (% of male economically active children ages 7-14)",SL.AGR.0714.MA.ZS,87.2935943767
Kenya,KEN,2025,"Employment in agriculture, female (% of female employment) (modeled ILO estimate)",SL.AGR.EMPL.FE.ZS,53.3552284914178
Kenya,KEN,2024,"Employment in agriculture, female (% of female employment) (modeled ILO estimate)",SL.AGR.EMPL.FE.ZS,54.1023780170238
Kenya,KEN,2023,"Employment in agriculture, female (% of female employment) (modeled ILO estimate)",SL.AGR.EMPL.FE.ZS,54.8020238091417
Kenya,KEN,2022,"Employment in agriculture, female (% of female employment) (modeled ILO estimate)",SL.AGR.EMPL.FE.ZS,55.4998025231752
Kenya,KEN,2021,"Employment in agriculture, female (% of female employment) (modeled ILO estimate)",SL.AGR.EMPL.FE.ZS,57.9591153884423
Kenya,KEN,2020,"Employment in agriculture, female (% of female employment) (modeled ILO estimate)",SL.AGR.EMPL.FE.ZS,57.3891418715927
Kenya,KEN,2019,"Employment in agriculture, female (% of female employment) (modeled ILO estimate)",SL.AGR.EMPL.FE.ZS,55.4784727546129
Kenya,KEN,2018,"Employment in agriculture, female (% of female employment) (modeled ILO estimate)",SL.AGR.EMPL.FE.ZS,56.3779885559798
Kenya,KEN,2017,"Employment in agriculture, female (% of female employment) (modeled ILO estimate)",SL.AGR.EMPL.FE.ZS,57.4897154533984
Kenya,KEN,2016,"Employment in agriculture, female (% of female employment) (modeled ILO estimate)",SL.AGR.EMPL.FE.ZS,58.3102445716002
Kenya,KEN,2015,"Employment in agriculture, female (% of female employment) (modeled ILO estimate)",SL.AGR.EMPL.FE.ZS,59.2323688710785
Kenya,KEN,2014,"Employment in agriculture, female (% of female employment) (modeled ILO estimate)",SL.AGR.EMPL.FE.ZS,60.1496651425296
Kenya,KEN,2013,"Employment in agriculture, female (% of female employment) (modeled ILO estimate)",SL.AGR.EMPL.FE.ZS,61.1626939074672
Kenya,KEN,2012,"Employment in agriculture, female (% of female employment) (modeled ILO estimate)",SL.AGR.EMPL.FE.ZS,62.0224470798606
Kenya,KEN,2011,"Employment in agriculture, female (% of female employment) (modeled ILO estimate)",SL.AGR.EMPL.FE.ZS,62.9432703888085
Kenya,KEN,2010,"Employment in agriculture, female (% of female employment) (modeled ILO estimate)",SL.AGR.EMPL.FE.ZS,63.7065265680396
Kenya,KEN,2009,"Employment in agriculture, female (% of female employment) (modeled ILO estimate)",SL.AGR.EMPL.FE.ZS,64.663128518386
Kenya,KEN,2008,"Employment in agriculture, female (% of female employment) (modeled ILO estimate)",SL.AGR.EMPL.FE.ZS,65.1613851824464
Kenya,KEN,2007,"Employment in agriculture, female (% of female employment) (modeled ILO estimate)",SL.AGR.EMPL.FE.ZS,65.6222991164524
Kenya,KEN,2006,"Employment in agriculture, female (% of female employment) (modeled ILO estimate)",SL.AGR.EMPL.FE.ZS,66.5916444672188
Kenya,KEN,2005,"Employment in agriculture, female (% of female employment) (modeled ILO estimate)",SL.AGR.EMPL.FE.ZS,67.5128708515765
Kenya,KEN,2004,"Employment in agriculture, female (% of female employment) (modeled ILO estimate)",SL.AGR.EMPL.FE.ZS,68.3924211683571
Kenya,KEN,2003,"Employment in agriculture, female (% of female employment) (modeled ILO estimate)",SL.AGR.EMPL.FE.ZS,69.1703789528356
Kenya,KEN,2002,"Employment in agriculture, female (% of female employment) (modeled ILO estimate)",SL.AGR.EMPL.FE.ZS,69.8580714413501
Kenya,KEN,2001,"Employment in agriculture, female (% of female employment) (modeled ILO estimate)",SL.AGR.EMPL.FE.ZS,70.428693732622
Kenya,KEN,2000,"Employment in agriculture, female (% of female employment) (modeled ILO estimate)",SL.AGR.EMPL.FE.ZS,71.2329428686165
Kenya,KEN,1999,"Employment in agriculture, female (% of female employment) (modeled ILO estimate)",SL.AGR.EMPL.FE.ZS,71.550232737113
Kenya,KEN,1998,"Employment in agriculture, female (% of female employment) (modeled ILO estimate)",SL.AGR.EMPL.FE.ZS,71.7384463314828
Kenya,KEN,1997,"Employment in agriculture, female (% of female employment) (modeled ILO estimate)",SL.AGR.EMPL.FE.ZS,72.0269809885458
Kenya,KEN,1996,"Employment in agriculture, female (% of female employment) (modeled ILO estimate)",SL.AGR.EMPL.FE.ZS,72.1659313974201
Kenya,KEN,1995,"Employment in agriculture, female (% of female employment) (modeled ILO estimate)",SL.AGR.EMPL.FE.ZS,72.4866000801833
Kenya,KEN,1994,"Employment in agriculture, female (% of female employment) (modeled ILO estimate)",SL.AGR.EMPL.FE.ZS,72.7700296713515
Kenya,KEN,1993,"Employment in agriculture, female (% of female employment) (modeled ILO estimate)",SL.AGR.EMPL.FE.ZS,72.9665514522206
Kenya,KEN,1992,"Employment in agriculture, female (% of female employment) (modeled ILO estimate)",SL.AGR.EMPL.FE.ZS,72.9852362095343
Kenya,KEN,1991,"Employment in agriculture, female (% of female employment) (modeled ILO estimate)",SL.AGR.EMPL.FE.ZS,72.9133581054733
Kenya,KEN,2025,"Employment in agriculture, male (% of male employment) (modeled ILO estimate)",SL.AGR.EMPL.MA.ZS,39.1469941500391
Kenya,KEN,2024,"Employment in agriculture, male (% of male employment) (modeled ILO estimate)",SL.AGR.EMPL.MA.ZS,39.8646067108036
Kenya,KEN,2023,"Employment in agriculture, male (% of male employment) (modeled ILO estimate)",SL.AGR.EMPL.MA.ZS,40.4986844857385
Kenya,KEN,2022,"Employment in agriculture, male (% of male employment) (modeled ILO estimate)",SL.AGR.EMPL.MA.ZS,41.1848736655561
Kenya,KEN,2021,"Employment in agriculture, male (% of male employment) (modeled ILO estimate)",SL.AGR.EMPL.MA.ZS,45.4986581285859
Kenya,KEN,2020,"Employment in agriculture, male (% of male employment) (modeled ILO estimate)",SL.AGR.EMPL.MA.ZS,45.8688325632892
Kenya,KEN,2019,"Employment in agriculture, male (% of male employment) (modeled ILO estimate)",SL.AGR.EMPL.MA.ZS,44.6964958905342
Kenya,KEN,2018,"Employment in agriculture, male (% of male employment) (modeled ILO estimate)",SL.AGR.EMPL.MA.ZS,45.0164690762493
Kenya,KEN,2017,"Employment in agriculture, male (% of male employment) (modeled ILO estimate)",SL.AGR.EMPL.MA.ZS,45.5960920780776
Kenya,KEN,2016,"Employment in agriculture, male (% of male employment) (modeled ILO estimate)",SL.AGR.EMPL.MA.ZS,45.8292435730277
Kenya,KEN,2015,"Employment in agriculture, male (% of male employment) (modeled ILO estimate)",SL.AGR.EMPL.MA.ZS,46.1952365417141
Kenya,KEN,2014,"Employment in agriculture, male (% of male employment) (modeled ILO estimate)",SL.AGR.EMPL.MA.ZS,46.5591756077748
Kenya,KEN,2013,"Employment in agriculture, male (% of male employment) (modeled ILO estimate)",SL.AGR.EMPL.MA.ZS,47.0679277243726
Kenya,KEN,2012,"Employment in agriculture, male (% of male employment) (modeled ILO estimate)",SL.AGR.EMPL.MA.ZS,47.387710348008
Kenya,KEN,2011,"Employment in agriculture, male (% of male employment) (modeled ILO estimate)",SL.AGR.EMPL.MA.ZS,47.7861470701698
Kenya,KEN,2010,"Employment in agriculture, male (% of male employment) (modeled ILO estimate)",SL.AGR.EMPL.MA.ZS,48.0437338971803
Kenya,KEN,2009,"Employment in agriculture, male (% of male employment) (modeled ILO estimate)",SL.AGR.EMPL.MA.ZS,48.5606658534835
Kenya,KEN,2008,"Employment in agriculture, male (% of male employment) (modeled ILO estimate)",SL.AGR.EMPL.MA.ZS,48.4975178867802
Kenya,KEN,2007,"Employment in agriculture, male (% of male employment) (modeled ILO estimate)",SL.AGR.EMPL.MA.ZS,48.2366696938578
Kenya,KEN,2006,"Employment in agriculture, male (% of male employment) (modeled ILO estimate)",SL.AGR.EMPL.MA.ZS,48.7177959921897
Kenya,KEN,2005,"Employment in agriculture, male (% of male employment) (modeled ILO estimate)",SL.AGR.EMPL.MA.ZS,49.1743373552731
Kenya,KEN,2004,"Employment in agriculture, male (% of male employment) (modeled ILO estimate)",SL.AGR.EMPL.MA.ZS,49.5639722779009
Kenya,KEN,2003,"Employment in agriculture, male (% of male employment) (modeled ILO estimate)",SL.AGR.EMPL.MA.ZS,49.8484935058309
Kenya,KEN,2002,"Employment in agriculture, male (% of male employment) (modeled ILO estimate)",SL.AGR.EMPL.MA.ZS,49.8690916243654
Kenya,KEN,2001,"Employment in agriculture, male (% of male employment) (modeled ILO estimate)",SL.AGR.EMPL.MA.ZS,49.7345737701308
Kenya,KEN,2000,"Employment in agriculture, male (% of male employment) (modeled ILO estimate)",SL.AGR.EMPL.MA.ZS,49.9102242358926
Kenya,KEN,1999,"Employment in agriculture, male (% of male employment) (modeled ILO estimate)",SL.AGR.EMPL.MA.ZS,49.5967359632435
Kenya,KEN,1998,"Employment in agriculture, male (% of male employment) (modeled ILO estimate)",SL.AGR.EMPL.MA.ZS,49.6650608508674
Kenya,KEN,1997,"Employment in agriculture, male (% of male employment) (modeled ILO estimate)",SL.AGR.EMPL.MA.ZS,49.8580957406229
Kenya,KEN,1996,"Employment in agriculture, male (% of male employment) (modeled ILO estimate)",SL.AGR.EMPL.MA.ZS,49.8215705464691
Kenya,KEN,1995,"Employment in agriculture, male (% of male employment) (modeled ILO estimate)",SL.AGR.EMPL.MA.ZS,50.1525866673906
Kenya,KEN,1994,"Employment in agriculture, male (% of male employment) (modeled ILO estimate)",SL.AGR.EMPL.MA.ZS,50.3731431078844
Kenya,KEN,1993,"Employment in agriculture, male (% of male employment) (modeled ILO estimate)",SL.AGR.EMPL.MA.ZS,50.536034109225
Kenya,KEN,1992,"Employment in agriculture, male (% of male employment) (modeled ILO estimate)",SL.AGR.EMPL.MA.ZS,50.4202560206949
Kenya,KEN,1991,"Employment in agriculture, male (% of male employment) (modeled ILO estimate)",SL.AGR.EMPL.MA.ZS,50.2654116567124
Kenya,KEN,2025,"Employment to population ratio, ages 15-24, female (%) (modeled ILO estimate)",SL.EMP.1524.SP.FE.ZS,26.913
Kenya,KEN,2024,"Employment to population ratio, ages 15-24, female (%) (modeled ILO estimate)",SL.EMP.1524.SP.FE.ZS,26.822
Kenya,KEN,2023,"Employment to population ratio, ages 15-24, female (%) (modeled ILO estimate)",SL.EMP.1524.SP.FE.ZS,27.388
Kenya,KEN,2022,"Employment to population ratio, ages 15-24, female (%) (modeled ILO estimate)",SL.EMP.1524.SP.FE.ZS,27.221
Kenya,KEN,2021,"Employment to population ratio, ages 15-24, female (%) (modeled ILO estimate)",SL.EMP.1524.SP.FE.ZS,27.909
Kenya,KEN,2020,"Employment to population ratio, ages 15-24, female (%) (modeled ILO estimate)",SL.EMP.1524.SP.FE.ZS,28.383
Kenya,KEN,2019,"Employment to population ratio, ages 15-24, female (%) (modeled ILO estimate)",SL.EMP.1524.SP.FE.ZS,30.609
Kenya,KEN,2018,"Employment to population ratio, ages 15-24, female (%) (modeled ILO estimate)",SL.EMP.1524.SP.FE.ZS,33.721
Kenya,KEN,2017,"Employment to population ratio, ages 15-24, female (%) (modeled ILO estimate)",SL.EMP.1524.SP.FE.ZS,37.001
Kenya,KEN,2016,"Employment to population ratio, ages 15-24, female (%) (modeled ILO estimate)",SL.EMP.1524.SP.FE.ZS,40.485
Kenya,KEN,2015,"Employment to population ratio, ages 15-24, female (%) (modeled ILO estimate)",SL.EMP.1524.SP.FE.ZS,40.903
Kenya,KEN,2014,"Employment to population ratio, ages 15-24, female (%) (modeled ILO estimate)",SL.EMP.1524.SP.FE.ZS,41.311
Kenya,KEN,2013,"Employment to population ratio, ages 15-24, female (%) (modeled ILO estimate)",SL.EMP.1524.SP.FE.ZS,41.735
Kenya,KEN,2012,"Employment to population ratio, ages 15-24, female (%) (modeled ILO estimate)",SL.EMP.1524.SP.FE.ZS,42.233
Kenya,KEN,2011,"Employment to population ratio, ages 15-24, female (%) (modeled ILO estimate)",SL.EMP.1524.SP.FE.ZS,42.639
Kenya,KEN,2010,"Employment to population ratio, ages 15-24, female (%) (modeled ILO estimate)",SL.EMP.1524.SP.FE.ZS,42.983
Kenya,KEN,2009,"Employment to population ratio, ages 15-24, female (%) (modeled ILO estimate)",SL.EMP.1524.SP.FE.ZS,43.398
Kenya,KEN,2008,"Employment to population ratio, ages 15-24, female (%) (modeled ILO estimate)",SL.EMP.1524.SP.FE.ZS,43.893
Kenya,KEN,2007,"Employment to population ratio, ages 15-24, female (%) (modeled ILO estimate)",SL.EMP.1524.SP.FE.ZS,44.424
Kenya,KEN,2006,"Employment to population ratio, ages 15-24, female (%) (modeled ILO estimate)",SL.EMP.1524.SP.FE.ZS,44.826
Kenya,KEN,2005,"Employment to population ratio, ages 15-24, female (%) (modeled ILO estimate)",SL.EMP.1524.SP.FE.ZS,45.19
Kenya,KEN,2004,"Employment to population ratio, ages 15-24, female (%) (modeled ILO estimate)",SL.EMP.1524.SP.FE.ZS,45.516
Kenya,KEN,2003,"Employment to population ratio, ages 15-24, female (%) (modeled ILO estimate)",SL.EMP.1524.SP.FE.ZS,45.911
Kenya,KEN,2002,"Employment to population ratio, ages 15-24, female (%) (modeled ILO estimate)",SL.EMP.1524.SP.FE.ZS,46.285
Kenya,KEN,2001,"Employment to population ratio, ages 15-24, female (%) (modeled ILO estimate)",SL.EMP.1524.SP.FE.ZS,46.734
Kenya,KEN,2000,"Employment to population ratio, ages 15-24, female (%) (modeled ILO estimate)",SL.EMP.1524.SP.FE.ZS,47.137
Kenya,KEN,1999,"Employment to population ratio, ages 15-24, female (%) (modeled ILO estimate)",SL.EMP.1524.SP.FE.ZS,47.546
Kenya,KEN,1998,"Employment to population ratio, ages 15-24, female (%) (modeled ILO estimate)",SL.EMP.1524.SP.FE.ZS,47.921
Kenya,KEN,1997,"Employment to population ratio, ages 15-24, female (%) (modeled ILO estimate)",SL.EMP.1524.SP.FE.ZS,48.245
Kenya,KEN,1996,"Employment to population ratio, ages 15-24, female (%) (modeled ILO estimate)",SL.EMP.1524.SP.FE.ZS,48.584
Kenya,KEN,1995,"Employment to population ratio, ages 15-24, female (%) (modeled ILO estimate)",SL.EMP.1524.SP.FE.ZS,48.817
Kenya,KEN,1994,"Employment to population ratio, ages 15-24, female (%) (modeled ILO estimate)",SL.EMP.1524.SP.FE.ZS,49.039
Kenya,KEN,1993,"Employment to population ratio, ages 15-24, female (%) (modeled ILO estimate)",SL.EMP.1524.SP.FE.ZS,49.337
Kenya,KEN,1992,"Employment to population ratio, ages 15-24, female (%) (modeled ILO estimate)",SL.EMP.1524.SP.FE.ZS,49.702
Kenya,KEN,1991,"Employment to population ratio, ages 15-24, female (%) (modeled ILO estimate)",SL.EMP.1524.SP.FE.ZS,50.061
Kenya,KEN,2025,"Employment to population ratio, ages 15-24, male (%) (modeled ILO estimate)",SL.EMP.1524.SP.MA.ZS,33.126
Kenya,KEN,2024,"Employment to population ratio, ages 15-24, male (%) (modeled ILO estimate)",SL.EMP.1524.SP.MA.ZS,33.337
Kenya,KEN,2023,"Employment to population ratio, ages 15-24, male (%) (modeled ILO estimate)",SL.EMP.1524.SP.MA.ZS,34.369
Kenya,KEN,2022,"Employment to population ratio, ages 15-24, male (%) (modeled ILO estimate)",SL.EMP.1524.SP.MA.ZS,34.548
Kenya,KEN,2021,"Employment to population ratio, ages 15-24, male (%) (modeled ILO estimate)",SL.EMP.1524.SP.MA.ZS,35.692
Kenya,KEN,2020,"Employment to population ratio, ages 15-24, male (%) (modeled ILO estimate)",SL.EMP.1524.SP.MA.ZS,34.909
Kenya,KEN,2019,"Employment to population ratio, ages 15-24, male (%) (modeled ILO estimate)",SL.EMP.1524.SP.MA.ZS,35.319
Kenya,KEN,2018,"Employment to population ratio, ages 15-24, male (%) (modeled ILO estimate)",SL.EMP.1524.SP.MA.ZS,37.833
Kenya,KEN,2017,"Employment to population ratio, ages 15-24, male (%) (modeled ILO estimate)",SL.EMP.1524.SP.MA.ZS,40.43
Kenya,KEN,2016,"Employment to population ratio, ages 15-24, male (%) (modeled ILO estimate)",SL.EMP.1524.SP.MA.ZS,43.107
Kenya,KEN,2015,"Employment to population ratio, ages 15-24, male (%) (modeled ILO estimate)",SL.EMP.1524.SP.MA.ZS,43.128
Kenya,KEN,2014,"Employment to population ratio, ages 15-24, male (%) (modeled ILO estimate)",SL.EMP.1524.SP.MA.ZS,43.168
Kenya,KEN,2013,"Employment to population ratio, ages 15-24, male (%) (modeled ILO estimate)",SL.EMP.1524.SP.MA.ZS,43.218
Kenya,KEN,2012,"Employment to population ratio, ages 15-24, male (%) (modeled ILO estimate)",SL.EMP.1524.SP.MA.ZS,43.35
Kenya,KEN,2011,"Employment to population ratio, ages 15-24, male (%) (modeled ILO estimate)",SL.EMP.1524.SP.MA.ZS,43.378
Kenya,KEN,2010,"Employment to population ratio, ages 15-24, male (%) (modeled ILO estimate)",SL.EMP.1524.SP.MA.ZS,43.334
Kenya,KEN,2009,"Employment to population ratio, ages 15-24, male (%) (modeled ILO estimate)",SL.EMP.1524.SP.MA.ZS,43.353
Kenya,KEN,2008,"Employment to population ratio, ages 15-24, male (%) (modeled ILO estimate)",SL.EMP.1524.SP.MA.ZS,43.455
Kenya,KEN,2007,"Employment to population ratio, ages 15-24, male (%) (modeled ILO estimate)",SL.EMP.1524.SP.MA.ZS,43.603
Kenya,KEN,2006,"Employment to population ratio, ages 15-24, male (%) (modeled ILO estimate)",SL.EMP.1524.SP.MA.ZS,43.612
Kenya,KEN,2005,"Employment to population ratio, ages 15-24, male (%) (modeled ILO estimate)",SL.EMP.1524.SP.MA.ZS,43.587
Kenya,KEN,2004,"Employment to population ratio, ages 15-24, male (%) (modeled ILO estimate)",SL.EMP.1524.SP.MA.ZS,43.524
Kenya,KEN,2003,"Employment to population ratio, ages 15-24, male (%) (modeled ILO estimate)",SL.EMP.1524.SP.MA.ZS,43.537
Kenya,KEN,2002,"Employment to population ratio, ages 15-24, male (%) (modeled ILO estimate)",SL.EMP.1524.SP.MA.ZS,43.527
Kenya,KEN,2001,"Employment to population ratio, ages 15-24, male (%) (modeled ILO estimate)",SL.EMP.1524.SP.MA.ZS,43.6
Kenya,KEN,2000,"Employment to population ratio, ages 15-24, male (%) (modeled ILO estimate)",SL.EMP.1524.SP.MA.ZS,43.629
Kenya,KEN,1999,"Employment to population ratio, ages 15-24, male (%) (modeled ILO estimate)",SL.EMP.1524.SP.MA.ZS,43.665
Kenya,KEN,1998,"Employment to population ratio, ages 15-24, male (%) (modeled ILO estimate)",SL.EMP.1524.SP.MA.ZS,44.38
Kenya,KEN,1997,"Employment to population ratio, ages 15-24, male (%) (modeled ILO estimate)",SL.EMP.1524.SP.MA.ZS,45.007
Kenya,KEN,1996,"Employment to population ratio, ages 15-24, male (%) (modeled ILO estimate)",SL.EMP.1524.SP.MA.ZS,45.672
Kenya,KEN,1995,"Employment to population ratio, ages 15-24, male (%) (modeled ILO estimate)",SL.EMP.1524.SP.MA.ZS,46.204
Kenya,KEN,1994,"Employment to population ratio, ages 15-24, male (%) (modeled ILO estimate)",SL.EMP.1524.SP.MA.ZS,46.738
Kenya,KEN,1993,"Employment to population ratio, ages 15-24, male (%) (modeled ILO estimate)",SL.EMP.1524.SP.MA.ZS,47.366
Kenya,KEN,1992,"Employment to population ratio, ages 15-24, male (%) (modeled ILO estimate)",SL.EMP.1524.SP.MA.ZS,48.058
Kenya,KEN,1991,"Employment to population ratio, ages 15-24, male (%) (modeled ILO estimate)",SL.EMP.1524.SP.MA.ZS,48.731
Kenya,KEN,2025,"Employers, female (% of female employment) (modeled ILO estimate)",SL.EMP.MPYR.FE.ZS,0.851741182384317
Kenya,KEN,2024,"Employers, female (% of female employment) (modeled ILO estimate)",SL.EMP.MPYR.FE.ZS,0.852663720670119
Kenya,KEN,2023,"Employers, female (% of female employment) (modeled ILO estimate)",SL.EMP.MPYR.FE.ZS,0.857707643286763
Kenya,KEN,2022,"Employers, female (% of female employment) (modeled ILO estimate)",SL.EMP.MPYR.FE.ZS,0.87201740814812
Kenya,KEN,2021,"Employers, female (% of female employment) (modeled ILO estimate)",SL.EMP.MPYR.FE.ZS,0.856862427319658
Kenya,KEN,2020,"Employers, female (% of female employment) (modeled ILO estimate)",SL.EMP.MPYR.FE.ZS,1.30613480430912
Kenya,KEN,2019,"Employers, female (% of female employment) (modeled ILO estimate)",SL.EMP.MPYR.FE.ZS,1.71202104937543
Kenya,KEN,2018,"Employers, female (% of female employment) (modeled ILO estimate)",SL.EMP.MPYR.FE.ZS,2.02432572929226
Kenya,KEN,2017,"Employers, female (% of female employment) (modeled ILO estimate)",SL.EMP.MPYR.FE.ZS,2.33767313570898
Kenya,KEN,2016,"Employers, female (% of female employment) (modeled ILO estimate)",SL.EMP.MPYR.FE.ZS,2.66601256822756
Kenya,KEN,2015,"Employers, female (% of female employment) (modeled ILO estimate)",SL.EMP.MPYR.FE.ZS,3.00483447514405
Kenya,KEN,2014,"Employers, female (% of female employment) (modeled ILO estimate)",SL.EMP.MPYR.FE.ZS,3.32309823212216
Kenya,KEN,2013,"Employers, female (% of female employment) (modeled ILO estimate)",SL.EMP.MPYR.FE.ZS,3.6398863633703
Kenya,KEN,2012,"Employers, female (% of female employment) (modeled ILO estimate)",SL.EMP.MPYR.FE.ZS,3.95380980463151
Kenya,KEN,2011,"Employers, female (% of female employment) (modeled ILO estimate)",SL.EMP.MPYR.FE.ZS,4.2845800514652
Kenya,KEN,2010,"Employers, female (% of female employment) (modeled ILO estimate)",SL.EMP.MPYR.FE.ZS,4.56593592650393
Kenya,KEN,2009,"Employers, female (% of female employment) (modeled ILO estimate)",SL.EMP.MPYR.FE.ZS,4.87777240644867
Kenya,KEN,2008,"Employers, female (% of female employment) (modeled ILO estimate)",SL.EMP.MPYR.FE.ZS,5.23287480399992
Kenya,KEN,2007,"Employers, female (% of female employment) (modeled ILO estimate)",SL.EMP.MPYR.FE.ZS,5.5715615424601
Kenya,KEN,2006,"Employers, female (% of female employment) (modeled ILO estimate)",SL.EMP.MPYR.FE.ZS,5.87816391080241
Kenya,KEN,2005,"Employers, female (% of female employment) (modeled ILO estimate)",SL.EMP.MPYR.FE.ZS,6.21888424268128
Kenya,KEN,2004,"Employers, female (% of female employment) (modeled ILO estimate)",SL.EMP.MPYR.FE.ZS,6.49034084630079
Kenya,KEN,2003,"Employers, female (% of female employment) (modeled ILO estimate)",SL.EMP.MPYR.FE.ZS,6.74212242054376
Kenya,KEN,2002,"Employers, female (% of female employment) (modeled ILO estimate)",SL.EMP.MPYR.FE.ZS,7.02793003134666
Kenya,KEN,2001,"Employers, female (% of female employment) (modeled ILO estimate)",SL.EMP.MPYR.FE.ZS,7.2879146524533
Kenya,KEN,2000,"Employers, female (% of female employment) (modeled ILO estimate)",SL.EMP.MPYR.FE.ZS,7.57209336507445
Kenya,KEN,1999,"Employers, female (% of female employment) (modeled ILO estimate)",SL.EMP.MPYR.FE.ZS,7.77114786165684
Kenya,KEN,1998,"Employers, female (% of female employment) (modeled ILO estimate)",SL.EMP.MPYR.FE.ZS,7.7289549195553
Kenya,KEN,1997,"Employers, female (% of female employment) (modeled ILO estimate)",SL.EMP.MPYR.FE.ZS,7.68847094932644
Kenya,KEN,1996,"Employers, female (% of female employment) (modeled ILO estimate)",SL.EMP.MPYR.FE.ZS,7.67050426643706
Kenya,KEN,1995,"Employers, female (% of female employment) (modeled ILO estimate)",SL.EMP.MPYR.FE.ZS,7.60435052393603
Kenya,KEN,1994,"Employers, female (% of female employment) (modeled ILO estimate)",SL.EMP.MPYR.FE.ZS,7.66714196584141
Kenya,KEN,1993,"Employers, female (% of female employment) (modeled ILO estimate)",SL.EMP.MPYR.FE.ZS,7.63875353823981
Kenya,KEN,1992,"Employers, female (% of female employment) (modeled ILO estimate)",SL.EMP.MPYR.FE.ZS,7.65847320439635
Kenya,KEN,1991,"Employers, female (% of female employment) (modeled ILO estimate)",SL.EMP.MPYR.FE.ZS,7.61484294696693
Kenya,KEN,2025,"Employers, male (% of male employment) (modeled ILO estimate)",SL.EMP.MPYR.MA.ZS,1.07243916765239
Kenya,KEN,2024,"Employers, male (% of male employment) (modeled ILO estimate)",SL.EMP.MPYR.MA.ZS,1.08214660193726
Kenya,KEN,2023,"Employers, male (% of male employment) (modeled ILO estimate)",SL.EMP.MPYR.MA.ZS,1.0969619114799
Kenya,KEN,2022,"Employers, male (% of male employment) (modeled ILO estimate)",SL.EMP.MPYR.MA.ZS,1.12295725084538
Kenya,KEN,2021,"Employers, male (% of male employment) (modeled ILO estimate)",SL.EMP.MPYR.MA.ZS,1.11374925648727
Kenya,KEN,2020,"Employers, male (% of male employment) (modeled ILO estimate)",SL.EMP.MPYR.MA.ZS,1.27682020571854
Kenya,KEN,2019,"Employers, male (% of male employment) (modeled ILO estimate)",SL.EMP.MPYR.MA.ZS,1.44172320682694
Kenya,KEN,2018,"Employers, male (% of male employment) (modeled ILO estimate)",SL.EMP.MPYR.MA.ZS,1.70623476170393
Kenya,KEN,2017,"Employers, male (% of male employment) (modeled ILO estimate)",SL.EMP.MPYR.MA.ZS,1.96869645759235
Kenya,KEN,2016,"Employers, male (% of male employment) (modeled ILO estimate)",SL.EMP.MPYR.MA.ZS,2.24630342428757
Kenya,KEN,2015,"Employers, male (% of male employment) (modeled ILO estimate)",SL.EMP.MPYR.MA.ZS,2.53708881078076
Kenya,KEN,2014,"Employers, male (% of male employment) (modeled ILO estimate)",SL.EMP.MPYR.MA.ZS,2.81342811693899
Kenya,KEN,2013,"Employers, male (% of male employment) (modeled ILO estimate)",SL.EMP.MPYR.MA.ZS,3.08894344437496
Kenya,KEN,2012,"Employers, male (% of male employment) (modeled ILO estimate)",SL.EMP.MPYR.MA.ZS,3.36187105584817
Kenya,KEN,2011,"Employers, male (% of male employment) (modeled ILO estimate)",SL.EMP.MPYR.MA.ZS,3.64614818961745
Kenya,KEN,2010,"Employers, male (% of male employment) (modeled ILO estimate)",SL.EMP.MPYR.MA.ZS,3.88788778976695
Kenya,KEN,2009,"Employers, male (% of male employment) (modeled ILO estimate)",SL.EMP.MPYR.MA.ZS,4.15030733539021
Kenya,KEN,2008,"Employers, male (% of male employment) (modeled ILO estimate)",SL.EMP.MPYR.MA.ZS,4.45181810060743
Kenya,KEN,2007,"Employers, male (% of male employment) (modeled ILO estimate)",SL.EMP.MPYR.MA.ZS,4.74888416068086
Kenya,KEN,2006,"Employers, male (% of male employment) (modeled ILO estimate)",SL.EMP.MPYR.MA.ZS,5.02005046011458
Kenya,KEN,2005,"Employers, male (% of male employment) (modeled ILO estimate)",SL.EMP.MPYR.MA.ZS,5.33033531532778
Kenya,KEN,2004,"Employers, male (% of male employment) (modeled ILO estimate)",SL.EMP.MPYR.MA.ZS,5.60204759902418
Kenya,KEN,2003,"Employers, male (% of male employment) (modeled ILO estimate)",SL.EMP.MPYR.MA.ZS,5.88054953794659
Kenya,KEN,2002,"Employers, male (% of male employment) (modeled ILO estimate)",SL.EMP.MPYR.MA.ZS,6.21784875223366
Kenya,KEN,2001,"Employers, male (% of male employment) (modeled ILO estimate)",SL.EMP.MPYR.MA.ZS,6.56059224391299
Kenya,KEN,2000,"Employers, male (% of male employment) (modeled ILO estimate)",SL.EMP.MPYR.MA.ZS,6.93925985777071
Kenya,KEN,1999,"Employers, male (% of male employment) (modeled ILO estimate)",SL.EMP.MPYR.MA.ZS,7.2583656773061
Kenya,KEN,1998,"Employers, male (% of male employment) (modeled ILO estimate)",SL.EMP.MPYR.MA.ZS,7.32347082912846
Kenya,KEN,1997,"Employers, male (% of male employment) (modeled ILO estimate)",SL.EMP.MPYR.MA.ZS,7.38340767038399
Kenya,KEN,1996,"Employers, male (% of male employment) (modeled ILO estimate)",SL.EMP.MPYR.MA.ZS,7.45982220265124
Kenya,KEN,1995,"Employers, male (% of male employment) (modeled ILO estimate)",SL.EMP.MPYR.MA.ZS,7.47419310601162
Kenya,KEN,1994,"Employers, male (% of male employment) (modeled ILO estimate)",SL.EMP.MPYR.MA.ZS,7.59670988458755
Kenya,KEN,1993,"Employers, male (% of male employment) (modeled ILO estimate)",SL.EMP.MPYR.MA.ZS,7.62155998288992
Kenya,KEN,1992,"Employers, male (% of male employment) (modeled ILO estimate)",SL.EMP.MPYR.MA.ZS,7.68231920999563
Kenya,KEN,1991,"Employers, male (% of male employment) (modeled ILO estimate)",SL.EMP.MPYR.MA.ZS,7.67182661410948
Kenya,KEN,2025,"Self-employed, female (% of female employment) (modeled ILO estimate)",SL.EMP.SELF.FE.ZS,74.0472607628177
Kenya,KEN,2024,"Self-employed, female (% of female employment) (modeled ILO estimate)",SL.EMP.SELF.FE.ZS,74.1681356042324
Kenya,KEN,2023,"Self-employed, female (% of female employment) (modeled ILO estimate)",SL.EMP.SELF.FE.ZS,74.4781567645744
Kenya,KEN,2022,"Self-employed, female (% of female employment) (modeled ILO estimate)",SL.EMP.SELF.FE.ZS,74.7940983359119
Kenya,KEN,2021,"Self-employed, female (% of female employment) (modeled ILO estimate)",SL.EMP.SELF.FE.ZS,75.1461349223779
Kenya,KEN,2020,"Self-employed, female (% of female employment) (modeled ILO estimate)",SL.EMP.SELF.FE.ZS,73.456631250043
Kenya,KEN,2019,"Self-employed, female (% of female employment) (modeled ILO estimate)",SL.EMP.SELF.FE.ZS,71.2846407146495
Kenya,KEN,2018,"Self-employed, female (% of female employment) (modeled ILO estimate)",SL.EMP.SELF.FE.ZS,71.6903857952886
Kenya,KEN,2017,"Self-employed, female (% of female employment) (modeled ILO estimate)",SL.EMP.SELF.FE.ZS,72.1120872448515
Kenya,KEN,2016,"Self-employed, female (% of female employment) (modeled ILO estimate)",SL.EMP.SELF.FE.ZS,72.5382350807468
Kenya,KEN,2015,"Self-employed, female (% of female employment) (modeled ILO estimate)",SL.EMP.SELF.FE.ZS,73.0364918682637
Kenya,KEN,2014,"Self-employed, female (% of female employment) (modeled ILO estimate)",SL.EMP.SELF.FE.ZS,73.5394290887915
Kenya,KEN,2013,"Self-employed, female (% of female employment) (modeled ILO estimate)",SL.EMP.SELF.FE.ZS,74.0413484187323
Kenya,KEN,2012,"Self-employed, female (% of female employment) (modeled ILO estimate)",SL.EMP.SELF.FE.ZS,74.5483547283931
Kenya,KEN,2011,"Self-employed, female (% of female employment) (modeled ILO estimate)",SL.EMP.SELF.FE.ZS,75.0588468812934
Kenya,KEN,2010,"Self-employed, female (% of female employment) (modeled ILO estimate)",SL.EMP.SELF.FE.ZS,75.5788379808211
Kenya,KEN,2009,"Self-employed, female (% of female employment) (modeled ILO estimate)",SL.EMP.SELF.FE.ZS,76.0677248832834
Kenya,KEN,2008,"Self-employed, female (% of female employment) (modeled ILO estimate)",SL.EMP.SELF.FE.ZS,76.5600925507924
Kenya,KEN,2007,"Self-employed, female (% of female employment) (modeled ILO estimate)",SL.EMP.SELF.FE.ZS,77.0732274464183
Kenya,KEN,2006,"Self-employed, female (% of female employment) (modeled ILO estimate)",SL.EMP.SELF.FE.ZS,77.6012932553584
Kenya,KEN,2005,"Self-employed, female (% of female employment) (modeled ILO estimate)",SL.EMP.SELF.FE.ZS,78.081726919007
Kenya,KEN,2004,"Self-employed, female (% of female employment) (modeled ILO estimate)",SL.EMP.SELF.FE.ZS,78.5548519796811
Kenya,KEN,2003,"Self-employed, female (% of female employment) (modeled ILO estimate)",SL.EMP.SELF.FE.ZS,79.0201000319623
Kenya,KEN,2002,"Self-employed, female (% of female employment) (modeled ILO estimate)",SL.EMP.SELF.FE.ZS,79.4417493978278
Kenya,KEN,2001,"Self-employed, female (% of female employment) (modeled ILO estimate)",SL.EMP.SELF.FE.ZS,79.8807143537678
Kenya,KEN,2000,"Self-employed, female (% of female employment) (modeled ILO estimate)",SL.EMP.SELF.FE.ZS,80.3061775315246
Kenya,KEN,1999,"Self-employed, female (% of female employment) (modeled ILO estimate)",SL.EMP.SELF.FE.ZS,80.7674867896515
Kenya,KEN,1998,"Self-employed, female (% of female employment) (modeled ILO estimate)",SL.EMP.SELF.FE.ZS,81.0381678527797
Kenya,KEN,1997,"Self-employed, female (% of female employment) (modeled ILO estimate)",SL.EMP.SELF.FE.ZS,81.2748379559455
Kenya,KEN,1996,"Self-employed, female (% of female employment) (modeled ILO estimate)",SL.EMP.SELF.FE.ZS,81.5036063524852
Kenya,KEN,1995,"Self-employed, female (% of female employment) (modeled ILO estimate)",SL.EMP.SELF.FE.ZS,81.7228337628073
Kenya,KEN,1994,"Self-employed, female (% of female employment) (modeled ILO estimate)",SL.EMP.SELF.FE.ZS,81.8650368806002
Kenya,KEN,1993,"Self-employed, female (% of female employment) (modeled ILO estimate)",SL.EMP.SELF.FE.ZS,82.0264123008259
Kenya,KEN,1992,"Self-employed, female (% of female employment) (modeled ILO estimate)",SL.EMP.SELF.FE.ZS,82.1782008586743
Kenya,KEN,1991,"Self-employed, female (% of female employment) (modeled ILO estimate)",SL.EMP.SELF.FE.ZS,82.3899966856431
Kenya,KEN,2025,"Self-employed, male (% of male employment) (modeled ILO estimate)",SL.EMP.SELF.MA.ZS,56.6751420399866
Kenya,KEN,2024,"Self-employed, male (% of male employment) (modeled ILO estimate)",SL.EMP.SELF.MA.ZS,56.8896381043884
Kenya,KEN,2023,"Self-employed, male (% of male employment) (modeled ILO estimate)",SL.EMP.SELF.MA.ZS,57.2252260338875
Kenya,KEN,2022,"Self-employed, male (% of male employment) (modeled ILO estimate)",SL.EMP.SELF.MA.ZS,57.5873876025735
Kenya,KEN,2021,"Self-employed, male (% of male employment) (modeled ILO estimate)",SL.EMP.SELF.MA.ZS,57.9745494801638
Kenya,KEN,2020,"Self-employed, male (% of male employment) (modeled ILO estimate)",SL.EMP.SELF.MA.ZS,56.4841584497821
Kenya,KEN,2019,"Self-employed, male (% of male employment) (modeled ILO estimate)",SL.EMP.SELF.MA.ZS,53.8676498777691
Kenya,KEN,2018,"Self-employed, male (% of male employment) (modeled ILO estimate)",SL.EMP.SELF.MA.ZS,53.8094568670134
Kenya,KEN,2017,"Self-employed, male (% of male employment) (modeled ILO estimate)",SL.EMP.SELF.MA.ZS,53.8470882175483
Kenya,KEN,2016,"Self-employed, male (% of male employment) (modeled ILO estimate)",SL.EMP.SELF.MA.ZS,53.8383276449278
Kenya,KEN,2015,"Self-employed, male (% of male employment) (modeled ILO estimate)",SL.EMP.SELF.MA.ZS,53.9173957377584
Kenya,KEN,2014,"Self-employed, male (% of male employment) (modeled ILO estimate)",SL.EMP.SELF.MA.ZS,54.0105097635937
Kenya,KEN,2013,"Self-employed, male (% of male employment) (modeled ILO estimate)",SL.EMP.SELF.MA.ZS,54.0917993511083
Kenya,KEN,2012,"Self-employed, male (% of male employment) (modeled ILO estimate)",SL.EMP.SELF.MA.ZS,54.1497744515658
Kenya,KEN,2011,"Self-employed, male (% of male employment) (modeled ILO estimate)",SL.EMP.SELF.MA.ZS,54.2243898144566
Kenya,KEN,2010,"Self-employed, male (% of male employment) (modeled ILO estimate)",SL.EMP.SELF.MA.ZS,54.316928344049
Kenya,KEN,2009,"Self-employed, male (% of male employment) (modeled ILO estimate)",SL.EMP.SELF.MA.ZS,54.3950515414604
Kenya,KEN,2008,"Self-employed, male (% of male employment) (modeled ILO estimate)",SL.EMP.SELF.MA.ZS,54.3626471222161
Kenya,KEN,2007,"Self-employed, male (% of male employment) (modeled ILO estimate)",SL.EMP.SELF.MA.ZS,54.3145595034315
Kenya,KEN,2006,"Self-employed, male (% of male employment) (modeled ILO estimate)",SL.EMP.SELF.MA.ZS,54.4352514535572
Kenya,KEN,2005,"Self-employed, male (% of male employment) (modeled ILO estimate)",SL.EMP.SELF.MA.ZS,54.4383964883404
Kenya,KEN,2004,"Self-employed, male (% of male employment) (modeled ILO estimate)",SL.EMP.SELF.MA.ZS,54.3889406263355
Kenya,KEN,2003,"Self-employed, male (% of male employment) (modeled ILO estimate)",SL.EMP.SELF.MA.ZS,54.2820072107872
Kenya,KEN,2002,"Self-employed, male (% of male employment) (modeled ILO estimate)",SL.EMP.SELF.MA.ZS,54.0259666407766
Kenya,KEN,2001,"Self-employed, male (% of male employment) (modeled ILO estimate)",SL.EMP.SELF.MA.ZS,53.7517988686719
Kenya,KEN,2000,"Self-employed, male (% of male employment) (modeled ILO estimate)",SL.EMP.SELF.MA.ZS,53.5244530272788
Kenya,KEN,1999,"Self-employed, male (% of male employment) (modeled ILO estimate)",SL.EMP.SELF.MA.ZS,53.3229551177356
Kenya,KEN,1998,"Self-employed, male (% of male employment) (modeled ILO estimate)",SL.EMP.SELF.MA.ZS,53.4120596605311
Kenya,KEN,1997,"Self-employed, male (% of male employment) (modeled ILO estimate)",SL.EMP.SELF.MA.ZS,53.4748408368612
Kenya,KEN,1996,"Self-employed, male (% of male employment) (modeled ILO estimate)",SL.EMP.SELF.MA.ZS,53.4613728890455
Kenya,KEN,1995,"Self-employed, male (% of male employment) (modeled ILO estimate)",SL.EMP.SELF.MA.ZS,53.549227674564
Kenya,KEN,1994,"Self-employed, male (% of male employment) (modeled ILO estimate)",SL.EMP.SELF.MA.ZS,53.5118877833867
Kenya,KEN,1993,"Self-employed, male (% of male employment) (modeled ILO estimate)",SL.EMP.SELF.MA.ZS,53.4664662667914
Kenya,KEN,1992,"Self-employed, male (% of male employment) (modeled ILO estimate)",SL.EMP.SELF.MA.ZS,53.3685932013369
Kenya,KEN,1991,"Self-employed, male (% of male employment) (modeled ILO estimate)",SL.EMP.SELF.MA.ZS,53.4223032304273
Kenya,KEN,2025,"Employment to population ratio, 15+, female (%) (modeled ILO estimate)",SL.EMP.TOTL.SP.FE.ZS,58.786
Kenya,KEN,2024,"Employment to population ratio, 15+, female (%) (modeled ILO estimate)",SL.EMP.TOTL.SP.FE.ZS,58.651
Kenya,KEN,2023,"Employment to population ratio, 15+, female (%) (modeled ILO estimate)",SL.EMP.TOTL.SP.FE.ZS,58.647
Kenya,KEN,2022,"Employment to population ratio, 15+, female (%) (modeled ILO estimate)",SL.EMP.TOTL.SP.FE.ZS,58.419
Kenya,KEN,2021,"Employment to population ratio, 15+, female (%) (modeled ILO estimate)",SL.EMP.TOTL.SP.FE.ZS,57.87
Kenya,KEN,2020,"Employment to population ratio, 15+, female (%) (modeled ILO estimate)",SL.EMP.TOTL.SP.FE.ZS,58.04
Kenya,KEN,2019,"Employment to population ratio, 15+, female (%) (modeled ILO estimate)",SL.EMP.TOTL.SP.FE.ZS,59.507
Kenya,KEN,2018,"Employment to population ratio, 15+, female (%) (modeled ILO estimate)",SL.EMP.TOTL.SP.FE.ZS,62.842
Kenya,KEN,2017,"Employment to population ratio, 15+, female (%) (modeled ILO estimate)",SL.EMP.TOTL.SP.FE.ZS,66.11
Kenya,KEN,2016,"Employment to population ratio, 15+, female (%) (modeled ILO estimate)",SL.EMP.TOTL.SP.FE.ZS,69.318
Kenya,KEN,2015,"Employment to population ratio, 15+, female (%) (modeled ILO estimate)",SL.EMP.TOTL.SP.FE.ZS,69.255
Kenya,KEN,2014,"Employment to population ratio, 15+, female (%) (modeled ILO estimate)",SL.EMP.TOTL.SP.FE.ZS,69.193
Kenya,KEN,2013,"Employment to population ratio, 15+, female (%) (modeled ILO estimate)",SL.EMP.TOTL.SP.FE.ZS,69.137
Kenya,KEN,2012,"Employment to population ratio, 15+, female (%) (modeled ILO estimate)",SL.EMP.TOTL.SP.FE.ZS,69.14
Kenya,KEN,2011,"Employment to population ratio, 15+, female (%) (modeled ILO estimate)",SL.EMP.TOTL.SP.FE.ZS,69.066
Kenya,KEN,2010,"Employment to population ratio, 15+, female (%) (modeled ILO estimate)",SL.EMP.TOTL.SP.FE.ZS,68.94
Kenya,KEN,2009,"Employment to population ratio, 15+, female (%) (modeled ILO estimate)",SL.EMP.TOTL.SP.FE.ZS,68.866
Kenya,KEN,2008,"Employment to population ratio, 15+, female (%) (modeled ILO estimate)",SL.EMP.TOTL.SP.FE.ZS,68.856
Kenya,KEN,2007,"Employment to population ratio, 15+, female (%) (modeled ILO estimate)",SL.EMP.TOTL.SP.FE.ZS,68.877
Kenya,KEN,2006,"Employment to population ratio, 15+, female (%) (modeled ILO estimate)",SL.EMP.TOTL.SP.FE.ZS,68.798
Kenya,KEN,2005,"Employment to population ratio, 15+, female (%) (modeled ILO estimate)",SL.EMP.TOTL.SP.FE.ZS,68.695
Kenya,KEN,2004,"Employment to population ratio, 15+, female (%) (modeled ILO estimate)",SL.EMP.TOTL.SP.FE.ZS,68.563
Kenya,KEN,2003,"Employment to population ratio, 15+, female (%) (modeled ILO estimate)",SL.EMP.TOTL.SP.FE.ZS,68.49
Kenya,KEN,2002,"Employment to population ratio, 15+, female (%) (modeled ILO estimate)",SL.EMP.TOTL.SP.FE.ZS,68.401
Kenya,KEN,2001,"Employment to population ratio, 15+, female (%) (modeled ILO estimate)",SL.EMP.TOTL.SP.FE.ZS,68.375
Kenya,KEN,2000,"Employment to population ratio, 15+, female (%) (modeled ILO estimate)",SL.EMP.TOTL.SP.FE.ZS,68.314
Kenya,KEN,1999,"Employment to population ratio, 15+, female (%) (modeled ILO estimate)",SL.EMP.TOTL.SP.FE.ZS,68.259
Kenya,KEN,1998,"Employment to population ratio, 15+, female (%) (modeled ILO estimate)",SL.EMP.TOTL.SP.FE.ZS,68.2
Kenya,KEN,1997,"Employment to population ratio, 15+, female (%) (modeled ILO estimate)",SL.EMP.TOTL.SP.FE.ZS,68.141
Kenya,KEN,1996,"Employment to population ratio, 15+, female (%) (modeled ILO estimate)",SL.EMP.TOTL.SP.FE.ZS,68.097
Kenya,KEN,1995,"Employment to population ratio, 15+, female (%) (modeled ILO estimate)",SL.EMP.TOTL.SP.FE.ZS,67.969
Kenya,KEN,1994,"Employment to population ratio, 15+, female (%) (modeled ILO estimate)",SL.EMP.TOTL.SP.FE.ZS,67.815
Kenya,KEN,1993,"Employment to population ratio, 15+, female (%) (modeled ILO estimate)",SL.EMP.TOTL.SP.FE.ZS,67.721
Kenya,KEN,1992,"Employment to population ratio, 15+, female (%) (modeled ILO estimate)",SL.EMP.TOTL.SP.FE.ZS,67.71
Kenya,KEN,1991,"Employment to population ratio, 15+, female (%) (modeled ILO estimate)",SL.EMP.TOTL.SP.FE.ZS,67.728
Kenya,KEN,2025,"Employment to population ratio, 15+, male (%) (modeled ILO estimate)",SL.EMP.TOTL.SP.MA.ZS,68.773
Kenya,KEN,2024,"Employment to population ratio, 15+, male (%) (modeled ILO estimate)",SL.EMP.TOTL.SP.MA.ZS,68.92
Kenya,KEN,2023,"Employment to population ratio, 15+, male (%) (modeled ILO estimate)",SL.EMP.TOTL.SP.MA.ZS,69.116
Kenya,KEN,2022,"Employment to population ratio, 15+, male (%) (modeled ILO estimate)",SL.EMP.TOTL.SP.MA.ZS,69.211
Kenya,KEN,2021,"Employment to population ratio, 15+, male (%) (modeled ILO estimate)",SL.EMP.TOTL.SP.MA.ZS,69.517
Kenya,KEN,2020,"Employment to population ratio, 15+, male (%) (modeled ILO estimate)",SL.EMP.TOTL.SP.MA.ZS,68.718
Kenya,KEN,2019,"Employment to population ratio, 15+, male (%) (modeled ILO estimate)",SL.EMP.TOTL.SP.MA.ZS,69.413
Kenya,KEN,2018,"Employment to population ratio, 15+, male (%) (modeled ILO estimate)",SL.EMP.TOTL.SP.MA.ZS,71.451
Kenya,KEN,2017,"Employment to population ratio, 15+, male (%) (modeled ILO estimate)",SL.EMP.TOTL.SP.MA.ZS,73.457
Kenya,KEN,2016,"Employment to population ratio, 15+, male (%) (modeled ILO estimate)",SL.EMP.TOTL.SP.MA.ZS,75.452
Kenya,KEN,2015,"Employment to population ratio, 15+, male (%) (modeled ILO estimate)",SL.EMP.TOTL.SP.MA.ZS,75.278
Kenya,KEN,2014,"Employment to population ratio, 15+, male (%) (modeled ILO estimate)",SL.EMP.TOTL.SP.MA.ZS,75.104
Kenya,KEN,2013,"Employment to population ratio, 15+, male (%) (modeled ILO estimate)",SL.EMP.TOTL.SP.MA.ZS,74.937
Kenya,KEN,2012,"Employment to population ratio, 15+, male (%) (modeled ILO estimate)",SL.EMP.TOTL.SP.MA.ZS,74.83
Kenya,KEN,2011,"Employment to population ratio, 15+, male (%) (modeled ILO estimate)",SL.EMP.TOTL.SP.MA.ZS,74.641
Kenya,KEN,2010,"Employment to population ratio, 15+, male (%) (modeled ILO estimate)",SL.EMP.TOTL.SP.MA.ZS,74.398
Kenya,KEN,2009,"Employment to population ratio, 15+, male (%) (modeled ILO estimate)",SL.EMP.TOTL.SP.MA.ZS,74.208
Kenya,KEN,2008,"Employment to population ratio, 15+, male (%) (modeled ILO estimate)",SL.EMP.TOTL.SP.MA.ZS,74.083
Kenya,KEN,2007,"Employment to population ratio, 15+, male (%) (modeled ILO estimate)",SL.EMP.TOTL.SP.MA.ZS,73.991
Kenya,KEN,2006,"Employment to population ratio, 15+, male (%) (modeled ILO estimate)",SL.EMP.TOTL.SP.MA.ZS,73.794
Kenya,KEN,2005,"Employment to population ratio, 15+, male (%) (modeled ILO estimate)",SL.EMP.TOTL.SP.MA.ZS,73.57
Kenya,KEN,2004,"Employment to population ratio, 15+, male (%) (modeled ILO estimate)",SL.EMP.TOTL.SP.MA.ZS,73.316
Kenya,KEN,2003,"Employment to population ratio, 15+, male (%) (modeled ILO estimate)",SL.EMP.TOTL.SP.MA.ZS,73.122
Kenya,KEN,2002,"Employment to population ratio, 15+, male (%) (modeled ILO estimate)",SL.EMP.TOTL.SP.MA.ZS,72.911
Kenya,KEN,2001,"Employment to population ratio, 15+, male (%) (modeled ILO estimate)",SL.EMP.TOTL.SP.MA.ZS,72.764
Kenya,KEN,2000,"Employment to population ratio, 15+, male (%) (modeled ILO estimate)",SL.EMP.TOTL.SP.MA.ZS,72.581
Kenya,KEN,1999,"Employment to population ratio, 15+, male (%) (modeled ILO estimate)",SL.EMP.TOTL.SP.MA.ZS,72.403
Kenya,KEN,1998,"Employment to population ratio, 15+, male (%) (modeled ILO estimate)",SL.EMP.TOTL.SP.MA.ZS,72.678
Kenya,KEN,1997,"Employment to population ratio, 15+, male (%) (modeled ILO estimate)",SL.EMP.TOTL.SP.MA.ZS,72.914
Kenya,KEN,1996,"Employment to population ratio, 15+, male (%) (modeled ILO estimate)",SL.EMP.TOTL.SP.MA.ZS,73.167
Kenya,KEN,1995,"Employment to population ratio, 15+, male (%) (modeled ILO estimate)",SL.EMP.TOTL.SP.MA.ZS,73.326
Kenya,KEN,1994,"Employment to population ratio, 15+, male (%) (modeled ILO estimate)",SL.EMP.TOTL.SP.MA.ZS,73.472
Kenya,KEN,1993,"Employment to population ratio, 15+, male (%) (modeled ILO estimate)",SL.EMP.TOTL.SP.MA.ZS,73.68
Kenya,KEN,1992,"Employment to population ratio, 15+, male (%) (modeled ILO estimate)",SL.EMP.TOTL.SP.MA.ZS,73.95
Kenya,KEN,1991,"Employment to population ratio, 15+, male (%) (modeled ILO estimate)",SL.EMP.TOTL.SP.MA.ZS,74.222
Kenya,KEN,2025,"Vulnerable employment, female (% of female employment) (modeled ILO estimate)",SL.EMP.VULN.FE.ZS,73.1955195804333
Kenya,KEN,2024,"Vulnerable employment, female (% of female employment) (modeled ILO estimate)",SL.EMP.VULN.FE.ZS,73.3154624400549
Kenya,KEN,2023,"Vulnerable employment, female (% of female employment) (modeled ILO estimate)",SL.EMP.VULN.FE.ZS,73.6204588479594
Kenya,KEN,2022,"Vulnerable employment, female (% of female employment) (modeled ILO estimate)",SL.EMP.VULN.FE.ZS,73.9220708652503
Kenya,KEN,2021,"Vulnerable employment, female (% of female employment) (modeled ILO estimate)",SL.EMP.VULN.FE.ZS,74.2892620323743
Kenya,KEN,2020,"Vulnerable employment, female (% of female employment) (modeled ILO estimate)",SL.EMP.VULN.FE.ZS,72.1504964457339
Kenya,KEN,2019,"Vulnerable employment, female (% of female employment) (modeled ILO estimate)",SL.EMP.VULN.FE.ZS,69.572619665274
Kenya,KEN,2018,"Vulnerable employment, female (% of female employment) (modeled ILO estimate)",SL.EMP.VULN.FE.ZS,69.6660600659964
Kenya,KEN,2017,"Vulnerable employment, female (% of female employment) (modeled ILO estimate)",SL.EMP.VULN.FE.ZS,69.7744141091425
Kenya,KEN,2016,"Vulnerable employment, female (% of female employment) (modeled ILO estimate)",SL.EMP.VULN.FE.ZS,69.8722225125193
Kenya,KEN,2015,"Vulnerable employment, female (% of female employment) (modeled ILO estimate)",SL.EMP.VULN.FE.ZS,70.0316573931197
Kenya,KEN,2014,"Vulnerable employment, female (% of female employment) (modeled ILO estimate)",SL.EMP.VULN.FE.ZS,70.2163416607874
Kenya,KEN,2013,"Vulnerable employment, female (% of female employment) (modeled ILO estimate)",SL.EMP.VULN.FE.ZS,70.4014509062087
Kenya,KEN,2012,"Vulnerable employment, female (% of female employment) (modeled ILO estimate)",SL.EMP.VULN.FE.ZS,70.5945334258836
Kenya,KEN,2011,"Vulnerable employment, female (% of female employment) (modeled ILO estimate)",SL.EMP.VULN.FE.ZS,70.7742668298281
Kenya,KEN,2010,"Vulnerable employment, female (% of female employment) (modeled ILO estimate)",SL.EMP.VULN.FE.ZS,71.012889785342
Kenya,KEN,2009,"Vulnerable employment, female (% of female employment) (modeled ILO estimate)",SL.EMP.VULN.FE.ZS,71.1899524768348
Kenya,KEN,2008,"Vulnerable employment, female (% of female employment) (modeled ILO estimate)",SL.EMP.VULN.FE.ZS,71.3272177467926
Kenya,KEN,2007,"Vulnerable employment, female (% of female employment) (modeled ILO estimate)",SL.EMP.VULN.FE.ZS,71.5016659039583
Kenya,KEN,2006,"Vulnerable employment, female (% of female employment) (modeled ILO estimate)",SL.EMP.VULN.FE.ZS,71.7231293445559
Kenya,KEN,2005,"Vulnerable employment, female (% of female employment) (modeled ILO estimate)",SL.EMP.VULN.FE.ZS,71.8628426763257
Kenya,KEN,2004,"Vulnerable employment, female (% of female employment) (modeled ILO estimate)",SL.EMP.VULN.FE.ZS,72.0645111333803
Kenya,KEN,2003,"Vulnerable employment, female (% of female employment) (modeled ILO estimate)",SL.EMP.VULN.FE.ZS,72.2779776114185
Kenya,KEN,2002,"Vulnerable employment, female (% of female employment) (modeled ILO estimate)",SL.EMP.VULN.FE.ZS,72.4138193664811
Kenya,KEN,2001,"Vulnerable employment, female (% of female employment) (modeled ILO estimate)",SL.EMP.VULN.FE.ZS,72.5927997013146
Kenya,KEN,2000,"Vulnerable employment, female (% of female employment) (modeled ILO estimate)",SL.EMP.VULN.FE.ZS,72.7340841664501
Kenya,KEN,1999,"Vulnerable employment, female (% of female employment) (modeled ILO estimate)",SL.EMP.VULN.FE.ZS,72.9963389279947
Kenya,KEN,1998,"Vulnerable employment, female (% of female employment) (modeled ILO estimate)",SL.EMP.VULN.FE.ZS,73.3091941234504
Kenya,KEN,1997,"Vulnerable employment, female (% of female employment) (modeled ILO estimate)",SL.EMP.VULN.FE.ZS,73.5863475611381
Kenya,KEN,1996,"Vulnerable employment, female (% of female employment) (modeled ILO estimate)",SL.EMP.VULN.FE.ZS,73.8331020860481
Kenya,KEN,1995,"Vulnerable employment, female (% of female employment) (modeled ILO estimate)",SL.EMP.VULN.FE.ZS,74.1184832388712
Kenya,KEN,1994,"Vulnerable employment, female (% of female employment) (modeled ILO estimate)",SL.EMP.VULN.FE.ZS,74.1978949147588
Kenya,KEN,1993,"Vulnerable employment, female (% of female employment) (modeled ILO estimate)",SL.EMP.VULN.FE.ZS,74.3876364111028
Kenya,KEN,1992,"Vulnerable employment, female (% of female employment) (modeled ILO estimate)",SL.EMP.VULN.FE.ZS,74.519727654278
Kenya,KEN,1991,"Vulnerable employment, female (% of female employment) (modeled ILO estimate)",SL.EMP.VULN.FE.ZS,74.775129756354
Kenya,KEN,2025,"Vulnerable employment, male (% of male employment) (modeled ILO estimate)",SL.EMP.VULN.MA.ZS,55.6027028723343
Kenya,KEN,2024,"Vulnerable employment, male (% of male employment) (modeled ILO estimate)",SL.EMP.VULN.MA.ZS,55.8074915024511
Kenya,KEN,2023,"Vulnerable employment, male (% of male employment) (modeled ILO estimate)",SL.EMP.VULN.MA.ZS,56.1282641224076
Kenya,KEN,2022,"Vulnerable employment, male (% of male employment) (modeled ILO estimate)",SL.EMP.VULN.MA.ZS,56.4644303517282
Kenya,KEN,2021,"Vulnerable employment, male (% of male employment) (modeled ILO estimate)",SL.EMP.VULN.MA.ZS,56.8607912966139
Kenya,KEN,2020,"Vulnerable employment, male (% of male employment) (modeled ILO estimate)",SL.EMP.VULN.MA.ZS,55.2073289541121
Kenya,KEN,2019,"Vulnerable employment, male (% of male employment) (modeled ILO estimate)",SL.EMP.VULN.MA.ZS,52.4259266709422
Kenya,KEN,2018,"Vulnerable employment, male (% of male employment) (modeled ILO estimate)",SL.EMP.VULN.MA.ZS,52.1032221053095
Kenya,KEN,2017,"Vulnerable employment, male (% of male employment) (modeled ILO estimate)",SL.EMP.VULN.MA.ZS,51.8783917599559
Kenya,KEN,2016,"Vulnerable employment, male (% of male employment) (modeled ILO estimate)",SL.EMP.VULN.MA.ZS,51.5920337335544
Kenya,KEN,2015,"Vulnerable employment, male (% of male employment) (modeled ILO estimate)",SL.EMP.VULN.MA.ZS,51.3803069269777
Kenya,KEN,2014,"Vulnerable employment, male (% of male employment) (modeled ILO estimate)",SL.EMP.VULN.MA.ZS,51.1970816466547
Kenya,KEN,2013,"Vulnerable employment, male (% of male employment) (modeled ILO estimate)",SL.EMP.VULN.MA.ZS,51.0028559067334
Kenya,KEN,2012,"Vulnerable employment, male (% of male employment) (modeled ILO estimate)",SL.EMP.VULN.MA.ZS,50.7879142058705
Kenya,KEN,2011,"Vulnerable employment, male (% of male employment) (modeled ILO estimate)",SL.EMP.VULN.MA.ZS,50.5782416248391
Kenya,KEN,2010,"Vulnerable employment, male (% of male employment) (modeled ILO estimate)",SL.EMP.VULN.MA.ZS,50.429040554282
Kenya,KEN,2009,"Vulnerable employment, male (% of male employment) (modeled ILO estimate)",SL.EMP.VULN.MA.ZS,50.2447442060701
Kenya,KEN,2008,"Vulnerable employment, male (% of male employment) (modeled ILO estimate)",SL.EMP.VULN.MA.ZS,49.9108290216087
Kenya,KEN,2007,"Vulnerable employment, male (% of male employment) (modeled ILO estimate)",SL.EMP.VULN.MA.ZS,49.5656881409077
Kenya,KEN,2006,"Vulnerable employment, male (% of male employment) (modeled ILO estimate)",SL.EMP.VULN.MA.ZS,49.4152009934427
Kenya,KEN,2005,"Vulnerable employment, male (% of male employment) (modeled ILO estimate)",SL.EMP.VULN.MA.ZS,49.1080611730127
Kenya,KEN,2004,"Vulnerable employment, male (% of male employment) (modeled ILO estimate)",SL.EMP.VULN.MA.ZS,48.7868930273113
Kenya,KEN,2003,"Vulnerable employment, male (% of male employment) (modeled ILO estimate)",SL.EMP.VULN.MA.ZS,48.4014576728406
Kenya,KEN,2002,"Vulnerable employment, male (% of male employment) (modeled ILO estimate)",SL.EMP.VULN.MA.ZS,47.808117888543
Kenya,KEN,2001,"Vulnerable employment, male (% of male employment) (modeled ILO estimate)",SL.EMP.VULN.MA.ZS,47.1912228161961
Kenya,KEN,2000,"Vulnerable employment, male (% of male employment) (modeled ILO estimate)",SL.EMP.VULN.MA.ZS,46.5851931695081
Kenya,KEN,1999,"Vulnerable employment, male (% of male employment) (modeled ILO estimate)",SL.EMP.VULN.MA.ZS,46.0645894404295
Kenya,KEN,1998,"Vulnerable employment, male (% of male employment) (modeled ILO estimate)",SL.EMP.VULN.MA.ZS,46.0885888314026
Kenya,KEN,1997,"Vulnerable employment, male (% of male employment) (modeled ILO estimate)",SL.EMP.VULN.MA.ZS,46.0914331664772
Kenya,KEN,1996,"Vulnerable employment, male (% of male employment) (modeled ILO estimate)",SL.EMP.VULN.MA.ZS,46.001531355973
Kenya,KEN,1995,"Vulnerable employment, male (% of male employment) (modeled ILO estimate)",SL.EMP.VULN.MA.ZS,46.0750345685523
Kenya,KEN,1994,"Vulnerable employment, male (% of male employment) (modeled ILO estimate)",SL.EMP.VULN.MA.ZS,45.915198538387
Kenya,KEN,1993,"Vulnerable employment, male (% of male employment) (modeled ILO estimate)",SL.EMP.VULN.MA.ZS,45.8449062839014
Kenya,KEN,1992,"Vulnerable employment, male (% of male employment) (modeled ILO estimate)",SL.EMP.VULN.MA.ZS,45.6862739913412
Kenya,KEN,1991,"Vulnerable employment, male (% of male employment) (modeled ILO estimate)",SL.EMP.VULN.MA.ZS,45.7504766163178
Kenya,KEN,2025,"Wage and salaried workers, female (% of female employment) (modeled ILO estimate)",SL.EMP.WORK.FE.ZS,25.9527392371823
Kenya,KEN,2024,"Wage and salaried workers, female (% of female employment) (modeled ILO estimate)",SL.EMP.WORK.FE.ZS,25.8318643957676
Kenya,KEN,2023,"Wage and salaried workers, female (% of female employment) (modeled ILO estimate)",SL.EMP.WORK.FE.ZS,25.5218335087539
Kenya,KEN,2022,"Wage and salaried workers, female (% of female employment) (modeled ILO estimate)",SL.EMP.WORK.FE.ZS,25.2059016640881
Kenya,KEN,2021,"Wage and salaried workers, female (% of female employment) (modeled ILO estimate)",SL.EMP.WORK.FE.ZS,24.8538755403061
Kenya,KEN,2020,"Wage and salaried workers, female (% of female employment) (modeled ILO estimate)",SL.EMP.WORK.FE.ZS,26.543368749957
Kenya,KEN,2019,"Wage and salaried workers, female (% of female employment) (modeled ILO estimate)",SL.EMP.WORK.FE.ZS,28.7153592853505
Kenya,KEN,2018,"Wage and salaried workers, female (% of female employment) (modeled ILO estimate)",SL.EMP.WORK.FE.ZS,28.3096036752777
Kenya,KEN,2017,"Wage and salaried workers, female (% of female employment) (modeled ILO estimate)",SL.EMP.WORK.FE.ZS,27.8879127551485
Kenya,KEN,2016,"Wage and salaried workers, female (% of female employment) (modeled ILO estimate)",SL.EMP.WORK.FE.ZS,27.4617547729485
Kenya,KEN,2015,"Wage and salaried workers, female (% of female employment) (modeled ILO estimate)",SL.EMP.WORK.FE.ZS,26.9635081317363
Kenya,KEN,2014,"Wage and salaried workers, female (% of female employment) (modeled ILO estimate)",SL.EMP.WORK.FE.ZS,26.4605601070904
Kenya,KEN,2013,"Wage and salaried workers, female (% of female employment) (modeled ILO estimate)",SL.EMP.WORK.FE.ZS,25.9586515812677
Kenya,KEN,2012,"Wage and salaried workers, female (% of female employment) (modeled ILO estimate)",SL.EMP.WORK.FE.ZS,25.4516452716069
Kenya,KEN,2011,"Wage and salaried workers, female (% of female employment) (modeled ILO estimate)",SL.EMP.WORK.FE.ZS,24.9411412472357
Kenya,KEN,2010,"Wage and salaried workers, female (% of female employment) (modeled ILO estimate)",SL.EMP.WORK.FE.ZS,24.4211620191789
Kenya,KEN,2009,"Wage and salaried workers, female (% of female employment) (modeled ILO estimate)",SL.EMP.WORK.FE.ZS,23.9322751167166
Kenya,KEN,2008,"Wage and salaried workers, female (% of female employment) (modeled ILO estimate)",SL.EMP.WORK.FE.ZS,23.4399074492076
Kenya,KEN,2007,"Wage and salaried workers, female (% of female employment) (modeled ILO estimate)",SL.EMP.WORK.FE.ZS,22.9267725535817
Kenya,KEN,2006,"Wage and salaried workers, female (% of female employment) (modeled ILO estimate)",SL.EMP.WORK.FE.ZS,22.3987067446416
Kenya,KEN,2005,"Wage and salaried workers, female (% of female employment) (modeled ILO estimate)",SL.EMP.WORK.FE.ZS,21.918273080993
Kenya,KEN,2004,"Wage and salaried workers, female (% of female employment) (modeled ILO estimate)",SL.EMP.WORK.FE.ZS,21.4451480203189
Kenya,KEN,2003,"Wage and salaried workers, female (% of female employment) (modeled ILO estimate)",SL.EMP.WORK.FE.ZS,20.9798999680377
Kenya,KEN,2002,"Wage and salaried workers, female (% of female employment) (modeled ILO estimate)",SL.EMP.WORK.FE.ZS,20.5582506021722
Kenya,KEN,2001,"Wage and salaried workers, female (% of female employment) (modeled ILO estimate)",SL.EMP.WORK.FE.ZS,20.1192688131933
Kenya,KEN,2000,"Wage and salaried workers, female (% of female employment) (modeled ILO estimate)",SL.EMP.WORK.FE.ZS,19.6938224684754
Kenya,KEN,1999,"Wage and salaried workers, female (% of female employment) (modeled ILO estimate)",SL.EMP.WORK.FE.ZS,19.2325132103485
Kenya,KEN,1998,"Wage and salaried workers, female (% of female employment) (modeled ILO estimate)",SL.EMP.WORK.FE.ZS,18.9618321472203
Kenya,KEN,1997,"Wage and salaried workers, female (% of female employment) (modeled ILO estimate)",SL.EMP.WORK.FE.ZS,18.7251814895355
Kenya,KEN,1996,"Wage and salaried workers, female (% of female employment) (modeled ILO estimate)",SL.EMP.WORK.FE.ZS,18.4964137414136
Kenya,KEN,1995,"Wage and salaried workers, female (% of female employment) (modeled ILO estimate)",SL.EMP.WORK.FE.ZS,18.2771454427796
Kenya,KEN,1994,"Wage and salaried workers, female (% of female employment) (modeled ILO estimate)",SL.EMP.WORK.FE.ZS,18.1349415606226
Kenya,KEN,1993,"Wage and salaried workers, female (% of female employment) (modeled ILO estimate)",SL.EMP.WORK.FE.ZS,17.9735876991741
Kenya,KEN,1992,"Wage and salaried workers, female (% of female employment) (modeled ILO estimate)",SL.EMP.WORK.FE.ZS,17.8217759889758
Kenya,KEN,1991,"Wage and salaried workers, female (% of female employment) (modeled ILO estimate)",SL.EMP.WORK.FE.ZS,17.6100033143569
Kenya,KEN,2025,"Wage and salaried workers, male (% of male employment) (modeled ILO estimate)",SL.EMP.WORK.MA.ZS,43.3248579600133
Kenya,KEN,2024,"Wage and salaried workers, male (% of male employment) (modeled ILO estimate)",SL.EMP.WORK.MA.ZS,43.1103618956116
Kenya,KEN,2023,"Wage and salaried workers, male (% of male employment) (modeled ILO estimate)",SL.EMP.WORK.MA.ZS,42.7747739661125
Kenya,KEN,2022,"Wage and salaried workers, male (% of male employment) (modeled ILO estimate)",SL.EMP.WORK.MA.ZS,42.4126123974265
Kenya,KEN,2021,"Wage and salaried workers, male (% of male employment) (modeled ILO estimate)",SL.EMP.WORK.MA.ZS,42.0254594468988
Kenya,KEN,2020,"Wage and salaried workers, male (% of male employment) (modeled ILO estimate)",SL.EMP.WORK.MA.ZS,43.5158415502179
Kenya,KEN,2019,"Wage and salaried workers, male (% of male employment) (modeled ILO estimate)",SL.EMP.WORK.MA.ZS,46.1323501222309
Kenya,KEN,2018,"Wage and salaried workers, male (% of male employment) (modeled ILO estimate)",SL.EMP.WORK.MA.ZS,46.1905336663689
Kenya,KEN,2017,"Wage and salaried workers, male (% of male employment) (modeled ILO estimate)",SL.EMP.WORK.MA.ZS,46.1529117824517
Kenya,KEN,2016,"Wage and salaried workers, male (% of male employment) (modeled ILO estimate)",SL.EMP.WORK.MA.ZS,46.1616723550722
Kenya,KEN,2015,"Wage and salaried workers, male (% of male employment) (modeled ILO estimate)",SL.EMP.WORK.MA.ZS,46.0826042622416
Kenya,KEN,2014,"Wage and salaried workers, male (% of male employment) (modeled ILO estimate)",SL.EMP.WORK.MA.ZS,45.9894902364063
Kenya,KEN,2013,"Wage and salaried workers, male (% of male employment) (modeled ILO estimate)",SL.EMP.WORK.MA.ZS,45.9082006488917
Kenya,KEN,2012,"Wage and salaried workers, male (% of male employment) (modeled ILO estimate)",SL.EMP.WORK.MA.ZS,45.8502147382813
Kenya,KEN,2011,"Wage and salaried workers, male (% of male employment) (modeled ILO estimate)",SL.EMP.WORK.MA.ZS,45.7756213576755
Kenya,KEN,2010,"Wage and salaried workers, male (% of male employment) (modeled ILO estimate)",SL.EMP.WORK.MA.ZS,45.683071655951
Kenya,KEN,2009,"Wage and salaried workers, male (% of male employment) (modeled ILO estimate)",SL.EMP.WORK.MA.ZS,45.6049484585396
Kenya,KEN,2008,"Wage and salaried workers, male (% of male employment) (modeled ILO estimate)",SL.EMP.WORK.MA.ZS,45.6373528777839
Kenya,KEN,2007,"Wage and salaried workers, male (% of male employment) (modeled ILO estimate)",SL.EMP.WORK.MA.ZS,45.6854276984114
Kenya,KEN,2006,"Wage and salaried workers, male (% of male employment) (modeled ILO estimate)",SL.EMP.WORK.MA.ZS,45.5647485464428
Kenya,KEN,2005,"Wage and salaried workers, male (% of male employment) (modeled ILO estimate)",SL.EMP.WORK.MA.ZS,45.5616035116596
Kenya,KEN,2004,"Wage and salaried workers, male (% of male employment) (modeled ILO estimate)",SL.EMP.WORK.MA.ZS,45.6110593736645
Kenya,KEN,2003,"Wage and salaried workers, male (% of male employment) (modeled ILO estimate)",SL.EMP.WORK.MA.ZS,45.7179927892129
Kenya,KEN,2002,"Wage and salaried workers, male (% of male employment) (modeled ILO estimate)",SL.EMP.WORK.MA.ZS,45.9740488963875
Kenya,KEN,2001,"Wage and salaried workers, male (% of male employment) (modeled ILO estimate)",SL.EMP.WORK.MA.ZS,46.2482011313281
Kenya,KEN,2000,"Wage and salaried workers, male (% of male employment) (modeled ILO estimate)",SL.EMP.WORK.MA.ZS,46.4755469727212
Kenya,KEN,1999,"Wage and salaried workers, male (% of male employment) (modeled ILO estimate)",SL.EMP.WORK.MA.ZS,46.6770448822644
Kenya,KEN,1998,"Wage and salaried workers, male (% of male employment) (modeled ILO estimate)",SL.EMP.WORK.MA.ZS,46.5879403394689
Kenya,KEN,1997,"Wage and salaried workers, male (% of male employment) (modeled ILO estimate)",SL.EMP.WORK.MA.ZS,46.5251591631388
Kenya,KEN,1996,"Wage and salaried workers, male (% of male employment) (modeled ILO estimate)",SL.EMP.WORK.MA.ZS,46.5386464413758
Kenya,KEN,1995,"Wage and salaried workers, male (% of male employment) (modeled ILO estimate)",SL.EMP.WORK.MA.ZS,46.4507922870658
Kenya,KEN,1994,"Wage and salaried workers, male (% of male employment) (modeled ILO estimate)",SL.EMP.WORK.MA.ZS,46.4880915770255
Kenya,KEN,1993,"Wage and salaried workers, male (% of male employment) (modeled ILO estimate)",SL.EMP.WORK.MA.ZS,46.5335337332086
Kenya,KEN,1992,"Wage and salaried workers, male (% of male employment) (modeled ILO estimate)",SL.EMP.WORK.MA.ZS,46.6314067986631
Kenya,KEN,1991,"Wage and salaried workers, male (% of male employment) (modeled ILO estimate)",SL.EMP.WORK.MA.ZS,46.5776967695727
Kenya,KEN,2025,"Contributing family workers, female (% of female employment) (modeled ILO estimate)",SL.FAM.WORK.FE.ZS,33.62021361971
Kenya,KEN,2024,"Contributing family workers, female (% of female employment) (modeled ILO estimate)",SL.FAM.WORK.FE.ZS,33.8136962208783
Kenya,KEN,2023,"Contributing family workers, female (% of female employment) (modeled ILO estimate)",SL.FAM.WORK.FE.ZS,34.1793884238405
Kenya,KEN,2022,"Contributing family workers, female (% of female employment) (modeled ILO estimate)",SL.FAM.WORK.FE.ZS,34.5380375583311
Kenya,KEN,2021,"Contributing family workers, female (% of female employment) (modeled ILO estimate)",SL.FAM.WORK.FE.ZS,34.9112246498323
Kenya,KEN,2020,"Contributing family workers, female (% of female employment) (modeled ILO estimate)",SL.FAM.WORK.FE.ZS,33.0026201541328
Kenya,KEN,2019,"Contributing family workers, female (% of female employment) (modeled ILO estimate)",SL.FAM.WORK.FE.ZS,31.3389975448655
Kenya,KEN,2018,"Contributing family workers, female (% of female employment) (modeled ILO estimate)",SL.FAM.WORK.FE.ZS,32.4520618578954
Kenya,KEN,2017,"Contributing family workers, female (% of female employment) (modeled ILO estimate)",SL.FAM.WORK.FE.ZS,33.6323319592408
Kenya,KEN,2016,"Contributing family workers, female (% of female employment) (modeled ILO estimate)",SL.FAM.WORK.FE.ZS,34.7986592673049
Kenya,KEN,2015,"Contributing family workers, female (% of female employment) (modeled ILO estimate)",SL.FAM.WORK.FE.ZS,36.0525057006764
Kenya,KEN,2014,"Contributing family workers, female (% of female employment) (modeled ILO estimate)",SL.FAM.WORK.FE.ZS,37.3107901807853
Kenya,KEN,2013,"Contributing family workers, female (% of female employment) (modeled ILO estimate)",SL.FAM.WORK.FE.ZS,38.5577076270577
Kenya,KEN,2012,"Contributing family workers, female (% of female employment) (modeled ILO estimate)",SL.FAM.WORK.FE.ZS,39.8019743466245
Kenya,KEN,2011,"Contributing family workers, female (% of female employment) (modeled ILO estimate)",SL.FAM.WORK.FE.ZS,41.0465722552328
Kenya,KEN,2010,"Contributing family workers, female (% of female employment) (modeled ILO estimate)",SL.FAM.WORK.FE.ZS,42.2913783457495
Kenya,KEN,2009,"Contributing family workers, female (% of female employment) (modeled ILO estimate)",SL.FAM.WORK.FE.ZS,43.5091980278913
Kenya,KEN,2008,"Contributing family workers, female (% of female employment) (modeled ILO estimate)",SL.FAM.WORK.FE.ZS,44.6640451274145
Kenya,KEN,2007,"Contributing family workers, female (% of female employment) (modeled ILO estimate)",SL.FAM.WORK.FE.ZS,45.8745269123422
Kenya,KEN,2006,"Contributing family workers, female (% of female employment) (modeled ILO estimate)",SL.FAM.WORK.FE.ZS,47.085042812022
Kenya,KEN,2005,"Contributing family workers, female (% of female employment) (modeled ILO estimate)",SL.FAM.WORK.FE.ZS,48.2783103311523
Kenya,KEN,2004,"Contributing family workers, female (% of female employment) (modeled ILO estimate)",SL.FAM.WORK.FE.ZS,49.4361778664536
Kenya,KEN,2003,"Contributing family workers, female (% of female employment) (modeled ILO estimate)",SL.FAM.WORK.FE.ZS,50.5344162638087
Kenya,KEN,2002,"Contributing family workers, female (% of female employment) (modeled ILO estimate)",SL.FAM.WORK.FE.ZS,51.6633468330537
Kenya,KEN,2001,"Contributing family workers, female (% of female employment) (modeled ILO estimate)",SL.FAM.WORK.FE.ZS,52.7797911962534
Kenya,KEN,2000,"Contributing family workers, female (% of female employment) (modeled ILO estimate)",SL.FAM.WORK.FE.ZS,53.8909026007942
Kenya,KEN,1999,"Contributing family workers, female (% of female employment) (modeled ILO estimate)",SL.FAM.WORK.FE.ZS,54.9282285703079
Kenya,KEN,1998,"Contributing family workers, female (% of female employment) (modeled ILO estimate)",SL.FAM.WORK.FE.ZS,55.1931810807532
Kenya,KEN,1997,"Contributing family workers, female (% of female employment) (modeled ILO estimate)",SL.FAM.WORK.FE.ZS,55.4332715680039
Kenya,KEN,1996,"Contributing family workers, female (% of female employment) (modeled ILO estimate)",SL.FAM.WORK.FE.ZS,55.6689007733137
Kenya,KEN,1995,"Contributing family workers, female (% of female employment) (modeled ILO estimate)",SL.FAM.WORK.FE.ZS,55.8483455133142
Kenya,KEN,1994,"Contributing family workers, female (% of female employment) (modeled ILO estimate)",SL.FAM.WORK.FE.ZS,55.9771278620894
Kenya,KEN,1993,"Contributing family workers, female (% of female employment) (modeled ILO estimate)",SL.FAM.WORK.FE.ZS,56.0702158438043
Kenya,KEN,1992,"Contributing family workers, female (% of female employment) (modeled ILO estimate)",SL.FAM.WORK.FE.ZS,56.1755188904653
Kenya,KEN,1991,"Contributing family workers, female (% of female employment) (modeled ILO estimate)",SL.FAM.WORK.FE.ZS,56.2131721465473
Kenya,KEN,2025,"Contributing family workers, male (% of male employment) (modeled ILO estimate)",SL.FAM.WORK.MA.ZS,21.517919833346
Kenya,KEN,2024,"Contributing family workers, male (% of male employment) (modeled ILO estimate)",SL.FAM.WORK.MA.ZS,21.6450766346605
Kenya,KEN,2023,"Contributing family workers, male (% of male employment) (modeled ILO estimate)",SL.FAM.WORK.MA.ZS,21.8801565237567
Kenya,KEN,2022,"Contributing family workers, male (% of male employment) (modeled ILO estimate)",SL.FAM.WORK.MA.ZS,22.1237874998182
Kenya,KEN,2021,"Contributing family workers, male (% of male employment) (modeled ILO estimate)",SL.FAM.WORK.MA.ZS,22.3635951530692
Kenya,KEN,2020,"Contributing family workers, male (% of male employment) (modeled ILO estimate)",SL.FAM.WORK.MA.ZS,21.5788755424286
Kenya,KEN,2019,"Contributing family workers, male (% of male employment) (modeled ILO estimate)",SL.FAM.WORK.MA.ZS,20.1526217516524
Kenya,KEN,2018,"Contributing family workers, male (% of male employment) (modeled ILO estimate)",SL.FAM.WORK.MA.ZS,20.5727019667371
Kenya,KEN,2017,"Contributing family workers, male (% of male employment) (modeled ILO estimate)",SL.FAM.WORK.MA.ZS,21.0412837594822
Kenya,KEN,2016,"Contributing family workers, male (% of male employment) (modeled ILO estimate)",SL.FAM.WORK.MA.ZS,21.4562825472464
Kenya,KEN,2015,"Contributing family workers, male (% of male employment) (modeled ILO estimate)",SL.FAM.WORK.MA.ZS,21.9558293924528
Kenya,KEN,2014,"Contributing family workers, male (% of male employment) (modeled ILO estimate)",SL.FAM.WORK.MA.ZS,22.4647591288549
Kenya,KEN,2013,"Contributing family workers, male (% of male employment) (modeled ILO estimate)",SL.FAM.WORK.MA.ZS,22.9525084148655
Kenya,KEN,2012,"Contributing family workers, male (% of male employment) (modeled ILO estimate)",SL.FAM.WORK.MA.ZS,23.4179260224486
Kenya,KEN,2011,"Contributing family workers, male (% of male employment) (modeled ILO estimate)",SL.FAM.WORK.MA.ZS,23.9091558191781
Kenya,KEN,2010,"Contributing family workers, male (% of male employment) (modeled ILO estimate)",SL.FAM.WORK.MA.ZS,24.4058204746778
Kenya,KEN,2009,"Contributing family workers, male (% of male employment) (modeled ILO estimate)",SL.FAM.WORK.MA.ZS,24.8997273444787
Kenya,KEN,2008,"Contributing family workers, male (% of male employment) (modeled ILO estimate)",SL.FAM.WORK.MA.ZS,25.2441097291761
Kenya,KEN,2007,"Contributing family workers, male (% of male employment) (modeled ILO estimate)",SL.FAM.WORK.MA.ZS,25.6396870850597
Kenya,KEN,2006,"Contributing family workers, male (% of male employment) (modeled ILO estimate)",SL.FAM.WORK.MA.ZS,26.1946204620156
Kenya,KEN,2005,"Contributing family workers, male (% of male employment) (modeled ILO estimate)",SL.FAM.WORK.MA.ZS,26.6812260280936
Kenya,KEN,2004,"Contributing family workers, male (% of male employment) (modeled ILO estimate)",SL.FAM.WORK.MA.ZS,27.0738618693298
Kenya,KEN,2003,"Contributing family workers, male (% of male employment) (modeled ILO estimate)",SL.FAM.WORK.MA.ZS,27.358204437318
Kenya,KEN,2002,"Contributing family workers, male (% of male employment) (modeled ILO estimate)",SL.FAM.WORK.MA.ZS,27.5994568828938
Kenya,KEN,2001,"Contributing family workers, male (% of male employment) (modeled ILO estimate)",SL.FAM.WORK.MA.ZS,27.8042111985161
Kenya,KEN,2000,"Contributing family workers, male (% of male employment) (modeled ILO estimate)",SL.FAM.WORK.MA.ZS,28.0872109500272
Kenya,KEN,1999,"Contributing family workers, male (% of male employment) (modeled ILO estimate)",SL.FAM.WORK.MA.ZS,28.2591246942604
Kenya,KEN,1998,"Contributing family workers, male (% of male employment) (modeled ILO estimate)",SL.FAM.WORK.MA.ZS,28.2982873925827
Kenya,KEN,1997,"Contributing family workers, male (% of male employment) (modeled ILO estimate)",SL.FAM.WORK.MA.ZS,28.3277490728566
Kenya,KEN,1996,"Contributing family workers, male (% of male employment) (modeled ILO estimate)",SL.FAM.WORK.MA.ZS,28.2995627652013
Kenya,KEN,1995,"Contributing family workers, male (% of male employment) (modeled ILO estimate)",SL.FAM.WORK.MA.ZS,28.3128570262242
Kenya,KEN,1994,"Contributing family workers, male (% of male employment) (modeled ILO estimate)",SL.FAM.WORK.MA.ZS,28.2562148894812
Kenya,KEN,1993,"Contributing family workers, male (% of male employment) (modeled ILO estimate)",SL.FAM.WORK.MA.ZS,28.1096879970217
Kenya,KEN,1992,"Contributing family workers, male (% of male employment) (modeled ILO estimate)",SL.FAM.WORK.MA.ZS,27.952710968679
Kenya,KEN,1991,"Contributing family workers, male (% of male employment) (modeled ILO estimate)",SL.FAM.WORK.MA.ZS,27.8046827012523
Kenya,KEN,2025,"Employment in industry, female (% of female employment) (modeled ILO estimate)",SL.IND.EMPL.FE.ZS,4.51064367461427
Kenya,KEN,2024,"Employment in industry, female (% of female employment) (modeled ILO estimate)",SL.IND.EMPL.FE.ZS,4.45382289739109
Kenya,KEN,2023,"Employment in industry, female (% of female employment) (modeled ILO estimate)",SL.IND.EMPL.FE.ZS,4.41031614698518
Kenya,KEN,2022,"Employment in industry, female (% of female employment) (modeled ILO estimate)",SL.IND.EMPL.FE.ZS,4.34525489604166
Kenya,KEN,2021,"Employment in industry, female (% of female employment) (modeled ILO estimate)",SL.IND.EMPL.FE.ZS,3.70279616274789
Kenya,KEN,2020,"Employment in industry, female (% of female employment) (modeled ILO estimate)",SL.IND.EMPL.FE.ZS,3.87166658646079
Kenya,KEN,2019,"Employment in industry, female (% of female employment) (modeled ILO estimate)",SL.IND.EMPL.FE.ZS,3.91878185957088
Kenya,KEN,2018,"Employment in industry, female (% of female employment) (modeled ILO estimate)",SL.IND.EMPL.FE.ZS,3.88060169816599
Kenya,KEN,2017,"Employment in industry, female (% of female employment) (modeled ILO estimate)",SL.IND.EMPL.FE.ZS,3.78080554261215
Kenya,KEN,2016,"Employment in industry, female (% of female employment) (modeled ILO estimate)",SL.IND.EMPL.FE.ZS,3.75477193390088
Kenya,KEN,2015,"Employment in industry, female (% of female employment) (modeled ILO estimate)",SL.IND.EMPL.FE.ZS,3.70223575650151
Kenya,KEN,2014,"Employment in industry, female (% of female employment) (modeled ILO estimate)",SL.IND.EMPL.FE.ZS,3.62734258965447
Kenya,KEN,2013,"Employment in industry, female (% of female employment) (modeled ILO estimate)",SL.IND.EMPL.FE.ZS,3.55440580531951
Kenya,KEN,2012,"Employment in industry, female (% of female employment) (modeled ILO estimate)",SL.IND.EMPL.FE.ZS,3.52941203524422
Kenya,KEN,2011,"Employment in industry, female (% of female employment) (modeled ILO estimate)",SL.IND.EMPL.FE.ZS,3.48843214058672
Kenya,KEN,2010,"Employment in industry, female (% of female employment) (modeled ILO estimate)",SL.IND.EMPL.FE.ZS,3.44000022574917
Kenya,KEN,2009,"Employment in industry, female (% of female employment) (modeled ILO estimate)",SL.IND.EMPL.FE.ZS,3.31494800894238
Kenya,KEN,2008,"Employment in industry, female (% of female employment) (modeled ILO estimate)",SL.IND.EMPL.FE.ZS,3.35691706145997
Kenya,KEN,2007,"Employment in industry, female (% of female employment) (modeled ILO estimate)",SL.IND.EMPL.FE.ZS,3.48238481468889
Kenya,KEN,2006,"Employment in industry, female (% of female employment) (modeled ILO estimate)",SL.IND.EMPL.FE.ZS,3.38727118532185
Kenya,KEN,2005,"Employment in industry, female (% of female employment) (modeled ILO estimate)",SL.IND.EMPL.FE.ZS,3.32049206492494
Kenya,KEN,2004,"Employment in industry, female (% of female employment) (modeled ILO estimate)",SL.IND.EMPL.FE.ZS,3.25610822881437
Kenya,KEN,2003,"Employment in industry, female (% of female employment) (modeled ILO estimate)",SL.IND.EMPL.FE.ZS,3.21787478275635
Kenya,KEN,2002,"Employment in industry, female (% of female employment) (modeled ILO estimate)",SL.IND.EMPL.FE.ZS,3.24983406233552
Kenya,KEN,2001,"Employment in industry, female (% of female employment) (modeled ILO estimate)",SL.IND.EMPL.FE.ZS,3.35803974549792
Kenya,KEN,2000,"Employment in industry, female (% of female employment) (modeled ILO estimate)",SL.IND.EMPL.FE.ZS,3.36121617117105
Kenya,KEN,1999,"Employment in industry, female (% of female employment) (modeled ILO estimate)",SL.IND.EMPL.FE.ZS,3.47432301220097
Kenya,KEN,1998,"Employment in industry, female (% of female employment) (modeled ILO estimate)",SL.IND.EMPL.FE.ZS,3.56941794095048
Kenya,KEN,1997,"Employment in industry, female (% of female employment) (modeled ILO estimate)",SL.IND.EMPL.FE.ZS,3.61594482462513
Kenya,KEN,1996,"Employment in industry, female (% of female employment) (modeled ILO estimate)",SL.IND.EMPL.FE.ZS,3.7394142829442
Kenya,KEN,1995,"Employment in industry, female (% of female employment) (modeled ILO estimate)",SL.IND.EMPL.FE.ZS,3.74765231075836
Kenya,KEN,1994,"Employment in industry, female (% of female employment) (modeled ILO estimate)",SL.IND.EMPL.FE.ZS,3.76429266391304
Kenya,KEN,1993,"Employment in industry, female (% of female employment) (modeled ILO estimate)",SL.IND.EMPL.FE.ZS,3.80697169586962
Kenya,KEN,1992,"Employment in industry, female (% of female employment) (modeled ILO estimate)",SL.IND.EMPL.FE.ZS,3.91895195794792
Kenya,KEN,1991,"Employment in industry, female (% of female employment) (modeled ILO estimate)",SL.IND.EMPL.FE.ZS,4.04963093604442
Kenya,KEN,2025,"Employment in industry, male (% of male employment) (modeled ILO estimate)",SL.IND.EMPL.MA.ZS,19.4718898265135
Kenya,KEN,2024,"Employment in industry, male (% of male employment) (modeled ILO estimate)",SL.IND.EMPL.MA.ZS,19.1809936671732
Kenya,KEN,2023,"Employment in industry, male (% of male employment) (modeled ILO estimate)",SL.IND.EMPL.MA.ZS,18.9061289330997
Kenya,KEN,2022,"Employment in industry, male (% of male employment) (modeled ILO estimate)",SL.IND.EMPL.MA.ZS,18.5421676965437
Kenya,KEN,2021,"Employment in industry, male (% of male employment) (modeled ILO estimate)",SL.IND.EMPL.MA.ZS,17.8710062665301
Kenya,KEN,2020,"Employment in industry, male (% of male employment) (modeled ILO estimate)",SL.IND.EMPL.MA.ZS,17.7144896685512
Kenya,KEN,2019,"Employment in industry, male (% of male employment) (modeled ILO estimate)",SL.IND.EMPL.MA.ZS,17.9097266430172
Kenya,KEN,2018,"Employment in industry, male (% of male employment) (modeled ILO estimate)",SL.IND.EMPL.MA.ZS,17.6829428763412
Kenya,KEN,2017,"Employment in industry, male (% of male employment) (modeled ILO estimate)",SL.IND.EMPL.MA.ZS,17.2376955997285
Kenya,KEN,2016,"Employment in industry, male (% of male employment) (modeled ILO estimate)",SL.IND.EMPL.MA.ZS,17.0463999993912
Kenya,KEN,2015,"Employment in industry, male (% of male employment) (modeled ILO estimate)",SL.IND.EMPL.MA.ZS,16.7479909124318
Kenya,KEN,2014,"Employment in industry, male (% of male employment) (modeled ILO estimate)",SL.IND.EMPL.MA.ZS,16.4047136233939
Kenya,KEN,2013,"Employment in industry, male (% of male employment) (modeled ILO estimate)",SL.IND.EMPL.MA.ZS,16.059435200954
Kenya,KEN,2012,"Employment in industry, male (% of male employment) (modeled ILO estimate)",SL.IND.EMPL.MA.ZS,15.8916057325376
Kenya,KEN,2011,"Employment in industry, male (% of male employment) (modeled ILO estimate)",SL.IND.EMPL.MA.ZS,15.6858409872679
Kenya,KEN,2010,"Employment in industry, male (% of male employment) (modeled ILO estimate)",SL.IND.EMPL.MA.ZS,15.4827849160917
Kenya,KEN,2009,"Employment in industry, male (% of male employment) (modeled ILO estimate)",SL.IND.EMPL.MA.ZS,15.0624596398077
Kenya,KEN,2008,"Employment in industry, male (% of male employment) (modeled ILO estimate)",SL.IND.EMPL.MA.ZS,15.1543770243495
Kenya,KEN,2007,"Employment in industry, male (% of male employment) (modeled ILO estimate)",SL.IND.EMPL.MA.ZS,15.5205958208381
Kenya,KEN,2006,"Employment in industry, male (% of male employment) (modeled ILO estimate)",SL.IND.EMPL.MA.ZS,15.2858674667837
Kenya,KEN,2005,"Employment in industry, male (% of male employment) (modeled ILO estimate)",SL.IND.EMPL.MA.ZS,15.1010646343624
Kenya,KEN,2004,"Employment in industry, male (% of male employment) (modeled ILO estimate)",SL.IND.EMPL.MA.ZS,14.9760703560482
Kenya,KEN,2003,"Employment in industry, male (% of male employment) (modeled ILO estimate)",SL.IND.EMPL.MA.ZS,14.9414300703281
Kenya,KEN,2002,"Employment in industry, male (% of male employment) (modeled ILO estimate)",SL.IND.EMPL.MA.ZS,15.1289561309727
Kenya,KEN,2001,"Employment in industry, male (% of male employment) (modeled ILO estimate)",SL.IND.EMPL.MA.ZS,15.5374326598127
Kenya,KEN,2000,"Employment in industry, male (% of male employment) (modeled ILO estimate)",SL.IND.EMPL.MA.ZS,15.683355618936
Kenya,KEN,1999,"Employment in industry, male (% of male employment) (modeled ILO estimate)",SL.IND.EMPL.MA.ZS,16.1252140506967
Kenya,KEN,1998,"Employment in industry, male (% of male employment) (modeled ILO estimate)",SL.IND.EMPL.MA.ZS,16.3116010667322
Kenya,KEN,1997,"Employment in industry, male (% of male employment) (modeled ILO estimate)",SL.IND.EMPL.MA.ZS,16.400424747443
Kenya,KEN,1996,"Employment in industry, male (% of male employment) (modeled ILO estimate)",SL.IND.EMPL.MA.ZS,16.6917994360543
Kenya,KEN,1995,"Employment in industry, male (% of male employment) (modeled ILO estimate)",SL.IND.EMPL.MA.ZS,16.6803736496958
Kenya,KEN,1994,"Employment in industry, male (% of male employment) (modeled ILO estimate)",SL.IND.EMPL.MA.ZS,16.6934637314971
Kenya,KEN,1993,"Employment in industry, male (% of male employment) (modeled ILO estimate)",SL.IND.EMPL.MA.ZS,16.7871874929997
Kenya,KEN,1992,"Employment in industry, male (% of male employment) (modeled ILO estimate)",SL.IND.EMPL.MA.ZS,17.0395555168725
Kenya,KEN,1991,"Employment in industry, male (% of male employment) (modeled ILO estimate)",SL.IND.EMPL.MA.ZS,17.3398184418528
Kenya,KEN,1999,"Child employment in manufacturing, female (% of female economically active children ages 7-14)",SL.MNF.0714.FE.ZS,0.2931294956
Kenya,KEN,1999,"Child employment in manufacturing, male (% of male economically active children ages 7-14)",SL.MNF.0714.MA.ZS,2.5292879552
Kenya,KEN,1999,"Child employment in services, female (% of female economically active children ages 7-14)",SL.SRV.0714.FE.ZS,25.2605470247
Kenya,KEN,1999,"Child employment in services, male (% of male economically active children ages 7-14)",SL.SRV.0714.MA.ZS,8.8010801795
Kenya,KEN,2025,"Employment in services, female (% of female employment) (modeled ILO estimate)",SL.SRV.EMPL.FE.ZS,42.1341278339679
Kenya,KEN,2024,"Employment in services, female (% of female employment) (modeled ILO estimate)",SL.SRV.EMPL.FE.ZS,41.4438085290933
Kenya,KEN,2023,"Employment in services, female (% of female employment) (modeled ILO estimate)",SL.SRV.EMPL.FE.ZS,40.7876697705449
Kenya,KEN,2022,"Employment in services, female (% of female employment) (modeled ILO estimate)",SL.SRV.EMPL.FE.ZS,40.1549425807831
Kenya,KEN,2021,"Employment in services, female (% of female employment) (modeled ILO estimate)",SL.SRV.EMPL.FE.ZS,38.3380989114938
Kenya,KEN,2020,"Employment in services, female (% of female employment) (modeled ILO estimate)",SL.SRV.EMPL.FE.ZS,38.739180800088
Kenya,KEN,2019,"Employment in services, female (% of female employment) (modeled ILO estimate)",SL.SRV.EMPL.FE.ZS,40.6027345925931
Kenya,KEN,2018,"Employment in services, female (% of female employment) (modeled ILO estimate)",SL.SRV.EMPL.FE.ZS,39.7414097458542
Kenya,KEN,2017,"Employment in services, female (% of female employment) (modeled ILO estimate)",SL.SRV.EMPL.FE.ZS,38.7294790039894
Kenya,KEN,2016,"Employment in services, female (% of female employment) (modeled ILO estimate)",SL.SRV.EMPL.FE.ZS,37.9349834944989
Kenya,KEN,2015,"Employment in services, female (% of female employment) (modeled ILO estimate)",SL.SRV.EMPL.FE.ZS,37.0654163153919
Kenya,KEN,2014,"Employment in services, female (% of female employment) (modeled ILO estimate)",SL.SRV.EMPL.FE.ZS,36.2229814636967
Kenya,KEN,2013,"Employment in services, female (% of female employment) (modeled ILO estimate)",SL.SRV.EMPL.FE.ZS,35.2829114363666
Kenya,KEN,2012,"Employment in services, female (% of female employment) (modeled ILO estimate)",SL.SRV.EMPL.FE.ZS,34.4481408848952
Kenya,KEN,2011,"Employment in services, female (% of female employment) (modeled ILO estimate)",SL.SRV.EMPL.FE.ZS,33.5682974706047
Kenya,KEN,2010,"Employment in services, female (% of female employment) (modeled ILO estimate)",SL.SRV.EMPL.FE.ZS,32.8534854751879
Kenya,KEN,2009,"Employment in services, female (% of female employment) (modeled ILO estimate)",SL.SRV.EMPL.FE.ZS,32.0219107977995
Kenya,KEN,2008,"Employment in services, female (% of female employment) (modeled ILO estimate)",SL.SRV.EMPL.FE.ZS,31.4816977560937
Kenya,KEN,2007,"Employment in services, female (% of female employment) (modeled ILO estimate)",SL.SRV.EMPL.FE.ZS,30.8953160688587
Kenya,KEN,2006,"Employment in services, female (% of female employment) (modeled ILO estimate)",SL.SRV.EMPL.FE.ZS,30.0210843474593
Kenya,KEN,2005,"Employment in services, female (% of female employment) (modeled ILO estimate)",SL.SRV.EMPL.FE.ZS,29.1666515732136
Kenya,KEN,2004,"Employment in services, female (% of female employment) (modeled ILO estimate)",SL.SRV.EMPL.FE.ZS,28.3514706028285
Kenya,KEN,2003,"Employment in services, female (% of female employment) (modeled ILO estimate)",SL.SRV.EMPL.FE.ZS,27.611746264408
Kenya,KEN,2002,"Employment in services, female (% of female employment) (modeled ILO estimate)",SL.SRV.EMPL.FE.ZS,26.8921107011644
Kenya,KEN,2001,"Employment in services, female (% of female employment) (modeled ILO estimate)",SL.SRV.EMPL.FE.ZS,26.2132665218801
Kenya,KEN,2000,"Employment in services, female (% of female employment) (modeled ILO estimate)",SL.SRV.EMPL.FE.ZS,25.4058409602125
Kenya,KEN,1999,"Employment in services, female (% of female employment) (modeled ILO estimate)",SL.SRV.EMPL.FE.ZS,24.9754624098646
Kenya,KEN,1998,"Employment in services, female (% of female employment) (modeled ILO estimate)",SL.SRV.EMPL.FE.ZS,24.6921357275668
Kenya,KEN,1997,"Employment in services, female (% of female employment) (modeled ILO estimate)",SL.SRV.EMPL.FE.ZS,24.3570547413518
Kenya,KEN,1996,"Employment in services, female (% of female employment) (modeled ILO estimate)",SL.SRV.EMPL.FE.ZS,24.0946744135344
Kenya,KEN,1995,"Employment in services, female (% of female employment) (modeled ILO estimate)",SL.SRV.EMPL.FE.ZS,23.7657268146453
Kenya,KEN,1994,"Employment in services, female (% of female employment) (modeled ILO estimate)",SL.SRV.EMPL.FE.ZS,23.4656776647355
Kenya,KEN,1993,"Employment in services, female (% of female employment) (modeled ILO estimate)",SL.SRV.EMPL.FE.ZS,23.2264768519098
Kenya,KEN,1992,"Employment in services, female (% of female employment) (modeled ILO estimate)",SL.SRV.EMPL.FE.ZS,23.0957886801679
Kenya,KEN,1991,"Employment in services, female (% of female employment) (modeled ILO estimate)",SL.SRV.EMPL.FE.ZS,23.0370109584823
Kenya,KEN,2025,"Employment in services, male (% of male employment) (modeled ILO estimate)",SL.SRV.EMPL.MA.ZS,41.3811240597703
Kenya,KEN,2024,"Employment in services, male (% of male employment) (modeled ILO estimate)",SL.SRV.EMPL.MA.ZS,40.9543996220232
Kenya,KEN,2023,"Employment in services, male (% of male employment) (modeled ILO estimate)",SL.SRV.EMPL.MA.ZS,40.5951865811618
Kenya,KEN,2022,"Employment in services, male (% of male employment) (modeled ILO estimate)",SL.SRV.EMPL.MA.ZS,40.2729586379003
Kenya,KEN,2021,"Employment in services, male (% of male employment) (modeled ILO estimate)",SL.SRV.EMPL.MA.ZS,36.6303445319465
Kenya,KEN,2020,"Employment in services, male (% of male employment) (modeled ILO estimate)",SL.SRV.EMPL.MA.ZS,36.416696348064
Kenya,KEN,2019,"Employment in services, male (% of male employment) (modeled ILO estimate)",SL.SRV.EMPL.MA.ZS,37.3937774664486
Kenya,KEN,2018,"Employment in services, male (% of male employment) (modeled ILO estimate)",SL.SRV.EMPL.MA.ZS,37.3005880474096
Kenya,KEN,2017,"Employment in services, male (% of male employment) (modeled ILO estimate)",SL.SRV.EMPL.MA.ZS,37.1662028398924
Kenya,KEN,2016,"Employment in services, male (% of male employment) (modeled ILO estimate)",SL.SRV.EMPL.MA.ZS,37.1243564275811
Kenya,KEN,2015,"Employment in services, male (% of male employment) (modeled ILO estimate)",SL.SRV.EMPL.MA.ZS,37.0567725458541
Kenya,KEN,2014,"Employment in services, male (% of male employment) (modeled ILO estimate)",SL.SRV.EMPL.MA.ZS,37.0361107688313
Kenya,KEN,2013,"Employment in services, male (% of male employment) (modeled ILO estimate)",SL.SRV.EMPL.MA.ZS,36.8726370746734
Kenya,KEN,2012,"Employment in services, male (% of male employment) (modeled ILO estimate)",SL.SRV.EMPL.MA.ZS,36.7206839194544
Kenya,KEN,2011,"Employment in services, male (% of male employment) (modeled ILO estimate)",SL.SRV.EMPL.MA.ZS,36.5280231146943
Kenya,KEN,2010,"Employment in services, male (% of male employment) (modeled ILO estimate)",SL.SRV.EMPL.MA.ZS,36.473481186728
Kenya,KEN,2009,"Employment in services, male (% of male employment) (modeled ILO estimate)",SL.SRV.EMPL.MA.ZS,36.3768745067088
Kenya,KEN,2008,"Employment in services, male (% of male employment) (modeled ILO estimate)",SL.SRV.EMPL.MA.ZS,36.3481050888703
Kenya,KEN,2007,"Employment in services, male (% of male employment) (modeled ILO estimate)",SL.SRV.EMPL.MA.ZS,36.2427344853041
Kenya,KEN,2006,"Employment in services, male (% of male employment) (modeled ILO estimate)",SL.SRV.EMPL.MA.ZS,35.9963365410267
Kenya,KEN,2005,"Employment in services, male (% of male employment) (modeled ILO estimate)",SL.SRV.EMPL.MA.ZS,35.7246117863325
Kenya,KEN,2004,"Employment in services, male (% of male employment) (modeled ILO estimate)",SL.SRV.EMPL.MA.ZS,35.4599573660509
Kenya,KEN,2003,"Employment in services, male (% of male employment) (modeled ILO estimate)",SL.SRV.EMPL.MA.ZS,35.210076423841
Kenya,KEN,2002,"Employment in services, male (% of male employment) (modeled ILO estimate)",SL.SRV.EMPL.MA.ZS,35.0019522446619
Kenya,KEN,2001,"Employment in services, male (% of male employment) (modeled ILO estimate)",SL.SRV.EMPL.MA.ZS,34.7279935700565
Kenya,KEN,2000,"Employment in services, male (% of male employment) (modeled ILO estimate)",SL.SRV.EMPL.MA.ZS,34.4064032557416
Kenya,KEN,1999,"Employment in services, male (% of male employment) (modeled ILO estimate)",SL.SRV.EMPL.MA.ZS,34.2780499860598
Kenya,KEN,1998,"Employment in services, male (% of male employment) (modeled ILO estimate)",SL.SRV.EMPL.MA.ZS,34.0233562525336
Kenya,KEN,1997,"Employment in services, male (% of male employment) (modeled ILO estimate)",SL.SRV.EMPL.MA.ZS,33.7414795119341
Kenya,KEN,1996,"Employment in services, male (% of male employment) (modeled ILO estimate)",SL.SRV.EMPL.MA.ZS,33.4866300174766
Kenya,KEN,1995,"Employment in services, male (% of male employment) (modeled ILO estimate)",SL.SRV.EMPL.MA.ZS,33.1670396829136
Kenya,KEN,1994,"Employment in services, male (% of male employment) (modeled ILO estimate)",SL.SRV.EMPL.MA.ZS,32.9334138002063
Kenya,KEN,1993,"Employment in services, male (% of male employment) (modeled ILO estimate)",SL.SRV.EMPL.MA.ZS,32.6767997320416
Kenya,KEN,1992,"Employment in services, male (% of male employment) (modeled ILO estimate)",SL.SRV.EMPL.MA.ZS,32.5401884624326
Kenya,KEN,1991,"Employment in services, male (% of male employment) (modeled ILO estimate)",SL.SRV.EMPL.MA.ZS,32.394747134952
Kenya,KEN,2009,"Children in employment, female (% of female children ages 7-14)",SL.TLF.0714.FE.ZS,33.9214473789197
Kenya,KEN,2000,"Children in employment, female (% of female children ages 7-14)",SL.TLF.0714.FE.ZS,35.2
Kenya,KEN,1999,"Children in employment, female (% of female children ages 7-14)",SL.TLF.0714.FE.ZS,6.4
Kenya,KEN,2009,"Children in employment, male (% of male children ages 7-14)",SL.TLF.0714.MA.ZS,34.9416710075228
Kenya,KEN,2000,"Children in employment, male (% of male children ages 7-14)",SL.TLF.0714.MA.ZS,40.1
Kenya,KEN,1999,"Children in employment, male (% of male children ages 7-14)",SL.TLF.0714.MA.ZS,6.9
Kenya,KEN,2009,"Children in employment, study and work, female (% of female children in employment, ages 7-14)",SL.TLF.0714.SW.FE.ZS,68.2224347384307
Kenya,KEN,2000,"Children in employment, study and work, female (% of female children in employment, ages 7-14)",SL.TLF.0714.SW.FE.ZS,85.1
Kenya,KEN,1999,"Children in employment, study and work, female (% of female children in employment, ages 7-14)",SL.TLF.0714.SW.FE.ZS,53.1
Kenya,KEN,2009,"Children in employment, study and work, male (% of male children in employment, ages 7-14)",SL.TLF.0714.SW.MA.ZS,66.8403633546933
Kenya,KEN,2000,"Children in employment, study and work, male (% of male children in employment, ages 7-14)",SL.TLF.0714.SW.MA.ZS,86.6
Kenya,KEN,1999,"Children in employment, study and work, male (% of male children in employment, ages 7-14)",SL.TLF.0714.SW.MA.ZS,56.5
Kenya,KEN,2009,"Children in employment, work only, female (% of female children in employment, ages 7-14)",SL.TLF.0714.WK.FE.ZS,31.7775652615693
Kenya,KEN,2000,"Children in employment, work only, female (% of female children in employment, ages 7-14)",SL.TLF.0714.WK.FE.ZS,14.9
Kenya,KEN,1999,"Children in employment, work only, female (% of female children in employment, ages 7-14)",SL.TLF.0714.WK.FE.ZS,46.9
Kenya,KEN,2009,"Children in employment, work only, male (% of male children in employment, ages 7-14)",SL.TLF.0714.WK.MA.ZS,33.1596366453067
Kenya,KEN,2000,"Children in employment, work only, male (% of male children in employment, ages 7-14)",SL.TLF.0714.WK.MA.ZS,13.4
Kenya,KEN,1999,"Children in employment, work only, male (% of male children in employment, ages 7-14)",SL.TLF.0714.WK.MA.ZS,43.5
Kenya,KEN,2025,"Labor force participation rate, female (% of female population ages 15+) (modeled ILO estimate)",SL.TLF.CACT.FE.ZS,63.036
Kenya,KEN,2024,"Labor force participation rate, female (% of female population ages 15+) (modeled ILO estimate)",SL.TLF.CACT.FE.ZS,63.012
Kenya,KEN,2023,"Labor force participation rate, female (% of female population ages 15+) (modeled ILO estimate)",SL.TLF.CACT.FE.ZS,62.946
Kenya,KEN,2022,"Labor force participation rate, female (% of female population ages 15+) (modeled ILO estimate)",SL.TLF.CACT.FE.ZS,62.832
Kenya,KEN,2021,"Labor force participation rate, female (% of female population ages 15+) (modeled ILO estimate)",SL.TLF.CACT.FE.ZS,62.668
Kenya,KEN,2020,"Labor force participation rate, female (% of female population ages 15+) (modeled ILO estimate)",SL.TLF.CACT.FE.ZS,62.167
Kenya,KEN,2019,"Labor force participation rate, female (% of female population ages 15+) (modeled ILO estimate)",SL.TLF.CACT.FE.ZS,62.817
Kenya,KEN,2018,"Labor force participation rate, female (% of female population ages 15+) (modeled ILO estimate)",SL.TLF.CACT.FE.ZS,65.814
Kenya,KEN,2017,"Labor force participation rate, female (% of female population ages 15+) (modeled ILO estimate)",SL.TLF.CACT.FE.ZS,68.685
Kenya,KEN,2016,"Labor force participation rate, female (% of female population ages 15+) (modeled ILO estimate)",SL.TLF.CACT.FE.ZS,71.417
Kenya,KEN,2015,"Labor force participation rate, female (% of female population ages 15+) (modeled ILO estimate)",SL.TLF.CACT.FE.ZS,71.356
Kenya,KEN,2014,"Labor force participation rate, female (% of female population ages 15+) (modeled ILO estimate)",SL.TLF.CACT.FE.ZS,71.295
Kenya,KEN,2013,"Labor force participation rate, female (% of female population ages 15+) (modeled ILO estimate)",SL.TLF.CACT.FE.ZS,71.235
Kenya,KEN,2012,"Labor force participation rate, female (% of female population ages 15+) (modeled ILO estimate)",SL.TLF.CACT.FE.ZS,71.175
Kenya,KEN,2011,"Labor force participation rate, female (% of female population ages 15+) (modeled ILO estimate)",SL.TLF.CACT.FE.ZS,71.114
Kenya,KEN,2010,"Labor force participation rate, female (% of female population ages 15+) (modeled ILO estimate)",SL.TLF.CACT.FE.ZS,71.055
Kenya,KEN,2009,"Labor force participation rate, female (% of female population ages 15+) (modeled ILO estimate)",SL.TLF.CACT.FE.ZS,70.995
Kenya,KEN,2008,"Labor force participation rate, female (% of female population ages 15+) (modeled ILO estimate)",SL.TLF.CACT.FE.ZS,70.936
Kenya,KEN,2007,"Labor force participation rate, female (% of female population ages 15+) (modeled ILO estimate)",SL.TLF.CACT.FE.ZS,70.877
Kenya,KEN,2006,"Labor force participation rate, female (% of female population ages 15+) (modeled ILO estimate)",SL.TLF.CACT.FE.ZS,70.819
Kenya,KEN,2005,"Labor force participation rate, female (% of female population ages 15+) (modeled ILO estimate)",SL.TLF.CACT.FE.ZS,70.761
Kenya,KEN,2004,"Labor force participation rate, female (% of female population ages 15+) (modeled ILO estimate)",SL.TLF.CACT.FE.ZS,70.703
Kenya,KEN,2003,"Labor force participation rate, female (% of female population ages 15+) (modeled ILO estimate)",SL.TLF.CACT.FE.ZS,70.646
Kenya,KEN,2002,"Labor force participation rate, female (% of female population ages 15+) (modeled ILO estimate)",SL.TLF.CACT.FE.ZS,70.588
Kenya,KEN,2001,"Labor force participation rate, female (% of female population ages 15+) (modeled ILO estimate)",SL.TLF.CACT.FE.ZS,70.531
Kenya,KEN,2000,"Labor force participation rate, female (% of female population ages 15+) (modeled ILO estimate)",SL.TLF.CACT.FE.ZS,70.474
Kenya,KEN,1999,"Labor force participation rate, female (% of female population ages 15+) (modeled ILO estimate)",SL.TLF.CACT.FE.ZS,70.418
Kenya,KEN,1998,"Labor force participation rate, female (% of female population ages 15+) (modeled ILO estimate)",SL.TLF.CACT.FE.ZS,70.327
Kenya,KEN,1997,"Labor force participation rate, female (% of female population ages 15+) (modeled ILO estimate)",SL.TLF.CACT.FE.ZS,70.248
Kenya,KEN,1996,"Labor force participation rate, female (% of female population ages 15+) (modeled ILO estimate)",SL.TLF.CACT.FE.ZS,70.169
Kenya,KEN,1995,"Labor force participation rate, female (% of female population ages 15+) (modeled ILO estimate)",SL.TLF.CACT.FE.ZS,70.092
Kenya,KEN,1994,"Labor force participation rate, female (% of female population ages 15+) (modeled ILO estimate)",SL.TLF.CACT.FE.ZS,70.012
Kenya,KEN,1993,"Labor force participation rate, female (% of female population ages 15+) (modeled ILO estimate)",SL.TLF.CACT.FE.ZS,69.932
Kenya,KEN,1992,"Labor force participation rate, female (% of female population ages 15+) (modeled ILO estimate)",SL.TLF.CACT.FE.ZS,69.859
Kenya,KEN,1991,"Labor force participation rate, female (% of female population ages 15+) (modeled ILO estimate)",SL.TLF.CACT.FE.ZS,69.795
Kenya,KEN,1990,"Labor force participation rate, female (% of female population ages 15+) (modeled ILO estimate)",SL.TLF.CACT.FE.ZS,69.733
Kenya,KEN,2025,"Labor force participation rate, male (% of male population ages 15+) (modeled ILO estimate)",SL.TLF.CACT.MA.ZS,71.85
Kenya,KEN,2024,"Labor force participation rate, male (% of male population ages 15+) (modeled ILO estimate)",SL.TLF.CACT.MA.ZS,71.94
Kenya,KEN,2023,"Labor force participation rate, male (% of male population ages 15+) (modeled ILO estimate)",SL.TLF.CACT.MA.ZS,72.098
Kenya,KEN,2022,"Labor force participation rate, male (% of male population ages 15+) (modeled ILO estimate)",SL.TLF.CACT.MA.ZS,72.295
Kenya,KEN,2021,"Labor force participation rate, male (% of male population ages 15+) (modeled ILO estimate)",SL.TLF.CACT.MA.ZS,72.376
Kenya,KEN,2020,"Labor force participation rate, male (% of male population ages 15+) (modeled ILO estimate)",SL.TLF.CACT.MA.ZS,72.112
Kenya,KEN,2019,"Labor force participation rate, male (% of male population ages 15+) (modeled ILO estimate)",SL.TLF.CACT.MA.ZS,72.904
Kenya,KEN,2018,"Labor force participation rate, male (% of male population ages 15+) (modeled ILO estimate)",SL.TLF.CACT.MA.ZS,74.487
Kenya,KEN,2017,"Labor force participation rate, male (% of male population ages 15+) (modeled ILO estimate)",SL.TLF.CACT.MA.ZS,76.004
Kenya,KEN,2016,"Labor force participation rate, male (% of male population ages 15+) (modeled ILO estimate)",SL.TLF.CACT.MA.ZS,77.454
Kenya,KEN,2015,"Labor force participation rate, male (% of male population ages 15+) (modeled ILO estimate)",SL.TLF.CACT.MA.ZS,77.28
Kenya,KEN,2014,"Labor force participation rate, male (% of male population ages 15+) (modeled ILO estimate)",SL.TLF.CACT.MA.ZS,77.105
Kenya,KEN,2013,"Labor force participation rate, male (% of male population ages 15+) (modeled ILO estimate)",SL.TLF.CACT.MA.ZS,76.93
Kenya,KEN,2012,"Labor force participation rate, male (% of male population ages 15+) (modeled ILO estimate)",SL.TLF.CACT.MA.ZS,76.754
Kenya,KEN,2011,"Labor force participation rate, male (% of male population ages 15+) (modeled ILO estimate)",SL.TLF.CACT.MA.ZS,76.577
Kenya,KEN,2010,"Labor force participation rate, male (% of male population ages 15+) (modeled ILO estimate)",SL.TLF.CACT.MA.ZS,76.4
Kenya,KEN,2009,"Labor force participation rate, male (% of male population ages 15+) (modeled ILO estimate)",SL.TLF.CACT.MA.ZS,76.223
Kenya,KEN,2008,"Labor force participation rate, male (% of male population ages 15+) (modeled ILO estimate)",SL.TLF.CACT.MA.ZS,76.045
Kenya,KEN,2007,"Labor force participation rate, male (% of male population ages 15+) (modeled ILO estimate)",SL.TLF.CACT.MA.ZS,75.866
Kenya,KEN,2006,"Labor force participation rate, male (% of male population ages 15+) (modeled ILO estimate)",SL.TLF.CACT.MA.ZS,75.687
Kenya,KEN,2005,"Labor force participation rate, male (% of male population ages 15+) (modeled ILO estimate)",SL.TLF.CACT.MA.ZS,75.507
Kenya,KEN,2004,"Labor force participation rate, male (% of male population ages 15+) (modeled ILO estimate)",SL.TLF.CACT.MA.ZS,75.327
Kenya,KEN,2003,"Labor force participation rate, male (% of male population ages 15+) (modeled ILO estimate)",SL.TLF.CACT.MA.ZS,75.147
Kenya,KEN,2002,"Labor force participation rate, male (% of male population ages 15+) (modeled ILO estimate)",SL.TLF.CACT.MA.ZS,74.966
Kenya,KEN,2001,"Labor force participation rate, male (% of male population ages 15+) (modeled ILO estimate)",SL.TLF.CACT.MA.ZS,74.784
Kenya,KEN,2000,"Labor force participation rate, male (% of male population ages 15+) (modeled ILO estimate)",SL.TLF.CACT.MA.ZS,74.601
Kenya,KEN,1999,"Labor force participation rate, male (% of male population ages 15+) (modeled ILO estimate)",SL.TLF.CACT.MA.ZS,74.418
Kenya,KEN,1998,"Labor force participation rate, male (% of male population ages 15+) (modeled ILO estimate)",SL.TLF.CACT.MA.ZS,74.67
Kenya,KEN,1997,"Labor force participation rate, male (% of male population ages 15+) (modeled ILO estimate)",SL.TLF.CACT.MA.ZS,74.893
Kenya,KEN,1996,"Labor force participation rate, male (% of male population ages 15+) (modeled ILO estimate)",SL.TLF.CACT.MA.ZS,75.119
Kenya,KEN,1995,"Labor force participation rate, male (% of male population ages 15+) (modeled ILO estimate)",SL.TLF.CACT.MA.ZS,75.34
Kenya,KEN,1994,"Labor force participation rate, male (% of male population ages 15+) (modeled ILO estimate)",SL.TLF.CACT.MA.ZS,75.573
Kenya,KEN,1993,"Labor force participation rate, male (% of male population ages 15+) (modeled ILO estimate)",SL.TLF.CACT.MA.ZS,75.806
Kenya,KEN,1992,"Labor force participation rate, male (% of male population ages 15+) (modeled ILO estimate)",SL.TLF.CACT.MA.ZS,76.018
Kenya,KEN,1991,"Labor force participation rate, male (% of male population ages 15+) (modeled ILO estimate)",SL.TLF.CACT.MA.ZS,76.208
Kenya,KEN,1990,"Labor force participation rate, male (% of male population ages 15+) (modeled ILO estimate)",SL.TLF.CACT.MA.ZS,76.392
Kenya,KEN,2021,"Part time employment, female (% of total female employment)",SL.TLF.PART.FE.ZS,49.705
Kenya,KEN,2019,"Part time employment, female (% of total female employment)",SL.TLF.PART.FE.ZS,36.152
Kenya,KEN,2016,"Part time employment, female (% of total female employment)",SL.TLF.PART.FE.ZS,48.944
Kenya,KEN,2005,"Part time employment, female (% of total female employment)",SL.TLF.PART.FE.ZS,60.073
Kenya,KEN,2021,"Part time employment, male (% of total male employment)",SL.TLF.PART.MA.ZS,31.901
Kenya,KEN,2019,"Part time employment, male (% of total male employment)",SL.TLF.PART.MA.ZS,21.232
Kenya,KEN,2016,"Part time employment, male (% of total male employment)",SL.TLF.PART.MA.ZS,29.891
Kenya,KEN,2005,"Part time employment, male (% of total male employment)",SL.TLF.PART.MA.ZS,43.661
Kenya,KEN,2025,"Labor force, female (% of total labor force)",SL.TLF.TOTL.FE.ZS,47.3918177631363
Kenya,KEN,2024,"Labor force, female (% of total labor force)",SL.TLF.TOTL.FE.ZS,47.3407359201815
Kenya,KEN,2023,"Labor force, female (% of total labor force)",SL.TLF.TOTL.FE.ZS,47.25095611573
Kenya,KEN,2022,"Labor force, female (% of total labor force)",SL.TLF.TOTL.FE.ZS,47.1287377028103
Kenya,KEN,2021,"Labor force, female (% of total labor force)",SL.TLF.TOTL.FE.ZS,47.019158752771
Kenya,KEN,2020,"Labor force, female (% of total labor force)",SL.TLF.TOTL.FE.ZS,46.8856287534113
Kenya,KEN,2019,"Labor force, female (% of total labor force)",SL.TLF.TOTL.FE.ZS,46.8506281211453
Kenya,KEN,2018,"Labor force, female (% of total labor force)",SL.TLF.TOTL.FE.ZS,47.4569211260433
Kenya,KEN,2017,"Labor force, female (% of total labor force)",SL.TLF.TOTL.FE.ZS,47.9977023517011
Kenya,KEN,2016,"Labor force, female (% of total labor force)",SL.TLF.TOTL.FE.ZS,48.4799332202258
Kenya,KEN,2015,"Labor force, female (% of total labor force)",SL.TLF.TOTL.FE.ZS,48.4947261656988
Kenya,KEN,2014,"Labor force, female (% of total labor force)",SL.TLF.TOTL.FE.ZS,48.5094120923938
Kenya,KEN,2013,"Labor force, female (% of total labor force)",SL.TLF.TOTL.FE.ZS,48.527574038497
Kenya,KEN,2012,"Labor force, female (% of total labor force)",SL.TLF.TOTL.FE.ZS,48.5491493186421
Kenya,KEN,2011,"Labor force, female (% of total labor force)",SL.TLF.TOTL.FE.ZS,48.5726137351564
Kenya,KEN,2010,"Labor force, female (% of total labor force)",SL.TLF.TOTL.FE.ZS,48.6024662170293
Kenya,KEN,2009,"Labor force, female (% of total labor force)",SL.TLF.TOTL.FE.ZS,48.6375320014725
Kenya,KEN,2008,"Labor force, female (% of total labor force)",SL.TLF.TOTL.FE.ZS,48.6771743103806
Kenya,KEN,2007,"Labor force, female (% of total labor force)",SL.TLF.TOTL.FE.ZS,48.7196284886238
Kenya,KEN,2006,"Labor force, female (% of total labor force)",SL.TLF.TOTL.FE.ZS,48.7698295796163
Kenya,KEN,2005,"Labor force, female (% of total labor force)",SL.TLF.TOTL.FE.ZS,48.8281566593522
Kenya,KEN,2004,"Labor force, female (% of total labor force)",SL.TLF.TOTL.FE.ZS,48.8934141512074
Kenya,KEN,2003,"Labor force, female (% of total labor force)",SL.TLF.TOTL.FE.ZS,48.9653834775926
Kenya,KEN,2002,"Labor force, female (% of total labor force)",SL.TLF.TOTL.FE.ZS,49.0401145249203
Kenya,KEN,2001,"Labor force, female (% of total labor force)",SL.TLF.TOTL.FE.ZS,49.1199371578348
Kenya,KEN,2000,"Labor force, female (% of total labor force)",SL.TLF.TOTL.FE.ZS,49.2067376388485
Kenya,KEN,1999,"Labor force, female (% of total labor force)",SL.TLF.TOTL.FE.ZS,49.2960712667698
Kenya,KEN,1998,"Labor force, female (% of total labor force)",SL.TLF.TOTL.FE.ZS,49.2268011614325
Kenya,KEN,1997,"Labor force, female (% of total labor force)",SL.TLF.TOTL.FE.ZS,49.1734917438216
Kenya,KEN,1996,"Labor force, female (% of total labor force)",SL.TLF.TOTL.FE.ZS,49.1229011288303
Kenya,KEN,1995,"Labor force, female (% of total labor force)",SL.TLF.TOTL.FE.ZS,49.0699393350504
Kenya,KEN,1994,"Labor force, female (% of total labor force)",SL.TLF.TOTL.FE.ZS,49.0029257933984
Kenya,KEN,1993,"Labor force, female (% of total labor force)",SL.TLF.TOTL.FE.ZS,48.9284067859363
Kenya,KEN,1992,"Labor force, female (% of total labor force)",SL.TLF.TOTL.FE.ZS,48.8550543905761
Kenya,KEN,1991,"Labor force, female (% of total labor force)",SL.TLF.TOTL.FE.ZS,48.7910207534369
Kenya,KEN,1990,"Labor force, female (% of total labor force)",SL.TLF.TOTL.FE.ZS,48.731376986869
Kenya,KEN,2025,"Unemployment, youth female (% of female labor force ages 15-24) (modeled ILO estimate)",SL.UEM.1524.FE.ZS,18.964
Kenya,KEN,2024,"Unemployment, youth female (% of female labor force ages 15-24) (modeled ILO estimate)",SL.UEM.1524.FE.ZS,19.604
Kenya,KEN,2023,"Unemployment, youth female (% of female labor force ages 15-24) (modeled ILO estimate)",SL.UEM.1524.FE.ZS,19.239
Kenya,KEN,2022,"Unemployment, youth female (% of female labor force ages 15-24) (modeled ILO estimate)",SL.UEM.1524.FE.ZS,19.648
Kenya,KEN,2021,"Unemployment, youth female (% of female labor force ages 15-24) (modeled ILO estimate)",SL.UEM.1524.FE.ZS,16.794
Kenya,KEN,2020,"Unemployment, youth female (% of female labor force ages 15-24) (modeled ILO estimate)",SL.UEM.1524.FE.ZS,16.626
Kenya,KEN,2019,"Unemployment, youth female (% of female labor force ages 15-24) (modeled ILO estimate)",SL.UEM.1524.FE.ZS,13.354
Kenya,KEN,2018,"Unemployment, youth female (% of female labor force ages 15-24) (modeled ILO estimate)",SL.UEM.1524.FE.ZS,11.342
Kenya,KEN,2017,"Unemployment, youth female (% of female labor force ages 15-24) (modeled ILO estimate)",SL.UEM.1524.FE.ZS,9.346
Kenya,KEN,2016,"Unemployment, youth female (% of female labor force ages 15-24) (modeled ILO estimate)",SL.UEM.1524.FE.ZS,7.311
Kenya,KEN,2015,"Unemployment, youth female (% of female labor force ages 15-24) (modeled ILO estimate)",SL.UEM.1524.FE.ZS,7.27
Kenya,KEN,2014,"Unemployment, youth female (% of female labor force ages 15-24) (modeled ILO estimate)",SL.UEM.1524.FE.ZS,7.223
Kenya,KEN,2013,"Unemployment, youth female (% of female labor force ages 15-24) (modeled ILO estimate)",SL.UEM.1524.FE.ZS,7.152
Kenya,KEN,2012,"Unemployment, youth female (% of female labor force ages 15-24) (modeled ILO estimate)",SL.UEM.1524.FE.ZS,6.924
Kenya,KEN,2011,"Unemployment, youth female (% of female labor force ages 15-24) (modeled ILO estimate)",SL.UEM.1524.FE.ZS,6.899
Kenya,KEN,2010,"Unemployment, youth female (% of female labor force ages 15-24) (modeled ILO estimate)",SL.UEM.1524.FE.ZS,7.01
Kenya,KEN,2009,"Unemployment, youth female (% of female labor force ages 15-24) (modeled ILO estimate)",SL.UEM.1524.FE.ZS,6.983
Kenya,KEN,2008,"Unemployment, youth female (% of female labor force ages 15-24) (modeled ILO estimate)",SL.UEM.1524.FE.ZS,6.794
Kenya,KEN,2007,"Unemployment, youth female (% of female labor force ages 15-24) (modeled ILO estimate)",SL.UEM.1524.FE.ZS,6.524
Kenya,KEN,2006,"Unemployment, youth female (% of female labor force ages 15-24) (modeled ILO estimate)",SL.UEM.1524.FE.ZS,6.524
Kenya,KEN,2005,"Unemployment, youth female (% of female labor force ages 15-24) (modeled ILO estimate)",SL.UEM.1524.FE.ZS,6.595
Kenya,KEN,2004,"Unemployment, youth female (% of female labor force ages 15-24) (modeled ILO estimate)",SL.UEM.1524.FE.ZS,6.741
Kenya,KEN,2003,"Unemployment, youth female (% of female labor force ages 15-24) (modeled ILO estimate)",SL.UEM.1524.FE.ZS,6.744
Kenya,KEN,2002,"Unemployment, youth female (% of female labor force ages 15-24) (modeled ILO estimate)",SL.UEM.1524.FE.ZS,6.79
Kenya,KEN,2001,"Unemployment, youth female (% of female labor force ages 15-24) (modeled ILO estimate)",SL.UEM.1524.FE.ZS,6.684
Kenya,KEN,2000,"Unemployment, youth female (% of female labor force ages 15-24) (modeled ILO estimate)",SL.UEM.1524.FE.ZS,6.664
Kenya,KEN,1999,"Unemployment, youth female (% of female labor force ages 15-24) (modeled ILO estimate)",SL.UEM.1524.FE.ZS,6.633
Kenya,KEN,1998,"Unemployment, youth female (% of female labor force ages 15-24) (modeled ILO estimate)",SL.UEM.1524.FE.ZS,6.533
Kenya,KEN,1997,"Unemployment, youth female (% of female labor force ages 15-24) (modeled ILO estimate)",SL.UEM.1524.FE.ZS,6.462
Kenya,KEN,1996,"Unemployment, youth female (% of female labor force ages 15-24) (modeled ILO estimate)",SL.UEM.1524.FE.ZS,6.353
Kenya,KEN,1995,"Unemployment, youth female (% of female labor force ages 15-24) (modeled ILO estimate)",SL.UEM.1524.FE.ZS,6.455
Kenya,KEN,1994,"Unemployment, youth female (% of female labor force ages 15-24) (modeled ILO estimate)",SL.UEM.1524.FE.ZS,6.61
Kenya,KEN,1993,"Unemployment, youth female (% of female labor force ages 15-24) (modeled ILO estimate)",SL.UEM.1524.FE.ZS,6.614
Kenya,KEN,1992,"Unemployment, youth female (% of female labor force ages 15-24) (modeled ILO estimate)",SL.UEM.1524.FE.ZS,6.431
Kenya,KEN,1991,"Unemployment, youth female (% of female labor force ages 15-24) (modeled ILO estimate)",SL.UEM.1524.FE.ZS,6.196
Kenya,KEN,2025,"Unemployment, youth male (% of male labor force ages 15-24) (modeled ILO estimate)",SL.UEM.1524.MA.ZS,11.936
Kenya,KEN,2024,"Unemployment, youth male (% of male labor force ages 15-24) (modeled ILO estimate)",SL.UEM.1524.MA.ZS,11.787
Kenya,KEN,2023,"Unemployment, youth male (% of male labor force ages 15-24) (modeled ILO estimate)",SL.UEM.1524.MA.ZS,11.544
Kenya,KEN,2022,"Unemployment, youth male (% of male labor force ages 15-24) (modeled ILO estimate)",SL.UEM.1524.MA.ZS,11.811
Kenya,KEN,2021,"Unemployment, youth male (% of male labor force ages 15-24) (modeled ILO estimate)",SL.UEM.1524.MA.ZS,8.196
Kenya,KEN,2020,"Unemployment, youth male (% of male labor force ages 15-24) (modeled ILO estimate)",SL.UEM.1524.MA.ZS,10.934
Kenya,KEN,2019,"Unemployment, youth male (% of male labor force ages 15-24) (modeled ILO estimate)",SL.UEM.1524.MA.ZS,11.813
Kenya,KEN,2018,"Unemployment, youth male (% of male labor force ages 15-24) (modeled ILO estimate)",SL.UEM.1524.MA.ZS,10.332
Kenya,KEN,2017,"Unemployment, youth male (% of male labor force ages 15-24) (modeled ILO estimate)",SL.UEM.1524.MA.ZS,8.862
Kenya,KEN,2016,"Unemployment, youth male (% of male labor force ages 15-24) (modeled ILO estimate)",SL.UEM.1524.MA.ZS,7.355
Kenya,KEN,2015,"Unemployment, youth male (% of male labor force ages 15-24) (modeled ILO estimate)",SL.UEM.1524.MA.ZS,7.327
Kenya,KEN,2014,"Unemployment, youth male (% of male labor force ages 15-24) (modeled ILO estimate)",SL.UEM.1524.MA.ZS,7.282
Kenya,KEN,2013,"Unemployment, youth male (% of male labor force ages 15-24) (modeled ILO estimate)",SL.UEM.1524.MA.ZS,7.213
Kenya,KEN,2012,"Unemployment, youth male (% of male labor force ages 15-24) (modeled ILO estimate)",SL.UEM.1524.MA.ZS,6.966
Kenya,KEN,2011,"Unemployment, youth male (% of male labor force ages 15-24) (modeled ILO estimate)",SL.UEM.1524.MA.ZS,6.949
Kenya,KEN,2010,"Unemployment, youth male (% of male labor force ages 15-24) (modeled ILO estimate)",SL.UEM.1524.MA.ZS,7.088
Kenya,KEN,2009,"Unemployment, youth male (% of male labor force ages 15-24) (modeled ILO estimate)",SL.UEM.1524.MA.ZS,7.077
Kenya,KEN,2008,"Unemployment, youth male (% of male labor force ages 15-24) (modeled ILO estimate)",SL.UEM.1524.MA.ZS,6.884
Kenya,KEN,2007,"Unemployment, youth male (% of male labor force ages 15-24) (modeled ILO estimate)",SL.UEM.1524.MA.ZS,6.599
Kenya,KEN,2006,"Unemployment, youth male (% of male labor force ages 15-24) (modeled ILO estimate)",SL.UEM.1524.MA.ZS,6.618
Kenya,KEN,2005,"Unemployment, youth male (% of male labor force ages 15-24) (modeled ILO estimate)",SL.UEM.1524.MA.ZS,6.716
Kenya,KEN,2004,"Unemployment, youth male (% of male labor force ages 15-24) (modeled ILO estimate)",SL.UEM.1524.MA.ZS,6.899
Kenya,KEN,2003,"Unemployment, youth male (% of male labor force ages 15-24) (modeled ILO estimate)",SL.UEM.1524.MA.ZS,6.918
Kenya,KEN,2002,"Unemployment, youth male (% of male labor force ages 15-24) (modeled ILO estimate)",SL.UEM.1524.MA.ZS,6.986
Kenya,KEN,2001,"Unemployment, youth male (% of male labor force ages 15-24) (modeled ILO estimate)",SL.UEM.1524.MA.ZS,6.879
Kenya,KEN,2000,"Unemployment, youth male (% of male labor force ages 15-24) (modeled ILO estimate)",SL.UEM.1524.MA.ZS,6.869
Kenya,KEN,1999,"Unemployment, youth male (% of male labor force ages 15-24) (modeled ILO estimate)",SL.UEM.1524.MA.ZS,6.847
Kenya,KEN,1998,"Unemployment, youth male (% of male labor force ages 15-24) (modeled ILO estimate)",SL.UEM.1524.MA.ZS,6.712
Kenya,KEN,1997,"Unemployment, youth male (% of male labor force ages 15-24) (modeled ILO estimate)",SL.UEM.1524.MA.ZS,6.614
Kenya,KEN,1996,"Unemployment, youth male (% of male labor force ages 15-24) (modeled ILO estimate)",SL.UEM.1524.MA.ZS,6.472
Kenya,KEN,1995,"Unemployment, youth male (% of male labor force ages 15-24) (modeled ILO estimate)",SL.UEM.1524.MA.ZS,6.573
Kenya,KEN,1994,"Unemployment, youth male (% of male labor force ages 15-24) (modeled ILO estimate)",SL.UEM.1524.MA.ZS,6.733
Kenya,KEN,1993,"Unemployment, youth male (% of male labor force ages 15-24) (modeled ILO estimate)",SL.UEM.1524.MA.ZS,6.723
Kenya,KEN,1992,"Unemployment, youth male (% of male labor force ages 15-24) (modeled ILO estimate)",SL.UEM.1524.MA.ZS,6.501
Kenya,KEN,1991,"Unemployment, youth male (% of male labor force ages 15-24) (modeled ILO estimate)",SL.UEM.1524.MA.ZS,6.223
Kenya,KEN,2025,"Unemployment, female (% of female labor force) (modeled ILO estimate)",SL.UEM.TOTL.FE.ZS,6.743
Kenya,KEN,2024,"Unemployment, female (% of female labor force) (modeled ILO estimate)",SL.UEM.TOTL.FE.ZS,6.921
Kenya,KEN,2023,"Unemployment, female (% of female labor force) (modeled ILO estimate)",SL.UEM.TOTL.FE.ZS,6.83
Kenya,KEN,2022,"Unemployment, female (% of female labor force) (modeled ILO estimate)",SL.UEM.TOTL.FE.ZS,7.023
Kenya,KEN,2021,"Unemployment, female (% of female labor force) (modeled ILO estimate)",SL.UEM.TOTL.FE.ZS,7.657
Kenya,KEN,2020,"Unemployment, female (% of female labor force) (modeled ILO estimate)",SL.UEM.TOTL.FE.ZS,6.64
Kenya,KEN,2019,"Unemployment, female (% of female labor force) (modeled ILO estimate)",SL.UEM.TOTL.FE.ZS,5.27
Kenya,KEN,2018,"Unemployment, female (% of female labor force) (modeled ILO estimate)",SL.UEM.TOTL.FE.ZS,4.515
Kenya,KEN,2017,"Unemployment, female (% of female labor force) (modeled ILO estimate)",SL.UEM.TOTL.FE.ZS,3.748
Kenya,KEN,2016,"Unemployment, female (% of female labor force) (modeled ILO estimate)",SL.UEM.TOTL.FE.ZS,2.94
Kenya,KEN,2015,"Unemployment, female (% of female labor force) (modeled ILO estimate)",SL.UEM.TOTL.FE.ZS,2.945
Kenya,KEN,2014,"Unemployment, female (% of female labor force) (modeled ILO estimate)",SL.UEM.TOTL.FE.ZS,2.95
Kenya,KEN,2013,"Unemployment, female (% of female labor force) (modeled ILO estimate)",SL.UEM.TOTL.FE.ZS,2.945
Kenya,KEN,2012,"Unemployment, female (% of female labor force) (modeled ILO estimate)",SL.UEM.TOTL.FE.ZS,2.859
Kenya,KEN,2011,"Unemployment, female (% of female labor force) (modeled ILO estimate)",SL.UEM.TOTL.FE.ZS,2.881
Kenya,KEN,2010,"Unemployment, female (% of female labor force) (modeled ILO estimate)",SL.UEM.TOTL.FE.ZS,2.976
Kenya,KEN,2009,"Unemployment, female (% of female labor force) (modeled ILO estimate)",SL.UEM.TOTL.FE.ZS,2.999
Kenya,KEN,2008,"Unemployment, female (% of female labor force) (modeled ILO estimate)",SL.UEM.TOTL.FE.ZS,2.933
Kenya,KEN,2007,"Unemployment, female (% of female labor force) (modeled ILO estimate)",SL.UEM.TOTL.FE.ZS,2.822
Kenya,KEN,2006,"Unemployment, female (% of female labor force) (modeled ILO estimate)",SL.UEM.TOTL.FE.ZS,2.853
Kenya,KEN,2005,"Unemployment, female (% of female labor force) (modeled ILO estimate)",SL.UEM.TOTL.FE.ZS,2.92
Kenya,KEN,2004,"Unemployment, female (% of female labor force) (modeled ILO estimate)",SL.UEM.TOTL.FE.ZS,3.026
Kenya,KEN,2003,"Unemployment, female (% of female labor force) (modeled ILO estimate)",SL.UEM.TOTL.FE.ZS,3.051
Kenya,KEN,2002,"Unemployment, female (% of female labor force) (modeled ILO estimate)",SL.UEM.TOTL.FE.ZS,3.098
Kenya,KEN,2001,"Unemployment, female (% of female labor force) (modeled ILO estimate)",SL.UEM.TOTL.FE.ZS,3.058
Kenya,KEN,2000,"Unemployment, female (% of female labor force) (modeled ILO estimate)",SL.UEM.TOTL.FE.ZS,3.065
Kenya,KEN,1999,"Unemployment, female (% of female labor force) (modeled ILO estimate)",SL.UEM.TOTL.FE.ZS,3.065
Kenya,KEN,1998,"Unemployment, female (% of female labor force) (modeled ILO estimate)",SL.UEM.TOTL.FE.ZS,3.024
Kenya,KEN,1997,"Unemployment, female (% of female labor force) (modeled ILO estimate)",SL.UEM.TOTL.FE.ZS,2.999
Kenya,KEN,1996,"Unemployment, female (% of female labor force) (modeled ILO estimate)",SL.UEM.TOTL.FE.ZS,2.953
Kenya,KEN,1995,"Unemployment, female (% of female labor force) (modeled ILO estimate)",SL.UEM.TOTL.FE.ZS,3.029
Kenya,KEN,1994,"Unemployment, female (% of female labor force) (modeled ILO estimate)",SL.UEM.TOTL.FE.ZS,3.138
Kenya,KEN,1993,"Unemployment, female (% of female labor force) (modeled ILO estimate)",SL.UEM.TOTL.FE.ZS,3.162
Kenya,KEN,1992,"Unemployment, female (% of female labor force) (modeled ILO estimate)",SL.UEM.TOTL.FE.ZS,3.077
Kenya,KEN,1991,"Unemployment, female (% of female labor force) (modeled ILO estimate)",SL.UEM.TOTL.FE.ZS,2.962
Kenya,KEN,2025,"Unemployment, male (% of male labor force) (modeled ILO estimate)",SL.UEM.TOTL.MA.ZS,4.284
Kenya,KEN,2024,"Unemployment, male (% of male labor force) (modeled ILO estimate)",SL.UEM.TOTL.MA.ZS,4.197
Kenya,KEN,2023,"Unemployment, male (% of male labor force) (modeled ILO estimate)",SL.UEM.TOTL.MA.ZS,4.136
Kenya,KEN,2022,"Unemployment, male (% of male labor force) (modeled ILO estimate)",SL.UEM.TOTL.MA.ZS,4.265
Kenya,KEN,2021,"Unemployment, male (% of male labor force) (modeled ILO estimate)",SL.UEM.TOTL.MA.ZS,3.95
Kenya,KEN,2020,"Unemployment, male (% of male labor force) (modeled ILO estimate)",SL.UEM.TOTL.MA.ZS,4.706
Kenya,KEN,2019,"Unemployment, male (% of male labor force) (modeled ILO estimate)",SL.UEM.TOTL.MA.ZS,4.788
Kenya,KEN,2018,"Unemployment, male (% of male labor force) (modeled ILO estimate)",SL.UEM.TOTL.MA.ZS,4.076
Kenya,KEN,2017,"Unemployment, male (% of male labor force) (modeled ILO estimate)",SL.UEM.TOTL.MA.ZS,3.351
Kenya,KEN,2016,"Unemployment, male (% of male labor force) (modeled ILO estimate)",SL.UEM.TOTL.MA.ZS,2.585
Kenya,KEN,2015,"Unemployment, male (% of male labor force) (modeled ILO estimate)",SL.UEM.TOTL.MA.ZS,2.59
Kenya,KEN,2014,"Unemployment, male (% of male labor force) (modeled ILO estimate)",SL.UEM.TOTL.MA.ZS,2.595
Kenya,KEN,2013,"Unemployment, male (% of male labor force) (modeled ILO estimate)",SL.UEM.TOTL.MA.ZS,2.59
Kenya,KEN,2012,"Unemployment, male (% of male labor force) (modeled ILO estimate)",SL.UEM.TOTL.MA.ZS,2.507
Kenya,KEN,2011,"Unemployment, male (% of male labor force) (modeled ILO estimate)",SL.UEM.TOTL.MA.ZS,2.528
Kenya,KEN,2010,"Unemployment, male (% of male labor force) (modeled ILO estimate)",SL.UEM.TOTL.MA.ZS,2.621
Kenya,KEN,2009,"Unemployment, male (% of male labor force) (modeled ILO estimate)",SL.UEM.TOTL.MA.ZS,2.643
Kenya,KEN,2008,"Unemployment, male (% of male labor force) (modeled ILO estimate)",SL.UEM.TOTL.MA.ZS,2.579
Kenya,KEN,2007,"Unemployment, male (% of male labor force) (modeled ILO estimate)",SL.UEM.TOTL.MA.ZS,2.471
Kenya,KEN,2006,"Unemployment, male (% of male labor force) (modeled ILO estimate)",SL.UEM.TOTL.MA.ZS,2.501
Kenya,KEN,2005,"Unemployment, male (% of male labor force) (modeled ILO estimate)",SL.UEM.TOTL.MA.ZS,2.566
Kenya,KEN,2004,"Unemployment, male (% of male labor force) (modeled ILO estimate)",SL.UEM.TOTL.MA.ZS,2.67
Kenya,KEN,2003,"Unemployment, male (% of male labor force) (modeled ILO estimate)",SL.UEM.TOTL.MA.ZS,2.695
Kenya,KEN,2002,"Unemployment, male (% of male labor force) (modeled ILO estimate)",SL.UEM.TOTL.MA.ZS,2.741
Kenya,KEN,2001,"Unemployment, male (% of male labor force) (modeled ILO estimate)",SL.UEM.TOTL.MA.ZS,2.701
Kenya,KEN,2000,"Unemployment, male (% of male labor force) (modeled ILO estimate)",SL.UEM.TOTL.MA.ZS,2.708
Kenya,KEN,1999,"Unemployment, male (% of male labor force) (modeled ILO estimate)",SL.UEM.TOTL.MA.ZS,2.708
Kenya,KEN,1998,"Unemployment, male (% of male labor force) (modeled ILO estimate)",SL.UEM.TOTL.MA.ZS,2.668
Kenya,KEN,1997,"Unemployment, male (% of male labor force) (modeled ILO estimate)",SL.UEM.TOTL.MA.ZS,2.643
Kenya,KEN,1996,"Unemployment, male (% of male labor force) (modeled ILO estimate)",SL.UEM.TOTL.MA.ZS,2.599
Kenya,KEN,1995,"Unemployment, male (% of male labor force) (modeled ILO estimate)",SL.UEM.TOTL.MA.ZS,2.673
Kenya,KEN,1994,"Unemployment, male (% of male labor force) (modeled ILO estimate)",SL.UEM.TOTL.MA.ZS,2.78
Kenya,KEN,1993,"Unemployment, male (% of male labor force) (modeled ILO estimate)",SL.UEM.TOTL.MA.ZS,2.804
Kenya,KEN,1992,"Unemployment, male (% of male labor force) (modeled ILO estimate)",SL.UEM.TOTL.MA.ZS,2.72
Kenya,KEN,1991,"Unemployment, male (% of male labor force) (modeled ILO estimate)",SL.UEM.TOTL.MA.ZS,2.607
Kenya,KEN,2024,"Adolescent fertility rate (births per 1,000 women ages 15-19)",SP.ADO.TFRT,54.498
Kenya,KEN,2023,"Adolescent fertility rate (births per 1,000 women ages 15-19)",SP.ADO.TFRT,56.313
Kenya,KEN,2022,"Adolescent fertility rate (births per 1,000 women ages 15-19)",SP.ADO.TFRT,57.272
Kenya,KEN,2021,"Adolescent fertility rate (births per 1,000 women ages 15-19)",SP.ADO.TFRT,59.513
Kenya,KEN,2020,"Adolescent fertility rate (births per 1,000 women ages 15-19)",SP.ADO.TFRT,59.38
Kenya,KEN,2019,"Adolescent fertility rate (births per 1,000 women ages 15-19)",SP.ADO.TFRT,63.656
Kenya,KEN,2018,"Adolescent fertility rate (births per 1,000 women ages 15-19)",SP.ADO.TFRT,66.659
Kenya,KEN,2017,"Adolescent fertility rate (births per 1,000 women ages 15-19)",SP.ADO.TFRT,68.182
Kenya,KEN,2016,"Adolescent fertility rate (births per 1,000 women ages 15-19)",SP.ADO.TFRT,73.781
Kenya,KEN,2015,"Adolescent fertility rate (births per 1,000 women ages 15-19)",SP.ADO.TFRT,81.864
Kenya,KEN,2014,"Adolescent fertility rate (births per 1,000 women ages 15-19)",SP.ADO.TFRT,89.953
Kenya,KEN,2013,"Adolescent fertility rate (births per 1,000 women ages 15-19)",SP.ADO.TFRT,95.576
Kenya,KEN,2012,"Adolescent fertility rate (births per 1,000 women ages 15-19)",SP.ADO.TFRT,100.219
Kenya,KEN,2011,"Adolescent fertility rate (births per 1,000 women ages 15-19)",SP.ADO.TFRT,104.615
Kenya,KEN,2010,"Adolescent fertility rate (births per 1,000 women ages 15-19)",SP.ADO.TFRT,108.691
Kenya,KEN,2009,"Adolescent fertility rate (births per 1,000 women ages 15-19)",SP.ADO.TFRT,110.195
Kenya,KEN,2008,"Adolescent fertility rate (births per 1,000 women ages 15-19)",SP.ADO.TFRT,112.227
Kenya,KEN,2007,"Adolescent fertility rate (births per 1,000 women ages 15-19)",SP.ADO.TFRT,113.472
Kenya,KEN,2006,"Adolescent fertility rate (births per 1,000 women ages 15-19)",SP.ADO.TFRT,112.795
Kenya,KEN,2005,"Adolescent fertility rate (births per 1,000 women ages 15-19)",SP.ADO.TFRT,115.294
Kenya,KEN,2004,"Adolescent fertility rate (births per 1,000 women ages 15-19)",SP.ADO.TFRT,118.167
Kenya,KEN,2003,"Adolescent fertility rate (births per 1,000 women ages 15-19)",SP.ADO.TFRT,119.028
Kenya,KEN,2002,"Adolescent fertility rate (births per 1,000 women ages 15-19)",SP.ADO.TFRT,120.567
Kenya,KEN,2001,"Adolescent fertility rate (births per 1,000 women ages 15-19)",SP.ADO.TFRT,123.253
Kenya,KEN,2000,"Adolescent fertility rate (births per 1,000 women ages 15-19)",SP.ADO.TFRT,121.104
Kenya,KEN,1999,"Adolescent fertility rate (births per 1,000 women ages 15-19)",SP.ADO.TFRT,121.91
Kenya,KEN,1998,"Adolescent fertility rate (births per 1,000 women ages 15-19)",SP.ADO.TFRT,122.221
Kenya,KEN,1997,"Adolescent fertility rate (births per 1,000 women ages 15-19)",SP.ADO.TFRT,120.947
Kenya,KEN,1996,"Adolescent fertility rate (births per 1,000 women ages 15-19)",SP.ADO.TFRT,121.959
Kenya,KEN,1995,"Adolescent fertility rate (births per 1,000 women ages 15-19)",SP.ADO.TFRT,119.997
Kenya,KEN,1994,"Adolescent fertility rate (births per 1,000 women ages 15-19)",SP.ADO.TFRT,120.488
Kenya,KEN,1993,"Adolescent fertility rate (births per 1,000 women ages 15-19)",SP.ADO.TFRT,122.467
Kenya,KEN,1992,"Adolescent fertility rate (births per 1,000 women ages 15-19)",SP.ADO.TFRT,126.37
Kenya,KEN,1991,"Adolescent fertility rate (births per 1,000 women ages 15-19)",SP.ADO.TFRT,130.196
Kenya,KEN,1990,"Adolescent fertility rate (births per 1,000 women ages 15-19)",SP.ADO.TFRT,133.519
Kenya,KEN,1989,"Adolescent fertility rate (births per 1,000 women ages 15-19)",SP.ADO.TFRT,136.578
Kenya,KEN,1988,"Adolescent fertility rate (births per 1,000 women ages 15-19)",SP.ADO.TFRT,138.553
Kenya,KEN,1987,"Adolescent fertility rate (births per 1,000 women ages 15-19)",SP.ADO.TFRT,141.36
Kenya,KEN,1986,"Adolescent fertility rate (births per 1,000 women ages 15-19)",SP.ADO.TFRT,140.352
Kenya,KEN,1985,"Adolescent fertility rate (births per 1,000 women ages 15-19)",SP.ADO.TFRT,144.819
Kenya,KEN,1984,"Adolescent fertility rate (births per 1,000 women ages 15-19)",SP.ADO.TFRT,147.572
Kenya,KEN,1983,"Adolescent fertility rate (births per 1,000 women ages 15-19)",SP.ADO.TFRT,146.575
Kenya,KEN,1982,"Adolescent fertility rate (births per 1,000 women ages 15-19)",SP.ADO.TFRT,153.416
Kenya,KEN,1981,"Adolescent fertility rate (births per 1,000 women ages 15-19)",SP.ADO.TFRT,160.777
Kenya,KEN,1980,"Adolescent fertility rate (births per 1,000 women ages 15-19)",SP.ADO.TFRT,159.5
Kenya,KEN,1979,"Adolescent fertility rate (births per 1,000 women ages 15-19)",SP.ADO.TFRT,163.053
Kenya,KEN,1978,"Adolescent fertility rate (births per 1,000 women ages 15-19)",SP.ADO.TFRT,164.451
Kenya,KEN,1977,"Adolescent fertility rate (births per 1,000 women ages 15-19)",SP.ADO.TFRT,166.872
Kenya,KEN,1976,"Adolescent fertility rate (births per 1,000 women ages 15-19)",SP.ADO.TFRT,168.764
Kenya,KEN,1975,"Adolescent fertility rate (births per 1,000 women ages 15-19)",SP.ADO.TFRT,167.094
Kenya,KEN,1974,"Adolescent fertility rate (births per 1,000 women ages 15-19)",SP.ADO.TFRT,167.483
Kenya,KEN,1973,"Adolescent fertility rate (births per 1,000 women ages 15-19)",SP.ADO.TFRT,172.556
Kenya,KEN,1972,"Adolescent fertility rate (births per 1,000 women ages 15-19)",SP.ADO.TFRT,178.061
Kenya,KEN,1971,"Adolescent fertility rate (births per 1,000 women ages 15-19)",SP.ADO.TFRT,179.915
Kenya,KEN,1970,"Adolescent fertility rate (births per 1,000 women ages 15-19)",SP.ADO.TFRT,173.13
Kenya,KEN,1969,"Adolescent fertility rate (births per 1,000 women ages 15-19)",SP.ADO.TFRT,176.231
Kenya,KEN,1968,"Adolescent fertility rate (births per 1,000 women ages 15-19)",SP.ADO.TFRT,177.88
Kenya,KEN,1967,"Adolescent fertility rate (births per 1,000 women ages 15-19)",SP.ADO.TFRT,178.971
Kenya,KEN,1966,"Adolescent fertility rate (births per 1,000 women ages 15-19)",SP.ADO.TFRT,177.704
Kenya,KEN,1965,"Adolescent fertility rate (births per 1,000 women ages 15-19)",SP.ADO.TFRT,174.848
Kenya,KEN,1964,"Adolescent fertility rate (births per 1,000 women ages 15-19)",SP.ADO.TFRT,173.259
Kenya,KEN,1963,"Adolescent fertility rate (births per 1,000 women ages 15-19)",SP.ADO.TFRT,176.128
Kenya,KEN,1962,"Adolescent fertility rate (births per 1,000 women ages 15-19)",SP.ADO.TFRT,175.455
Kenya,KEN,1961,"Adolescent fertility rate (births per 1,000 women ages 15-19)",SP.ADO.TFRT,176.936
Kenya,KEN,1960,"Adolescent fertility rate (births per 1,000 women ages 15-19)",SP.ADO.TFRT,173.984
Kenya,KEN,2024,"Mortality rate, adult, female (per 1,000 female adults)",SP.DYN.AMRT.FE,271.88
Kenya,KEN,2023,"Mortality rate, adult, female (per 1,000 female adults)",SP.DYN.AMRT.FE,274.702
Kenya,KEN,2022,"Mortality rate, adult, female (per 1,000 female adults)",SP.DYN.AMRT.FE,274.323
Kenya,KEN,2021,"Mortality rate, adult, female (per 1,000 female adults)",SP.DYN.AMRT.FE,295.126
Kenya,KEN,2020,"Mortality rate, adult, female (per 1,000 female adults)",SP.DYN.AMRT.FE,293.733
Kenya,KEN,2019,"Mortality rate, adult, female (per 1,000 female adults)",SP.DYN.AMRT.FE,286.994
Kenya,KEN,2018,"Mortality rate, adult, female (per 1,000 female adults)",SP.DYN.AMRT.FE,287.334
Kenya,KEN,2017,"Mortality rate, adult, female (per 1,000 female adults)",SP.DYN.AMRT.FE,286.832
Kenya,KEN,2016,"Mortality rate, adult, female (per 1,000 female adults)",SP.DYN.AMRT.FE,291.12
Kenya,KEN,2015,"Mortality rate, adult, female (per 1,000 female adults)",SP.DYN.AMRT.FE,296.64
Kenya,KEN,2014,"Mortality rate, adult, female (per 1,000 female adults)",SP.DYN.AMRT.FE,303.543
Kenya,KEN,2013,"Mortality rate, adult, female (per 1,000 female adults)",SP.DYN.AMRT.FE,308.951
Kenya,KEN,2012,"Mortality rate, adult, female (per 1,000 female adults)",SP.DYN.AMRT.FE,312.581
Kenya,KEN,2011,"Mortality rate, adult, female (per 1,000 female adults)",SP.DYN.AMRT.FE,316.788
Kenya,KEN,2010,"Mortality rate, adult, female (per 1,000 female adults)",SP.DYN.AMRT.FE,324.581
Kenya,KEN,2009,"Mortality rate, adult, female (per 1,000 female adults)",SP.DYN.AMRT.FE,332.862
Kenya,KEN,2008,"Mortality rate, adult, female (per 1,000 female adults)",SP.DYN.AMRT.FE,341.415
Kenya,KEN,2007,"Mortality rate, adult, female (per 1,000 female adults)",SP.DYN.AMRT.FE,350.759
Kenya,KEN,2006,"Mortality rate, adult, female (per 1,000 female adults)",SP.DYN.AMRT.FE,357.357
Kenya,KEN,2005,"Mortality rate, adult, female (per 1,000 female adults)",SP.DYN.AMRT.FE,366.961
Kenya,KEN,2004,"Mortality rate, adult, female (per 1,000 female adults)",SP.DYN.AMRT.FE,374.474
Kenya,KEN,2003,"Mortality rate, adult, female (per 1,000 female adults)",SP.DYN.AMRT.FE,382.011
Kenya,KEN,2002,"Mortality rate, adult, female (per 1,000 female adults)",SP.DYN.AMRT.FE,386.799
Kenya,KEN,2001,"Mortality rate, adult, female (per 1,000 female adults)",SP.DYN.AMRT.FE,384.892
Kenya,KEN,2000,"Mortality rate, adult, female (per 1,000 female adults)",SP.DYN.AMRT.FE,390.387
Kenya,KEN,1999,"Mortality rate, adult, female (per 1,000 female adults)",SP.DYN.AMRT.FE,383.533
Kenya,KEN,1998,"Mortality rate, adult, female (per 1,000 female adults)",SP.DYN.AMRT.FE,383.465
Kenya,KEN,1997,"Mortality rate, adult, female (per 1,000 female adults)",SP.DYN.AMRT.FE,382.153
Kenya,KEN,1996,"Mortality rate, adult, female (per 1,000 female adults)",SP.DYN.AMRT.FE,375.967
Kenya,KEN,1995,"Mortality rate, adult, female (per 1,000 female adults)",SP.DYN.AMRT.FE,357.386
Kenya,KEN,1994,"Mortality rate, adult, female (per 1,000 female adults)",SP.DYN.AMRT.FE,343.35
Kenya,KEN,1993,"Mortality rate, adult, female (per 1,000 female adults)",SP.DYN.AMRT.FE,322.319
Kenya,KEN,1992,"Mortality rate, adult, female (per 1,000 female adults)",SP.DYN.AMRT.FE,309.308
Kenya,KEN,1991,"Mortality rate, adult, female (per 1,000 female adults)",SP.DYN.AMRT.FE,294.885
Kenya,KEN,1990,"Mortality rate, adult, female (per 1,000 female adults)",SP.DYN.AMRT.FE,285.062
Kenya,KEN,1989,"Mortality rate, adult, female (per 1,000 female adults)",SP.DYN.AMRT.FE,238.03
Kenya,KEN,1988,"Mortality rate, adult, female (per 1,000 female adults)",SP.DYN.AMRT.FE,232.056
Kenya,KEN,1987,"Mortality rate, adult, female (per 1,000 female adults)",SP.DYN.AMRT.FE,225.777
Kenya,KEN,1986,"Mortality rate, adult, female (per 1,000 female adults)",SP.DYN.AMRT.FE,225.066
Kenya,KEN,1985,"Mortality rate, adult, female (per 1,000 female adults)",SP.DYN.AMRT.FE,224.143
Kenya,KEN,1984,"Mortality rate, adult, female (per 1,000 female adults)",SP.DYN.AMRT.FE,226.028
Kenya,KEN,1983,"Mortality rate, adult, female (per 1,000 female adults)",SP.DYN.AMRT.FE,228.847
Kenya,KEN,1982,"Mortality rate, adult, female (per 1,000 female adults)",SP.DYN.AMRT.FE,231.868
Kenya,KEN,1981,"Mortality rate, adult, female (per 1,000 female adults)",SP.DYN.AMRT.FE,233.83
Kenya,KEN,1980,"Mortality rate, adult, female (per 1,000 female adults)",SP.DYN.AMRT.FE,235.973
Kenya,KEN,1979,"Mortality rate, adult, female (per 1,000 female adults)",SP.DYN.AMRT.FE,239.488
Kenya,KEN,1978,"Mortality rate, adult, female (per 1,000 female adults)",SP.DYN.AMRT.FE,242.076
Kenya,KEN,1977,"Mortality rate, adult, female (per 1,000 female adults)",SP.DYN.AMRT.FE,247.22
Kenya,KEN,1976,"Mortality rate, adult, female (per 1,000 female adults)",SP.DYN.AMRT.FE,253.027
Kenya,KEN,1975,"Mortality rate, adult, female (per 1,000 female adults)",SP.DYN.AMRT.FE,258.882
Kenya,KEN,1974,"Mortality rate, adult, female (per 1,000 female adults)",SP.DYN.AMRT.FE,265.099
Kenya,KEN,1973,"Mortality rate, adult, female (per 1,000 female adults)",SP.DYN.AMRT.FE,271.715
Kenya,KEN,1972,"Mortality rate, adult, female (per 1,000 female adults)",SP.DYN.AMRT.FE,278.127
Kenya,KEN,1971,"Mortality rate, adult, female (per 1,000 female adults)",SP.DYN.AMRT.FE,284.727
Kenya,KEN,1970,"Mortality rate, adult, female (per 1,000 female adults)",SP.DYN.AMRT.FE,290.735
Kenya,KEN,1969,"Mortality rate, adult, female (per 1,000 female adults)",SP.DYN.AMRT.FE,294.757
Kenya,KEN,1968,"Mortality rate, adult, female (per 1,000 female adults)",SP.DYN.AMRT.FE,298.799
Kenya,KEN,1967,"Mortality rate, adult, female (per 1,000 female adults)",SP.DYN.AMRT.FE,308.42
Kenya,KEN,1966,"Mortality rate, adult, female (per 1,000 female adults)",SP.DYN.AMRT.FE,308.87
Kenya,KEN,1965,"Mortality rate, adult, female (per 1,000 female adults)",SP.DYN.AMRT.FE,312.51
Kenya,KEN,1964,"Mortality rate, adult, female (per 1,000 female adults)",SP.DYN.AMRT.FE,317.793
Kenya,KEN,1963,"Mortality rate, adult, female (per 1,000 female adults)",SP.DYN.AMRT.FE,323.043
Kenya,KEN,1962,"Mortality rate, adult, female (per 1,000 female adults)",SP.DYN.AMRT.FE,328.593
Kenya,KEN,1961,"Mortality rate, adult, female (per 1,000 female adults)",SP.DYN.AMRT.FE,335.723
Kenya,KEN,1960,"Mortality rate, adult, female (per 1,000 female adults)",SP.DYN.AMRT.FE,343.035
Kenya,KEN,2024,"Mortality rate, adult, male (per 1,000 male adults)",SP.DYN.AMRT.MA,353.354
Kenya,KEN,2023,"Mortality rate, adult, male (per 1,000 male adults)",SP.DYN.AMRT.MA,356.092
Kenya,KEN,2022,"Mortality rate, adult, male (per 1,000 male adults)",SP.DYN.AMRT.MA,358.362
Kenya,KEN,2021,"Mortality rate, adult, male (per 1,000 male adults)",SP.DYN.AMRT.MA,374.89
Kenya,KEN,2020,"Mortality rate, adult, male (per 1,000 male adults)",SP.DYN.AMRT.MA,377.431
Kenya,KEN,2019,"Mortality rate, adult, male (per 1,000 male adults)",SP.DYN.AMRT.MA,365.562
Kenya,KEN,2018,"Mortality rate, adult, male (per 1,000 male adults)",SP.DYN.AMRT.MA,367.198
Kenya,KEN,2017,"Mortality rate, adult, male (per 1,000 male adults)",SP.DYN.AMRT.MA,368.645
Kenya,KEN,2016,"Mortality rate, adult, male (per 1,000 male adults)",SP.DYN.AMRT.MA,370.23
Kenya,KEN,2015,"Mortality rate, adult, male (per 1,000 male adults)",SP.DYN.AMRT.MA,372.268
Kenya,KEN,2014,"Mortality rate, adult, male (per 1,000 male adults)",SP.DYN.AMRT.MA,375.296
Kenya,KEN,2013,"Mortality rate, adult, male (per 1,000 male adults)",SP.DYN.AMRT.MA,376.978
Kenya,KEN,2012,"Mortality rate, adult, male (per 1,000 male adults)",SP.DYN.AMRT.MA,377.807
Kenya,KEN,2011,"Mortality rate, adult, male (per 1,000 male adults)",SP.DYN.AMRT.MA,379.628
Kenya,KEN,2010,"Mortality rate, adult, male (per 1,000 male adults)",SP.DYN.AMRT.MA,381.68
Kenya,KEN,2009,"Mortality rate, adult, male (per 1,000 male adults)",SP.DYN.AMRT.MA,385.111
Kenya,KEN,2008,"Mortality rate, adult, male (per 1,000 male adults)",SP.DYN.AMRT.MA,390.293
Kenya,KEN,2007,"Mortality rate, adult, male (per 1,000 male adults)",SP.DYN.AMRT.MA,395.587
Kenya,KEN,2006,"Mortality rate, adult, male (per 1,000 male adults)",SP.DYN.AMRT.MA,389.598
Kenya,KEN,2005,"Mortality rate, adult, male (per 1,000 male adults)",SP.DYN.AMRT.MA,390.718
Kenya,KEN,2004,"Mortality rate, adult, male (per 1,000 male adults)",SP.DYN.AMRT.MA,392.508
Kenya,KEN,2003,"Mortality rate, adult, male (per 1,000 male adults)",SP.DYN.AMRT.MA,395.414
Kenya,KEN,2002,"Mortality rate, adult, male (per 1,000 male adults)",SP.DYN.AMRT.MA,403.302
Kenya,KEN,2001,"Mortality rate, adult, male (per 1,000 male adults)",SP.DYN.AMRT.MA,394.561
Kenya,KEN,2000,"Mortality rate, adult, male (per 1,000 male adults)",SP.DYN.AMRT.MA,393.626
Kenya,KEN,1999,"Mortality rate, adult, male (per 1,000 male adults)",SP.DYN.AMRT.MA,392.514
Kenya,KEN,1998,"Mortality rate, adult, male (per 1,000 male adults)",SP.DYN.AMRT.MA,391.762
Kenya,KEN,1997,"Mortality rate, adult, male (per 1,000 male adults)",SP.DYN.AMRT.MA,387.066
Kenya,KEN,1996,"Mortality rate, adult, male (per 1,000 male adults)",SP.DYN.AMRT.MA,380.517
Kenya,KEN,1995,"Mortality rate, adult, male (per 1,000 male adults)",SP.DYN.AMRT.MA,379.711
Kenya,KEN,1994,"Mortality rate, adult, male (per 1,000 male adults)",SP.DYN.AMRT.MA,379.918
Kenya,KEN,1993,"Mortality rate, adult, male (per 1,000 male adults)",SP.DYN.AMRT.MA,372.873
Kenya,KEN,1992,"Mortality rate, adult, male (per 1,000 male adults)",SP.DYN.AMRT.MA,368.363
Kenya,KEN,1991,"Mortality rate, adult, male (per 1,000 male adults)",SP.DYN.AMRT.MA,351.263
Kenya,KEN,1990,"Mortality rate, adult, male (per 1,000 male adults)",SP.DYN.AMRT.MA,341.879
Kenya,KEN,1989,"Mortality rate, adult, male (per 1,000 male adults)",SP.DYN.AMRT.MA,309.082
Kenya,KEN,1988,"Mortality rate, adult, male (per 1,000 male adults)",SP.DYN.AMRT.MA,303.341
Kenya,KEN,1987,"Mortality rate, adult, male (per 1,000 male adults)",SP.DYN.AMRT.MA,291.356
Kenya,KEN,1986,"Mortality rate, adult, male (per 1,000 male adults)",SP.DYN.AMRT.MA,286.691
Kenya,KEN,1985,"Mortality rate, adult, male (per 1,000 male adults)",SP.DYN.AMRT.MA,281.873
Kenya,KEN,1984,"Mortality rate, adult, male (per 1,000 male adults)",SP.DYN.AMRT.MA,286.072
Kenya,KEN,1983,"Mortality rate, adult, male (per 1,000 male adults)",SP.DYN.AMRT.MA,288.148
Kenya,KEN,1982,"Mortality rate, adult, male (per 1,000 male adults)",SP.DYN.AMRT.MA,295.459
Kenya,KEN,1981,"Mortality rate, adult, male (per 1,000 male adults)",SP.DYN.AMRT.MA,297.813
Kenya,KEN,1980,"Mortality rate, adult, male (per 1,000 male adults)",SP.DYN.AMRT.MA,301.01
Kenya,KEN,1979,"Mortality rate, adult, male (per 1,000 male adults)",SP.DYN.AMRT.MA,305.475
Kenya,KEN,1978,"Mortality rate, adult, male (per 1,000 male adults)",SP.DYN.AMRT.MA,308.84
Kenya,KEN,1977,"Mortality rate, adult, male (per 1,000 male adults)",SP.DYN.AMRT.MA,313.059
Kenya,KEN,1976,"Mortality rate, adult, male (per 1,000 male adults)",SP.DYN.AMRT.MA,316.447
Kenya,KEN,1975,"Mortality rate, adult, male (per 1,000 male adults)",SP.DYN.AMRT.MA,319.887
Kenya,KEN,1974,"Mortality rate, adult, male (per 1,000 male adults)",SP.DYN.AMRT.MA,326.048
Kenya,KEN,1973,"Mortality rate, adult, male (per 1,000 male adults)",SP.DYN.AMRT.MA,330.318
Kenya,KEN,1972,"Mortality rate, adult, male (per 1,000 male adults)",SP.DYN.AMRT.MA,333.174
Kenya,KEN,1971,"Mortality rate, adult, male (per 1,000 male adults)",SP.DYN.AMRT.MA,335.759
Kenya,KEN,1970,"Mortality rate, adult, male (per 1,000 male adults)",SP.DYN.AMRT.MA,336.268
Kenya,KEN,1969,"Mortality rate, adult, male (per 1,000 male adults)",SP.DYN.AMRT.MA,339.896
Kenya,KEN,1968,"Mortality rate, adult, male (per 1,000 male adults)",SP.DYN.AMRT.MA,345.241
Kenya,KEN,1967,"Mortality rate, adult, male (per 1,000 male adults)",SP.DYN.AMRT.MA,350.579
Kenya,KEN,1966,"Mortality rate, adult, male (per 1,000 male adults)",SP.DYN.AMRT.MA,356.141
Kenya,KEN,1965,"Mortality rate, adult, male (per 1,000 male adults)",SP.DYN.AMRT.MA,363.437
Kenya,KEN,1964,"Mortality rate, adult, male (per 1,000 male adults)",SP.DYN.AMRT.MA,370.634
Kenya,KEN,1963,"Mortality rate, adult, male (per 1,000 male adults)",SP.DYN.AMRT.MA,375.411
Kenya,KEN,1962,"Mortality rate, adult, male (per 1,000 male adults)",SP.DYN.AMRT.MA,380.853
Kenya,KEN,1961,"Mortality rate, adult, male (per 1,000 male adults)",SP.DYN.AMRT.MA,387.785
Kenya,KEN,1960,"Mortality rate, adult, male (per 1,000 male adults)",SP.DYN.AMRT.MA,394.911
Kenya,KEN,2022,"Contraceptive prevalence, any method (% of married women ages 15-49)",SP.DYN.CONU.ZS,62.5
Kenya,KEN,2021,"Contraceptive prevalence, any method (% of married women ages 15-49)",SP.DYN.CONU.ZS,64.7
Kenya,KEN,2020,"Contraceptive prevalence, any method (% of married women ages 15-49)",SP.DYN.CONU.ZS,65.1162106221682
Kenya,KEN,2019,"Contraceptive prevalence, any method (% of married women ages 15-49)",SP.DYN.CONU.ZS,59.8006521261165
Kenya,KEN,2018,"Contraceptive prevalence, any method (% of married women ages 15-49)",SP.DYN.CONU.ZS,61.9209893809262
Kenya,KEN,2017,"Contraceptive prevalence, any method (% of married women ages 15-49)",SP.DYN.CONU.ZS,59.9682382404727
Kenya,KEN,2016,"Contraceptive prevalence, any method (% of married women ages 15-49)",SP.DYN.CONU.ZS,61.1741487617736
Kenya,KEN,2015,"Contraceptive prevalence, any method (% of married women ages 15-49)",SP.DYN.CONU.ZS,64.0789073661562
Kenya,KEN,2014,"Contraceptive prevalence, any method (% of married women ages 15-49)",SP.DYN.CONU.ZS,58
Kenya,KEN,2009,"Contraceptive prevalence, any method (% of married women ages 15-49)",SP.DYN.CONU.ZS,45.5
Kenya,KEN,2003,"Contraceptive prevalence, any method (% of married women ages 15-49)",SP.DYN.CONU.ZS,39.3
Kenya,KEN,1998,"Contraceptive prevalence, any method (% of married women ages 15-49)",SP.DYN.CONU.ZS,39
Kenya,KEN,1993,"Contraceptive prevalence, any method (% of married women ages 15-49)",SP.DYN.CONU.ZS,32.7
Kenya,KEN,1989,"Contraceptive prevalence, any method (% of married women ages 15-49)",SP.DYN.CONU.ZS,26.9
Kenya,KEN,1984,"Contraceptive prevalence, any method (% of married women ages 15-49)",SP.DYN.CONU.ZS,17
Kenya,KEN,1978,"Contraceptive prevalence, any method (% of married women ages 15-49)",SP.DYN.CONU.ZS,7
Kenya,KEN,2024,"Life expectancy at birth, female (years)",SP.DYN.LE00.FE.IN,66.122
Kenya,KEN,2023,"Life expectancy at birth, female (years)",SP.DYN.LE00.FE.IN,65.92
Kenya,KEN,2022,"Life expectancy at birth, female (years)",SP.DYN.LE00.FE.IN,65.869
Kenya,KEN,2021,"Life expectancy at birth, female (years)",SP.DYN.LE00.FE.IN,63.636
Kenya,KEN,2020,"Life expectancy at birth, female (years)",SP.DYN.LE00.FE.IN,64.24
Kenya,KEN,2019,"Life expectancy at birth, female (years)",SP.DYN.LE00.FE.IN,65.1
Kenya,KEN,2018,"Life expectancy at birth, female (years)",SP.DYN.LE00.FE.IN,65.003
Kenya,KEN,2017,"Life expectancy at birth, female (years)",SP.DYN.LE00.FE.IN,64.933
Kenya,KEN,2016,"Life expectancy at birth, female (years)",SP.DYN.LE00.FE.IN,64.669
Kenya,KEN,2015,"Life expectancy at birth, female (years)",SP.DYN.LE00.FE.IN,64.344
Kenya,KEN,2014,"Life expectancy at birth, female (years)",SP.DYN.LE00.FE.IN,63.969
Kenya,KEN,2013,"Life expectancy at birth, female (years)",SP.DYN.LE00.FE.IN,63.615
Kenya,KEN,2012,"Life expectancy at birth, female (years)",SP.DYN.LE00.FE.IN,63.37
Kenya,KEN,2011,"Life expectancy at birth, female (years)",SP.DYN.LE00.FE.IN,63.057
Kenya,KEN,2010,"Life expectancy at birth, female (years)",SP.DYN.LE00.FE.IN,62.575
Kenya,KEN,2009,"Life expectancy at birth, female (years)",SP.DYN.LE00.FE.IN,62.052
Kenya,KEN,2008,"Life expectancy at birth, female (years)",SP.DYN.LE00.FE.IN,61.455
Kenya,KEN,2007,"Life expectancy at birth, female (years)",SP.DYN.LE00.FE.IN,60.81
Kenya,KEN,2006,"Life expectancy at birth, female (years)",SP.DYN.LE00.FE.IN,60.229
Kenya,KEN,2005,"Life expectancy at birth, female (years)",SP.DYN.LE00.FE.IN,59.517
Kenya,KEN,2004,"Life expectancy at birth, female (years)",SP.DYN.LE00.FE.IN,58.853
Kenya,KEN,2003,"Life expectancy at birth, female (years)",SP.DYN.LE00.FE.IN,58.18
Kenya,KEN,2002,"Life expectancy at birth, female (years)",SP.DYN.LE00.FE.IN,57.605
Kenya,KEN,2001,"Life expectancy at birth, female (years)",SP.DYN.LE00.FE.IN,57.261
Kenya,KEN,2000,"Life expectancy at birth, female (years)",SP.DYN.LE00.FE.IN,56.76
Kenya,KEN,1999,"Life expectancy at birth, female (years)",SP.DYN.LE00.FE.IN,56.624
Kenya,KEN,1998,"Life expectancy at birth, female (years)",SP.DYN.LE00.FE.IN,56.315
Kenya,KEN,1997,"Life expectancy at birth, female (years)",SP.DYN.LE00.FE.IN,56.168
Kenya,KEN,1996,"Life expectancy at birth, female (years)",SP.DYN.LE00.FE.IN,56.263
Kenya,KEN,1995,"Life expectancy at birth, female (years)",SP.DYN.LE00.FE.IN,56.872
Kenya,KEN,1994,"Life expectancy at birth, female (years)",SP.DYN.LE00.FE.IN,57.379
Kenya,KEN,1993,"Life expectancy at birth, female (years)",SP.DYN.LE00.FE.IN,58.214
Kenya,KEN,1992,"Life expectancy at birth, female (years)",SP.DYN.LE00.FE.IN,58.798
Kenya,KEN,1991,"Life expectancy at birth, female (years)",SP.DYN.LE00.FE.IN,59.489
Kenya,KEN,1990,"Life expectancy at birth, female (years)",SP.DYN.LE00.FE.IN,60.006
Kenya,KEN,1989,"Life expectancy at birth, female (years)",SP.DYN.LE00.FE.IN,61.995
Kenya,KEN,1988,"Life expectancy at birth, female (years)",SP.DYN.LE00.FE.IN,62.335
Kenya,KEN,1987,"Life expectancy at birth, female (years)",SP.DYN.LE00.FE.IN,62.63
Kenya,KEN,1986,"Life expectancy at birth, female (years)",SP.DYN.LE00.FE.IN,62.644
Kenya,KEN,1985,"Life expectancy at birth, female (years)",SP.DYN.LE00.FE.IN,62.603
Kenya,KEN,1984,"Life expectancy at birth, female (years)",SP.DYN.LE00.FE.IN,62.389
Kenya,KEN,1983,"Life expectancy at birth, female (years)",SP.DYN.LE00.FE.IN,62.097
Kenya,KEN,1982,"Life expectancy at birth, female (years)",SP.DYN.LE00.FE.IN,61.747
Kenya,KEN,1981,"Life expectancy at birth, female (years)",SP.DYN.LE00.FE.IN,61.42
Kenya,KEN,1980,"Life expectancy at birth, female (years)",SP.DYN.LE00.FE.IN,61.051
Kenya,KEN,1979,"Life expectancy at birth, female (years)",SP.DYN.LE00.FE.IN,60.592
Kenya,KEN,1978,"Life expectancy at birth, female (years)",SP.DYN.LE00.FE.IN,60.156
Kenya,KEN,1977,"Life expectancy at birth, female (years)",SP.DYN.LE00.FE.IN,59.581
Kenya,KEN,1976,"Life expectancy at birth, female (years)",SP.DYN.LE00.FE.IN,58.991
Kenya,KEN,1975,"Life expectancy at birth, female (years)",SP.DYN.LE00.FE.IN,58.402
Kenya,KEN,1974,"Life expectancy at birth, female (years)",SP.DYN.LE00.FE.IN,57.81
Kenya,KEN,1973,"Life expectancy at birth, female (years)",SP.DYN.LE00.FE.IN,57.21
Kenya,KEN,1972,"Life expectancy at birth, female (years)",SP.DYN.LE00.FE.IN,56.64
Kenya,KEN,1971,"Life expectancy at birth, female (years)",SP.DYN.LE00.FE.IN,56.073
Kenya,KEN,1970,"Life expectancy at birth, female (years)",SP.DYN.LE00.FE.IN,55.552
Kenya,KEN,1969,"Life expectancy at birth, female (years)",SP.DYN.LE00.FE.IN,55.131
Kenya,KEN,1968,"Life expectancy at birth, female (years)",SP.DYN.LE00.FE.IN,54.716
Kenya,KEN,1967,"Life expectancy at birth, female (years)",SP.DYN.LE00.FE.IN,54.151
Kenya,KEN,1966,"Life expectancy at birth, female (years)",SP.DYN.LE00.FE.IN,53.796
Kenya,KEN,1965,"Life expectancy at birth, female (years)",SP.DYN.LE00.FE.IN,53.356
Kenya,KEN,1964,"Life expectancy at birth, female (years)",SP.DYN.LE00.FE.IN,52.817
Kenya,KEN,1963,"Life expectancy at birth, female (years)",SP.DYN.LE00.FE.IN,52.233
Kenya,KEN,1962,"Life expectancy at birth, female (years)",SP.DYN.LE00.FE.IN,51.569
Kenya,KEN,1961,"Life expectancy at birth, female (years)",SP.DYN.LE00.FE.IN,50.781
Kenya,KEN,1960,"Life expectancy at birth, female (years)",SP.DYN.LE00.FE.IN,49.913
Kenya,KEN,2024,"Life expectancy at birth, male (years)",SP.DYN.LE00.MA.IN,61.637
Kenya,KEN,2023,"Life expectancy at birth, male (years)",SP.DYN.LE00.MA.IN,61.459
Kenya,KEN,2022,"Life expectancy at birth, male (years)",SP.DYN.LE00.MA.IN,61.324
Kenya,KEN,2021,"Life expectancy at birth, male (years)",SP.DYN.LE00.MA.IN,58.968
Kenya,KEN,2020,"Life expectancy at birth, male (years)",SP.DYN.LE00.MA.IN,59.145
Kenya,KEN,2019,"Life expectancy at birth, male (years)",SP.DYN.LE00.MA.IN,60.859
Kenya,KEN,2018,"Life expectancy at birth, male (years)",SP.DYN.LE00.MA.IN,60.728
Kenya,KEN,2017,"Life expectancy at birth, male (years)",SP.DYN.LE00.MA.IN,60.599
Kenya,KEN,2016,"Life expectancy at birth, male (years)",SP.DYN.LE00.MA.IN,60.455
Kenya,KEN,2015,"Life expectancy at birth, male (years)",SP.DYN.LE00.MA.IN,60.27
Kenya,KEN,2014,"Life expectancy at birth, male (years)",SP.DYN.LE00.MA.IN,60.052
Kenya,KEN,2013,"Life expectancy at birth, male (years)",SP.DYN.LE00.MA.IN,59.867
Kenya,KEN,2012,"Life expectancy at birth, male (years)",SP.DYN.LE00.MA.IN,59.718
Kenya,KEN,2011,"Life expectancy at birth, male (years)",SP.DYN.LE00.MA.IN,59.513
Kenya,KEN,2010,"Life expectancy at birth, male (years)",SP.DYN.LE00.MA.IN,59.246
Kenya,KEN,2009,"Life expectancy at birth, male (years)",SP.DYN.LE00.MA.IN,58.894
Kenya,KEN,2008,"Life expectancy at birth, male (years)",SP.DYN.LE00.MA.IN,58.428
Kenya,KEN,2007,"Life expectancy at birth, male (years)",SP.DYN.LE00.MA.IN,57.97
Kenya,KEN,2006,"Life expectancy at birth, male (years)",SP.DYN.LE00.MA.IN,57.83
Kenya,KEN,2005,"Life expectancy at birth, male (years)",SP.DYN.LE00.MA.IN,57.433
Kenya,KEN,2004,"Life expectancy at birth, male (years)",SP.DYN.LE00.MA.IN,56.967
Kenya,KEN,2003,"Life expectancy at birth, male (years)",SP.DYN.LE00.MA.IN,56.481
Kenya,KEN,2002,"Life expectancy at birth, male (years)",SP.DYN.LE00.MA.IN,55.841
Kenya,KEN,2001,"Life expectancy at birth, male (years)",SP.DYN.LE00.MA.IN,55.665
Kenya,KEN,2000,"Life expectancy at birth, male (years)",SP.DYN.LE00.MA.IN,55.332
Kenya,KEN,1999,"Life expectancy at birth, male (years)",SP.DYN.LE00.MA.IN,55.033
Kenya,KEN,1998,"Life expectancy at birth, male (years)",SP.DYN.LE00.MA.IN,54.749
Kenya,KEN,1997,"Life expectancy at birth, male (years)",SP.DYN.LE00.MA.IN,54.719
Kenya,KEN,1996,"Life expectancy at birth, male (years)",SP.DYN.LE00.MA.IN,54.819
Kenya,KEN,1995,"Life expectancy at birth, male (years)",SP.DYN.LE00.MA.IN,54.772
Kenya,KEN,1994,"Life expectancy at birth, male (years)",SP.DYN.LE00.MA.IN,54.759
Kenya,KEN,1993,"Life expectancy at birth, male (years)",SP.DYN.LE00.MA.IN,55.066
Kenya,KEN,1992,"Life expectancy at birth, male (years)",SP.DYN.LE00.MA.IN,55.343
Kenya,KEN,1991,"Life expectancy at birth, male (years)",SP.DYN.LE00.MA.IN,56.113
Kenya,KEN,1990,"Life expectancy at birth, male (years)",SP.DYN.LE00.MA.IN,56.614
Kenya,KEN,1989,"Life expectancy at birth, male (years)",SP.DYN.LE00.MA.IN,57.957
Kenya,KEN,1988,"Life expectancy at birth, male (years)",SP.DYN.LE00.MA.IN,58.285
Kenya,KEN,1987,"Life expectancy at birth, male (years)",SP.DYN.LE00.MA.IN,58.796
Kenya,KEN,1986,"Life expectancy at birth, male (years)",SP.DYN.LE00.MA.IN,58.983
Kenya,KEN,1985,"Life expectancy at birth, male (years)",SP.DYN.LE00.MA.IN,59.106
Kenya,KEN,1984,"Life expectancy at birth, male (years)",SP.DYN.LE00.MA.IN,58.84
Kenya,KEN,1983,"Life expectancy at birth, male (years)",SP.DYN.LE00.MA.IN,58.602
Kenya,KEN,1982,"Life expectancy at birth, male (years)",SP.DYN.LE00.MA.IN,58.093
Kenya,KEN,1981,"Life expectancy at birth, male (years)",SP.DYN.LE00.MA.IN,57.753
Kenya,KEN,1980,"Life expectancy at birth, male (years)",SP.DYN.LE00.MA.IN,57.358
Kenya,KEN,1979,"Life expectancy at birth, male (years)",SP.DYN.LE00.MA.IN,56.87
Kenya,KEN,1978,"Life expectancy at birth, male (years)",SP.DYN.LE00.MA.IN,56.414
Kenya,KEN,1977,"Life expectancy at birth, male (years)",SP.DYN.LE00.MA.IN,55.905
Kenya,KEN,1976,"Life expectancy at birth, male (years)",SP.DYN.LE00.MA.IN,55.44
Kenya,KEN,1975,"Life expectancy at birth, male (years)",SP.DYN.LE00.MA.IN,54.971
Kenya,KEN,1974,"Life expectancy at birth, male (years)",SP.DYN.LE00.MA.IN,54.411
Kenya,KEN,1973,"Life expectancy at birth, male (years)",SP.DYN.LE00.MA.IN,53.938
Kenya,KEN,1972,"Life expectancy at birth, male (years)",SP.DYN.LE00.MA.IN,53.536
Kenya,KEN,1971,"Life expectancy at birth, male (years)",SP.DYN.LE00.MA.IN,53.159
Kenya,KEN,1970,"Life expectancy at birth, male (years)",SP.DYN.LE00.MA.IN,52.873
Kenya,KEN,1969,"Life expectancy at birth, male (years)",SP.DYN.LE00.MA.IN,52.483
Kenya,KEN,1968,"Life expectancy at birth, male (years)",SP.DYN.LE00.MA.IN,52.043
Kenya,KEN,1967,"Life expectancy at birth, male (years)",SP.DYN.LE00.MA.IN,51.607
Kenya,KEN,1966,"Life expectancy at birth, male (years)",SP.DYN.LE00.MA.IN,51.137
Kenya,KEN,1965,"Life expectancy at birth, male (years)",SP.DYN.LE00.MA.IN,50.594
Kenya,KEN,1964,"Life expectancy at birth, male (years)",SP.DYN.LE00.MA.IN,50.012
Kenya,KEN,1963,"Life expectancy at birth, male (years)",SP.DYN.LE00.MA.IN,49.47
Kenya,KEN,1962,"Life expectancy at birth, male (years)",SP.DYN.LE00.MA.IN,48.83
Kenya,KEN,1961,"Life expectancy at birth, male (years)",SP.DYN.LE00.MA.IN,48.071
Kenya,KEN,1960,"Life expectancy at birth, male (years)",SP.DYN.LE00.MA.IN,47.234
Kenya,KEN,2024,"Fertility rate, total (births per woman)",SP.DYN.TFRT.IN,3.167
Kenya,KEN,2023,"Fertility rate, total (births per woman)",SP.DYN.TFRT.IN,3.208
Kenya,KEN,2022,"Fertility rate, total (births per woman)",SP.DYN.TFRT.IN,3.262
Kenya,KEN,2021,"Fertility rate, total (births per woman)",SP.DYN.TFRT.IN,3.312
Kenya,KEN,2020,"Fertility rate, total (births per woman)",SP.DYN.TFRT.IN,3.364
Kenya,KEN,2019,"Fertility rate, total (births per woman)",SP.DYN.TFRT.IN,3.433
Kenya,KEN,2018,"Fertility rate, total (births per woman)",SP.DYN.TFRT.IN,3.536
Kenya,KEN,2017,"Fertility rate, total (births per woman)",SP.DYN.TFRT.IN,3.609
Kenya,KEN,2016,"Fertility rate, total (births per woman)",SP.DYN.TFRT.IN,3.689
Kenya,KEN,2015,"Fertility rate, total (births per woman)",SP.DYN.TFRT.IN,3.766
Kenya,KEN,2014,"Fertility rate, total (births per woman)",SP.DYN.TFRT.IN,3.843
Kenya,KEN,2013,"Fertility rate, total (births per woman)",SP.DYN.TFRT.IN,3.955
Kenya,KEN,2012,"Fertility rate, total (births per woman)",SP.DYN.TFRT.IN,4.116
Kenya,KEN,2011,"Fertility rate, total (births per woman)",SP.DYN.TFRT.IN,4.284
Kenya,KEN,2010,"Fertility rate, total (births per woman)",SP.DYN.TFRT.IN,4.446
Kenya,KEN,2009,"Fertility rate, total (births per woman)",SP.DYN.TFRT.IN,4.567
Kenya,KEN,2008,"Fertility rate, total (births per woman)",SP.DYN.TFRT.IN,4.66
Kenya,KEN,2007,"Fertility rate, total (births per woman)",SP.DYN.TFRT.IN,4.718
Kenya,KEN,2006,"Fertility rate, total (births per woman)",SP.DYN.TFRT.IN,4.754
Kenya,KEN,2005,"Fertility rate, total (births per woman)",SP.DYN.TFRT.IN,4.801
Kenya,KEN,2004,"Fertility rate, total (births per woman)",SP.DYN.TFRT.IN,4.861
Kenya,KEN,2003,"Fertility rate, total (births per woman)",SP.DYN.TFRT.IN,4.937
Kenya,KEN,2002,"Fertility rate, total (births per woman)",SP.DYN.TFRT.IN,5.027
Kenya,KEN,2001,"Fertility rate, total (births per woman)",SP.DYN.TFRT.IN,5.094
Kenya,KEN,2000,"Fertility rate, total (births per woman)",SP.DYN.TFRT.IN,5.136
Kenya,KEN,1999,"Fertility rate, total (births per woman)",SP.DYN.TFRT.IN,5.177
Kenya,KEN,1998,"Fertility rate, total (births per woman)",SP.DYN.TFRT.IN,5.244
Kenya,KEN,1997,"Fertility rate, total (births per woman)",SP.DYN.TFRT.IN,5.268
Kenya,KEN,1996,"Fertility rate, total (births per woman)",SP.DYN.TFRT.IN,5.307
Kenya,KEN,1995,"Fertility rate, total (births per woman)",SP.DYN.TFRT.IN,5.372
Kenya,KEN,1994,"Fertility rate, total (births per woman)",SP.DYN.TFRT.IN,5.438
Kenya,KEN,1993,"Fertility rate, total (births per woman)",SP.DYN.TFRT.IN,5.569
Kenya,KEN,1992,"Fertility rate, total (births per woman)",SP.DYN.TFRT.IN,5.74
Kenya,KEN,1991,"Fertility rate, total (births per woman)",SP.DYN.TFRT.IN,5.94
Kenya,KEN,1990,"Fertility rate, total (births per woman)",SP.DYN.TFRT.IN,6.135
Kenya,KEN,1989,"Fertility rate, total (births per woman)",SP.DYN.TFRT.IN,6.332
Kenya,KEN,1988,"Fertility rate, total (births per woman)",SP.DYN.TFRT.IN,6.515
Kenya,KEN,1987,"Fertility rate, total (births per woman)",SP.DYN.TFRT.IN,6.686
Kenya,KEN,1986,"Fertility rate, total (births per woman)",SP.DYN.TFRT.IN,6.84
Kenya,KEN,1985,"Fertility rate, total (births per woman)",SP.DYN.TFRT.IN,6.96
Kenya,KEN,1984,"Fertility rate, total (births per woman)",SP.DYN.TFRT.IN,7.083
Kenya,KEN,1983,"Fertility rate, total (births per woman)",SP.DYN.TFRT.IN,7.218
Kenya,KEN,1982,"Fertility rate, total (births per woman)",SP.DYN.TFRT.IN,7.345
Kenya,KEN,1981,"Fertility rate, total (births per woman)",SP.DYN.TFRT.IN,7.454
Kenya,KEN,1980,"Fertility rate, total (births per woman)",SP.DYN.TFRT.IN,7.531
Kenya,KEN,1979,"Fertility rate, total (births per woman)",SP.DYN.TFRT.IN,7.598
Kenya,KEN,1978,"Fertility rate, total (births per woman)",SP.DYN.TFRT.IN,7.666
Kenya,KEN,1977,"Fertility rate, total (births per woman)",SP.DYN.TFRT.IN,7.729
Kenya,KEN,1976,"Fertility rate, total (births per woman)",SP.DYN.TFRT.IN,7.767
Kenya,KEN,1975,"Fertility rate, total (births per woman)",SP.DYN.TFRT.IN,7.795
Kenya,KEN,1974,"Fertility rate, total (births per woman)",SP.DYN.TFRT.IN,7.822
Kenya,KEN,1973,"Fertility rate, total (births per woman)",SP.DYN.TFRT.IN,7.86
Kenya,KEN,1972,"Fertility rate, total (births per woman)",SP.DYN.TFRT.IN,7.894
Kenya,KEN,1971,"Fertility rate, total (births per woman)",SP.DYN.TFRT.IN,7.922
Kenya,KEN,1970,"Fertility rate, total (births per woman)",SP.DYN.TFRT.IN,7.943
Kenya,KEN,1969,"Fertility rate, total (births per woman)",SP.DYN.TFRT.IN,7.947
Kenya,KEN,1968,"Fertility rate, total (births per woman)",SP.DYN.TFRT.IN,7.948
Kenya,KEN,1967,"Fertility rate, total (births per woman)",SP.DYN.TFRT.IN,7.953
Kenya,KEN,1966,"Fertility rate, total (births per woman)",SP.DYN.TFRT.IN,7.955
Kenya,KEN,1965,"Fertility rate, total (births per woman)",SP.DYN.TFRT.IN,7.923
Kenya,KEN,1964,"Fertility rate, total (births per woman)",SP.DYN.TFRT.IN,7.869
Kenya,KEN,1963,"Fertility rate, total (births per woman)",SP.DYN.TFRT.IN,7.817
Kenya,KEN,1962,"Fertility rate, total (births per woman)",SP.DYN.TFRT.IN,7.769
Kenya,KEN,1961,"Fertility rate, total (births per woman)",SP.DYN.TFRT.IN,7.715
Kenya,KEN,1960,"Fertility rate, total (births per woman)",SP.DYN.TFRT.IN,7.651
Kenya,KEN,2024,"Survival to age 65, female (% of cohort)",SP.DYN.TO65.FE.ZS,61.924557
Kenya,KEN,2023,"Survival to age 65, female (% of cohort)",SP.DYN.TO65.FE.ZS,61.577045
Kenya,KEN,2022,"Survival to age 65, female (% of cohort)",SP.DYN.TO65.FE.ZS,61.55462
Kenya,KEN,2021,"Survival to age 65, female (% of cohort)",SP.DYN.TO65.FE.ZS,57.939014
Kenya,KEN,2020,"Survival to age 65, female (% of cohort)",SP.DYN.TO65.FE.ZS,58.766956
Kenya,KEN,2019,"Survival to age 65, female (% of cohort)",SP.DYN.TO65.FE.ZS,60.064735
Kenya,KEN,2018,"Survival to age 65, female (% of cohort)",SP.DYN.TO65.FE.ZS,59.952879
Kenya,KEN,2017,"Survival to age 65, female (% of cohort)",SP.DYN.TO65.FE.ZS,59.917303
Kenya,KEN,2016,"Survival to age 65, female (% of cohort)",SP.DYN.TO65.FE.ZS,59.40726
Kenya,KEN,2015,"Survival to age 65, female (% of cohort)",SP.DYN.TO65.FE.ZS,58.765176
Kenya,KEN,2014,"Survival to age 65, female (% of cohort)",SP.DYN.TO65.FE.ZS,57.994842
Kenya,KEN,2013,"Survival to age 65, female (% of cohort)",SP.DYN.TO65.FE.ZS,57.239108
Kenya,KEN,2012,"Survival to age 65, female (% of cohort)",SP.DYN.TO65.FE.ZS,56.782335
Kenya,KEN,2011,"Survival to age 65, female (% of cohort)",SP.DYN.TO65.FE.ZS,56.348554
Kenya,KEN,2010,"Survival to age 65, female (% of cohort)",SP.DYN.TO65.FE.ZS,55.502287
Kenya,KEN,2009,"Survival to age 65, female (% of cohort)",SP.DYN.TO65.FE.ZS,54.574043
Kenya,KEN,2008,"Survival to age 65, female (% of cohort)",SP.DYN.TO65.FE.ZS,53.576858
Kenya,KEN,2007,"Survival to age 65, female (% of cohort)",SP.DYN.TO65.FE.ZS,52.476701
Kenya,KEN,2006,"Survival to age 65, female (% of cohort)",SP.DYN.TO65.FE.ZS,51.609106
Kenya,KEN,2005,"Survival to age 65, female (% of cohort)",SP.DYN.TO65.FE.ZS,50.445734
Kenya,KEN,2004,"Survival to age 65, female (% of cohort)",SP.DYN.TO65.FE.ZS,49.459086
Kenya,KEN,2003,"Survival to age 65, female (% of cohort)",SP.DYN.TO65.FE.ZS,48.476705
Kenya,KEN,2002,"Survival to age 65, female (% of cohort)",SP.DYN.TO65.FE.ZS,47.736765
Kenya,KEN,2001,"Survival to age 65, female (% of cohort)",SP.DYN.TO65.FE.ZS,47.490586
Kenya,KEN,2000,"Survival to age 65, female (% of cohort)",SP.DYN.TO65.FE.ZS,46.747212
Kenya,KEN,1999,"Survival to age 65, female (% of cohort)",SP.DYN.TO65.FE.ZS,47.100738
Kenya,KEN,1998,"Survival to age 65, female (% of cohort)",SP.DYN.TO65.FE.ZS,46.870574
Kenya,KEN,1997,"Survival to age 65, female (% of cohort)",SP.DYN.TO65.FE.ZS,46.837926
Kenya,KEN,1996,"Survival to age 65, female (% of cohort)",SP.DYN.TO65.FE.ZS,47.303986
Kenya,KEN,1995,"Survival to age 65, female (% of cohort)",SP.DYN.TO65.FE.ZS,48.937976
Kenya,KEN,1994,"Survival to age 65, female (% of cohort)",SP.DYN.TO65.FE.ZS,50.23001
Kenya,KEN,1993,"Survival to age 65, female (% of cohort)",SP.DYN.TO65.FE.ZS,52.231368
Kenya,KEN,1992,"Survival to age 65, female (% of cohort)",SP.DYN.TO65.FE.ZS,53.572014
Kenya,KEN,1991,"Survival to age 65, female (% of cohort)",SP.DYN.TO65.FE.ZS,55.095319
Kenya,KEN,1990,"Survival to age 65, female (% of cohort)",SP.DYN.TO65.FE.ZS,56.183944
Kenya,KEN,1989,"Survival to age 65, female (% of cohort)",SP.DYN.TO65.FE.ZS,61.015227
Kenya,KEN,1988,"Survival to age 65, female (% of cohort)",SP.DYN.TO65.FE.ZS,61.733757
Kenya,KEN,1987,"Survival to age 65, female (% of cohort)",SP.DYN.TO65.FE.ZS,62.440109
Kenya,KEN,1986,"Survival to age 65, female (% of cohort)",SP.DYN.TO65.FE.ZS,62.51939
Kenya,KEN,1985,"Survival to age 65, female (% of cohort)",SP.DYN.TO65.FE.ZS,62.564342
Kenya,KEN,1984,"Survival to age 65, female (% of cohort)",SP.DYN.TO65.FE.ZS,62.272787
Kenya,KEN,1983,"Survival to age 65, female (% of cohort)",SP.DYN.TO65.FE.ZS,61.8326
Kenya,KEN,1982,"Survival to age 65, female (% of cohort)",SP.DYN.TO65.FE.ZS,61.32793
Kenya,KEN,1981,"Survival to age 65, female (% of cohort)",SP.DYN.TO65.FE.ZS,60.906994
Kenya,KEN,1980,"Survival to age 65, female (% of cohort)",SP.DYN.TO65.FE.ZS,60.428064
Kenya,KEN,1979,"Survival to age 65, female (% of cohort)",SP.DYN.TO65.FE.ZS,59.804814
Kenya,KEN,1978,"Survival to age 65, female (% of cohort)",SP.DYN.TO65.FE.ZS,59.24141
Kenya,KEN,1977,"Survival to age 65, female (% of cohort)",SP.DYN.TO65.FE.ZS,58.417029
Kenya,KEN,1976,"Survival to age 65, female (% of cohort)",SP.DYN.TO65.FE.ZS,57.533961
Kenya,KEN,1975,"Survival to age 65, female (% of cohort)",SP.DYN.TO65.FE.ZS,56.659109
Kenya,KEN,1974,"Survival to age 65, female (% of cohort)",SP.DYN.TO65.FE.ZS,55.761333
Kenya,KEN,1973,"Survival to age 65, female (% of cohort)",SP.DYN.TO65.FE.ZS,54.839566
Kenya,KEN,1972,"Survival to age 65, female (% of cohort)",SP.DYN.TO65.FE.ZS,53.960026
Kenya,KEN,1971,"Survival to age 65, female (% of cohort)",SP.DYN.TO65.FE.ZS,53.070903
Kenya,KEN,1970,"Survival to age 65, female (% of cohort)",SP.DYN.TO65.FE.ZS,52.263345
Kenya,KEN,1969,"Survival to age 65, female (% of cohort)",SP.DYN.TO65.FE.ZS,51.65641
Kenya,KEN,1968,"Survival to age 65, female (% of cohort)",SP.DYN.TO65.FE.ZS,51.056474
Kenya,KEN,1967,"Survival to age 65, female (% of cohort)",SP.DYN.TO65.FE.ZS,50.062276
Kenya,KEN,1966,"Survival to age 65, female (% of cohort)",SP.DYN.TO65.FE.ZS,49.662128
Kenya,KEN,1965,"Survival to age 65, female (% of cohort)",SP.DYN.TO65.FE.ZS,49.072485
Kenya,KEN,1964,"Survival to age 65, female (% of cohort)",SP.DYN.TO65.FE.ZS,48.300974
Kenya,KEN,1963,"Survival to age 65, female (% of cohort)",SP.DYN.TO65.FE.ZS,47.496869
Kenya,KEN,1962,"Survival to age 65, female (% of cohort)",SP.DYN.TO65.FE.ZS,46.608615
Kenya,KEN,1961,"Survival to age 65, female (% of cohort)",SP.DYN.TO65.FE.ZS,45.528236
Kenya,KEN,1960,"Survival to age 65, female (% of cohort)",SP.DYN.TO65.FE.ZS,44.375069
Kenya,KEN,2024,"Survival to age 65, male (% of cohort)",SP.DYN.TO65.MA.ZS,51.986064
Kenya,KEN,2023,"Survival to age 65, male (% of cohort)",SP.DYN.TO65.MA.ZS,51.674743
Kenya,KEN,2022,"Survival to age 65, male (% of cohort)",SP.DYN.TO65.MA.ZS,51.396558
Kenya,KEN,2021,"Survival to age 65, male (% of cohort)",SP.DYN.TO65.MA.ZS,47.113295
Kenya,KEN,2020,"Survival to age 65, male (% of cohort)",SP.DYN.TO65.MA.ZS,47.236211
Kenya,KEN,2019,"Survival to age 65, male (% of cohort)",SP.DYN.TO65.MA.ZS,50.493848
Kenya,KEN,2018,"Survival to age 65, male (% of cohort)",SP.DYN.TO65.MA.ZS,50.26957
Kenya,KEN,2017,"Survival to age 65, male (% of cohort)",SP.DYN.TO65.MA.ZS,50.062415
Kenya,KEN,2016,"Survival to age 65, male (% of cohort)",SP.DYN.TO65.MA.ZS,49.862921
Kenya,KEN,2015,"Survival to age 65, male (% of cohort)",SP.DYN.TO65.MA.ZS,49.62321
Kenya,KEN,2014,"Survival to age 65, male (% of cohort)",SP.DYN.TO65.MA.ZS,49.290645
Kenya,KEN,2013,"Survival to age 65, male (% of cohort)",SP.DYN.TO65.MA.ZS,49.075962
Kenya,KEN,2012,"Survival to age 65, male (% of cohort)",SP.DYN.TO65.MA.ZS,48.944311
Kenya,KEN,2011,"Survival to age 65, male (% of cohort)",SP.DYN.TO65.MA.ZS,48.706705
Kenya,KEN,2010,"Survival to age 65, male (% of cohort)",SP.DYN.TO65.MA.ZS,48.424394
Kenya,KEN,2009,"Survival to age 65, male (% of cohort)",SP.DYN.TO65.MA.ZS,47.991146
Kenya,KEN,2008,"Survival to age 65, male (% of cohort)",SP.DYN.TO65.MA.ZS,47.455063
Kenya,KEN,2007,"Survival to age 65, male (% of cohort)",SP.DYN.TO65.MA.ZS,46.672556
Kenya,KEN,2006,"Survival to age 65, male (% of cohort)",SP.DYN.TO65.MA.ZS,46.892603
Kenya,KEN,2005,"Survival to age 65, male (% of cohort)",SP.DYN.TO65.MA.ZS,46.529697
Kenya,KEN,2004,"Survival to age 65, male (% of cohort)",SP.DYN.TO65.MA.ZS,46.075746
Kenya,KEN,2003,"Survival to age 65, male (% of cohort)",SP.DYN.TO65.MA.ZS,45.529391
Kenya,KEN,2002,"Survival to age 65, male (% of cohort)",SP.DYN.TO65.MA.ZS,44.638371
Kenya,KEN,2001,"Survival to age 65, male (% of cohort)",SP.DYN.TO65.MA.ZS,44.956715
Kenya,KEN,2000,"Survival to age 65, male (% of cohort)",SP.DYN.TO65.MA.ZS,44.768094
Kenya,KEN,1999,"Survival to age 65, male (% of cohort)",SP.DYN.TO65.MA.ZS,44.654051
Kenya,KEN,1998,"Survival to age 65, male (% of cohort)",SP.DYN.TO65.MA.ZS,44.506069
Kenya,KEN,1997,"Survival to age 65, male (% of cohort)",SP.DYN.TO65.MA.ZS,44.798547
Kenya,KEN,1996,"Survival to age 65, male (% of cohort)",SP.DYN.TO65.MA.ZS,45.297334
Kenya,KEN,1995,"Survival to age 65, male (% of cohort)",SP.DYN.TO65.MA.ZS,45.318939
Kenya,KEN,1994,"Survival to age 65, male (% of cohort)",SP.DYN.TO65.MA.ZS,45.301889
Kenya,KEN,1993,"Survival to age 65, male (% of cohort)",SP.DYN.TO65.MA.ZS,45.979606
Kenya,KEN,1992,"Survival to age 65, male (% of cohort)",SP.DYN.TO65.MA.ZS,46.481581
Kenya,KEN,1991,"Survival to age 65, male (% of cohort)",SP.DYN.TO65.MA.ZS,48.183393
Kenya,KEN,1990,"Survival to age 65, male (% of cohort)",SP.DYN.TO65.MA.ZS,49.192347
Kenya,KEN,1989,"Survival to age 65, male (% of cohort)",SP.DYN.TO65.MA.ZS,52.470279
Kenya,KEN,1988,"Survival to age 65, male (% of cohort)",SP.DYN.TO65.MA.ZS,53.109799
Kenya,KEN,1987,"Survival to age 65, male (% of cohort)",SP.DYN.TO65.MA.ZS,54.339815
Kenya,KEN,1986,"Survival to age 65, male (% of cohort)",SP.DYN.TO65.MA.ZS,54.817788
Kenya,KEN,1985,"Survival to age 65, male (% of cohort)",SP.DYN.TO65.MA.ZS,55.2959
Kenya,KEN,1984,"Survival to age 65, male (% of cohort)",SP.DYN.TO65.MA.ZS,54.756617
Kenya,KEN,1983,"Survival to age 65, male (% of cohort)",SP.DYN.TO65.MA.ZS,54.454625
Kenya,KEN,1982,"Survival to age 65, male (% of cohort)",SP.DYN.TO65.MA.ZS,53.593045
Kenya,KEN,1981,"Survival to age 65, male (% of cohort)",SP.DYN.TO65.MA.ZS,53.088114
Kenya,KEN,1980,"Survival to age 65, male (% of cohort)",SP.DYN.TO65.MA.ZS,52.587519
Kenya,KEN,1979,"Survival to age 65, male (% of cohort)",SP.DYN.TO65.MA.ZS,51.865703
Kenya,KEN,1978,"Survival to age 65, male (% of cohort)",SP.DYN.TO65.MA.ZS,51.275225
Kenya,KEN,1977,"Survival to age 65, male (% of cohort)",SP.DYN.TO65.MA.ZS,50.58984
Kenya,KEN,1976,"Survival to age 65, male (% of cohort)",SP.DYN.TO65.MA.ZS,49.995579
Kenya,KEN,1975,"Survival to age 65, male (% of cohort)",SP.DYN.TO65.MA.ZS,49.396895
Kenya,KEN,1974,"Survival to age 65, male (% of cohort)",SP.DYN.TO65.MA.ZS,48.562166
Kenya,KEN,1973,"Survival to age 65, male (% of cohort)",SP.DYN.TO65.MA.ZS,47.917467
Kenya,KEN,1972,"Survival to age 65, male (% of cohort)",SP.DYN.TO65.MA.ZS,47.416256
Kenya,KEN,1971,"Survival to age 65, male (% of cohort)",SP.DYN.TO65.MA.ZS,46.979881
Kenya,KEN,1970,"Survival to age 65, male (% of cohort)",SP.DYN.TO65.MA.ZS,46.714604
Kenya,KEN,1969,"Survival to age 65, male (% of cohort)",SP.DYN.TO65.MA.ZS,46.183862
Kenya,KEN,1968,"Survival to age 65, male (% of cohort)",SP.DYN.TO65.MA.ZS,45.513115
Kenya,KEN,1967,"Survival to age 65, male (% of cohort)",SP.DYN.TO65.MA.ZS,44.823959
Kenya,KEN,1966,"Survival to age 65, male (% of cohort)",SP.DYN.TO65.MA.ZS,44.130423
Kenya,KEN,1965,"Survival to age 65, male (% of cohort)",SP.DYN.TO65.MA.ZS,43.277729
Kenya,KEN,1964,"Survival to age 65, male (% of cohort)",SP.DYN.TO65.MA.ZS,42.414257
Kenya,KEN,1963,"Survival to age 65, male (% of cohort)",SP.DYN.TO65.MA.ZS,41.708116
Kenya,KEN,1962,"Survival to age 65, male (% of cohort)",SP.DYN.TO65.MA.ZS,40.901944
Kenya,KEN,1961,"Survival to age 65, male (% of cohort)",SP.DYN.TO65.MA.ZS,39.929462
Kenya,KEN,1960,"Survival to age 65, male (% of cohort)",SP.DYN.TO65.MA.ZS,38.885519
Kenya,KEN,2022,Wanted fertility rate (births per woman),SP.DYN.WFRT,2.9
Kenya,KEN,2014,Wanted fertility rate (births per woman),SP.DYN.WFRT,3
Kenya,KEN,2009,Wanted fertility rate (births per woman),SP.DYN.WFRT,3.4
Kenya,KEN,2003,Wanted fertility rate (births per woman),SP.DYN.WFRT,3.6
Kenya,KEN,1998,Wanted fertility rate (births per woman),SP.DYN.WFRT,3.5
Kenya,KEN,1993,Wanted fertility rate (births per woman),SP.DYN.WFRT,3.4
Kenya,KEN,1989,Wanted fertility rate (births per woman),SP.DYN.WFRT,4.5
Kenya,KEN,2022,Female headed households (% of households with a female head),SP.HOU.FEMA.ZS,33.9
Kenya,KEN,2020,Female headed households (% of households with a female head),SP.HOU.FEMA.ZS,31
Kenya,KEN,2015,Female headed households (% of households with a female head),SP.HOU.FEMA.ZS,36.1
Kenya,KEN,2014,Female headed households (% of households with a female head),SP.HOU.FEMA.ZS,32.2
Kenya,KEN,2009,Female headed households (% of households with a female head),SP.HOU.FEMA.ZS,33.9
Kenya,KEN,2003,Female headed households (% of households with a female head),SP.HOU.FEMA.ZS,31.7
Kenya,KEN,1998,Female headed households (% of households with a female head),SP.HOU.FEMA.ZS,31.7
Kenya,KEN,1993,Female headed households (% of households with a female head),SP.HOU.FEMA.ZS,32.7
Kenya,KEN,2022,Women who were first married by age 15 (% of women ages 20-24),SP.M15.2024.FE.ZS,2.2
Kenya,KEN,2014,Women who were first married by age 15 (% of women ages 20-24),SP.M15.2024.FE.ZS,4.4
Kenya,KEN,2009,Women who were first married by age 15 (% of women ages 20-24),SP.M15.2024.FE.ZS,6.2
Kenya,KEN,2003,Women who were first married by age 15 (% of women ages 20-24),SP.M15.2024.FE.ZS,3.8
Kenya,KEN,1998,Women who were first married by age 15 (% of women ages 20-24),SP.M15.2024.FE.ZS,5.2
Kenya,KEN,1993,Women who were first married by age 15 (% of women ages 20-24),SP.M15.2024.FE.ZS,5.4
Kenya,KEN,1989,Women who were first married by age 15 (% of women ages 20-24),SP.M15.2024.FE.ZS,5.6
Kenya,KEN,2022,Women who were first married by age 18 (% of women ages 20-24),SP.M18.2024.FE.ZS,12.5
Kenya,KEN,2014,Women who were first married by age 18 (% of women ages 20-24),SP.M18.2024.FE.ZS,22.9
Kenya,KEN,2009,Women who were first married by age 18 (% of women ages 20-24),SP.M18.2024.FE.ZS,26.4
Kenya,KEN,2003,Women who were first married by age 18 (% of women ages 20-24),SP.M18.2024.FE.ZS,24.6
Kenya,KEN,1998,Women who were first married by age 18 (% of women ages 20-24),SP.M18.2024.FE.ZS,24.6
Kenya,KEN,1993,Women who were first married by age 18 (% of women ages 20-24),SP.M18.2024.FE.ZS,28.1
Kenya,KEN,1989,Women who were first married by age 18 (% of women ages 20-24),SP.M18.2024.FE.ZS,31
Kenya,KEN,2022,Teenage mothers (% of women ages 15-19 who have had children or are currently pregnant),SP.MTR.1519.ZS,14.4
Kenya,KEN,2020,Teenage mothers (% of women ages 15-19 who have had children or are currently pregnant),SP.MTR.1519.ZS,12.5
Kenya,KEN,2015,Teenage mothers (% of women ages 15-19 who have had children or are currently pregnant),SP.MTR.1519.ZS,19.2
Kenya,KEN,2014,Teenage mothers (% of women ages 15-19 who have had children or are currently pregnant),SP.MTR.1519.ZS,18.1
Kenya,KEN,2009,Teenage mothers (% of women ages 15-19 who have had children or are currently pregnant),SP.MTR.1519.ZS,17.7
Kenya,KEN,2003,Teenage mothers (% of women ages 15-19 who have had children or are currently pregnant),SP.MTR.1519.ZS,23
Kenya,KEN,1998,Teenage mothers (% of women ages 15-19 who have had children or are currently pregnant),SP.MTR.1519.ZS,20.9
Kenya,KEN,1993,Teenage mothers (% of women ages 15-19 who have had children or are currently pregnant),SP.MTR.1519.ZS,20.5
Kenya,KEN,1989,Teenage mothers (% of women ages 15-19 who have had children or are currently pregnant),SP.MTR.1519.ZS,25.4
Kenya,KEN,2009,"School life expectancy, primary to tertiary, female (years)",SE.SCH.LIFE.FE,9.92936
Kenya,KEN,2007,"School life expectancy, primary to tertiary, female (years)",SE.SCH.LIFE.FE,9.39704
Kenya,KEN,2005,"School life expectancy, primary to tertiary, female (years)",SE.SCH.LIFE.FE,8.95818
Kenya,KEN,2004,"School life expectancy, primary to tertiary, female (years)",SE.SCH.LIFE.FE,8.85502
Kenya,KEN,2002,"School life expectancy, primary to tertiary, female (years)",SE.SCH.LIFE.FE,7.8117
Kenya,KEN,2001,"School life expectancy, primary to tertiary, female (years)",SE.SCH.LIFE.FE,8.1002
Kenya,KEN,2000,"School life expectancy, primary to tertiary, female (years)",SE.SCH.LIFE.FE,8.00697
Kenya,KEN,1987,"School life expectancy, primary to tertiary, female (years)",SE.SCH.LIFE.FE,8.61731
Kenya,KEN,1985,"School life expectancy, primary to tertiary, female (years)",SE.SCH.LIFE.FE,8.52909
Kenya,KEN,1984,"School life expectancy, primary to tertiary, female (years)",SE.SCH.LIFE.FE,8.36483
Kenya,KEN,2009,"School life expectancy, primary to tertiary, male (years)",SE.SCH.LIFE.MA,10.60784
Kenya,KEN,2007,"School life expectancy, primary to tertiary, male (years)",SE.SCH.LIFE.MA,10.08415
Kenya,KEN,2005,"School life expectancy, primary to tertiary, male (years)",SE.SCH.LIFE.MA,9.52998
Kenya,KEN,2004,"School life expectancy, primary to tertiary, male (years)",SE.SCH.LIFE.MA,9.59084
Kenya,KEN,2002,"School life expectancy, primary to tertiary, male (years)",SE.SCH.LIFE.MA,8.3953
Kenya,KEN,2001,"School life expectancy, primary to tertiary, male (years)",SE.SCH.LIFE.MA,8.5405
Kenya,KEN,2000,"School life expectancy, primary to tertiary, male (years)",SE.SCH.LIFE.MA,8.37343
Kenya,KEN,1987,"School life expectancy, primary to tertiary, male (years)",SE.SCH.LIFE.MA,9.6183
Kenya,KEN,1985,"School life expectancy, primary to tertiary, male (years)",SE.SCH.LIFE.MA,9.64421
Kenya,KEN,1984,"School life expectancy, primary to tertiary, male (years)",SE.SCH.LIFE.MA,9.36765
Kenya,KEN,2022,Main cooking fuel: charcoal (% of households),SG.COK.CHCO.ZS,11.4
Kenya,KEN,2020,Main cooking fuel: charcoal (% of households),SG.COK.CHCO.ZS,7.9
Kenya,KEN,2014,Main cooking fuel: charcoal (% of households),SG.COK.CHCO.ZS,17.2
Kenya,KEN,2009,Main cooking fuel: charcoal (% of households),SG.COK.CHCO.ZS,18.7
Kenya,KEN,2003,Main cooking fuel: charcoal (% of households),SG.COK.CHCO.ZS,14.2
Kenya,KEN,2022,Main cooking fuel: agricultural crop (% of households),SG.COK.CROP.ZS,0.1
Kenya,KEN,2020,Main cooking fuel: agricultural crop (% of households),SG.COK.CROP.ZS,0.6
Kenya,KEN,2014,Main cooking fuel: agricultural crop (% of households),SG.COK.CROP.ZS,0
Kenya,KEN,2009,Main cooking fuel: agricultural crop (% of households),SG.COK.CROP.ZS,0.1
Kenya,KEN,2020,Main cooking fuel: dung (% of households),SG.COK.DUNG.ZS,0.1
Kenya,KEN,2014,Main cooking fuel: dung (% of households),SG.COK.DUNG.ZS,0
Kenya,KEN,2009,Main cooking fuel: dung (% of households),SG.COK.DUNG.ZS,0
Kenya,KEN,2003,Main cooking fuel: dung (% of households),SG.COK.DUNG.ZS,0.1
Kenya,KEN,2022,Main cooking fuel: electricity  (% of households),SG.COK.ELEC.ZS,0.2
Kenya,KEN,2020,Main cooking fuel: electricity  (% of households),SG.COK.ELEC.ZS,0.6
Kenya,KEN,2014,Main cooking fuel: electricity  (% of households),SG.COK.ELEC.ZS,0.4
Kenya,KEN,2009,Main cooking fuel: electricity  (% of households),SG.COK.ELEC.ZS,0.5
Kenya,KEN,2003,Main cooking fuel: electricity  (% of households),SG.COK.ELEC.ZS,0.3
Kenya,KEN,2022,Location of cooking: inside the house (% of households),SG.COK.HOUS.ZS,49.7
Kenya,KEN,2014,Location of cooking: inside the house (% of households),SG.COK.HOUS.ZS,50
Kenya,KEN,2009,Location of cooking: inside the house (% of households),SG.COK.HOUS.ZS,46.4
Kenya,KEN,2022,Main cooking fuel: LPG/natural gas/biogas (% of households),SG.COK.LPGN.ZS,30.8
Kenya,KEN,2020,Main cooking fuel: LPG/natural gas/biogas (% of households),SG.COK.LPGN.ZS,31.1
Kenya,KEN,2014,Main cooking fuel: LPG/natural gas/biogas (% of households),SG.COK.LPGN.ZS,11.5
Kenya,KEN,2009,Main cooking fuel: LPG/natural gas/biogas (% of households),SG.COK.LPGN.ZS,6.5
Kenya,KEN,2003,Main cooking fuel: LPG/natural gas/biogas (% of households),SG.COK.LPGN.ZS,3.6
Kenya,KEN,2022,Location of cooking: other places (% of households),SG.COK.OTHR.ZS,0
Kenya,KEN,2014,Location of cooking: other places (% of households),SG.COK.OTHR.ZS,0
Kenya,KEN,2009,Location of cooking: other places (% of households),SG.COK.OTHR.ZS,0.1
Kenya,KEN,2022,Location of cooking: outdoors (% of households),SG.COK.OUTD.ZS,7.9
Kenya,KEN,2014,Location of cooking: outdoors (% of households),SG.COK.OUTD.ZS,6.9
Kenya,KEN,2009,Location of cooking: outdoors (% of households),SG.COK.OUTD.ZS,6.7
Kenya,KEN,2022,Location of cooking: separate building (% of households),SG.COK.SBLD.ZS,40.8
Kenya,KEN,2014,Location of cooking: separate building (% of households),SG.COK.SBLD.ZS,41.5
Kenya,KEN,2009,Location of cooking: separate building (% of households),SG.COK.SBLD.ZS,46
Kenya,KEN,2022,Main cooking fuel: straw/shrubs/grass (% of households),SG.COK.STRW.ZS,0.2
Kenya,KEN,2020,Main cooking fuel: straw/shrubs/grass (% of households),SG.COK.STRW.ZS,0.2
Kenya,KEN,2014,Main cooking fuel: straw/shrubs/grass (% of households),SG.COK.STRW.ZS,1.1
Kenya,KEN,2009,Main cooking fuel: straw/shrubs/grass (% of households),SG.COK.STRW.ZS,1.2
Kenya,KEN,2022,Main cooking fuel: wood (% of households),SG.COK.WOOD.ZS,51.6
Kenya,KEN,2020,Main cooking fuel: wood (% of households),SG.COK.WOOD.ZS,54.5
Kenya,KEN,2014,Main cooking fuel: wood (% of households),SG.COK.WOOD.ZS,56.1
Kenya,KEN,2009,Main cooking fuel: wood (% of households),SG.COK.WOOD.ZS,63.3
Kenya,KEN,2003,Main cooking fuel: wood (% of households),SG.COK.WOOD.ZS,66.2
Kenya,KEN,2009,Women participating in making daily purchase decisions (% of women age 15-49),SG.DMK.DPCH.FN.ZS,82.1
Kenya,KEN,2003,Women participating in making daily purchase decisions (% of women age 15-49),SG.DMK.DPCH.FN.ZS,59.7
Kenya,KEN,2014,Women participating in decision of what food to cook daily (% of women age 15-49),SG.DMK.FOOD.FN.ZS,93.6
Kenya,KEN,2009,Women participating in decision of what food to cook daily (% of women age 15-49),SG.DMK.FOOD.FN.ZS,93.7
Kenya,KEN,2003,Women participating in decision of what food to cook daily (% of women age 15-49),SG.DMK.FOOD.FN.ZS,86.3
Kenya,KEN,2022,Women participating in own health care decisions (% of women age 15-49),SG.DMK.HLTH.FN.ZS,85.6
Kenya,KEN,2014,Women participating in own health care decisions (% of women age 15-49),SG.DMK.HLTH.FN.ZS,78.7
Kenya,KEN,2009,Women participating in own health care decisions (% of women age 15-49),SG.DMK.HLTH.FN.ZS,73.3
Kenya,KEN,2003,Women participating in own health care decisions (% of women age 15-49),SG.DMK.HLTH.FN.ZS,54.1
Kenya,KEN,2022,Decision maker about a woman's own health care: mainly husband (% of women age 15-49),SG.DMK.HLTH.HB.ZS,14.1
Kenya,KEN,2014,Decision maker about a woman's own health care: mainly husband (% of women age 15-49),SG.DMK.HLTH.HB.ZS,20.9
Kenya,KEN,2009,Decision maker about a woman's own health care: mainly husband (% of women age 15-49),SG.DMK.HLTH.HB.ZS,26.4
Kenya,KEN,2003,Decision maker about a woman's own health care: mainly husband (% of women age 15-49),SG.DMK.HLTH.HB.ZS,42.9
Kenya,KEN,2022,Decision maker about a woman's own health care: other (% of women age 15-49),SG.DMK.HLTH.OT.ZS,0.1
Kenya,KEN,2014,Decision maker about a woman's own health care: other (% of women age 15-49),SG.DMK.HLTH.OT.ZS,0.1
Kenya,KEN,2009,Decision maker about a woman's own health care: other (% of women age 15-49),SG.DMK.HLTH.OT.ZS,0.1
Kenya,KEN,2003,Decision maker about a woman's own health care: other (% of women age 15-49),SG.DMK.HLTH.OT.ZS,0.6
Kenya,KEN,2022,Decision maker about a woman's own health care: someone else (% of women age 15-49),SG.DMK.HLTH.SE.ZS,0.2
Kenya,KEN,2014,Decision maker about a woman's own health care: someone else (% of women age 15-49),SG.DMK.HLTH.SE.ZS,0.2
Kenya,KEN,2009,Decision maker about a woman's own health care: someone else (% of women age 15-49),SG.DMK.HLTH.SE.ZS,0.2
Kenya,KEN,2003,Decision maker about a woman's own health care: someone else (% of women age 15-49),SG.DMK.HLTH.SE.ZS,2.3
Kenya,KEN,2022,Decision maker about a woman's own health care: mainly wife (% of women age 15-49),SG.DMK.HLTH.WF.ZS,41.5
Kenya,KEN,2014,Decision maker about a woman's own health care: mainly wife (% of women age 15-49),SG.DMK.HLTH.WF.ZS,38.6
Kenya,KEN,2009,Decision maker about a woman's own health care: mainly wife (% of women age 15-49),SG.DMK.HLTH.WF.ZS,27.9
Kenya,KEN,2003,Decision maker about a woman's own health care: mainly wife (% of women age 15-49),SG.DMK.HLTH.WF.ZS,39.8
Kenya,KEN,2022,Decision maker about a woman's own health care: wife and husband jointly (% of women age 15-49),SG.DMK.HLTH.WH.ZS,44.2
Kenya,KEN,2014,Decision maker about a woman's own health care: wife and husband jointly (% of women age 15-49),SG.DMK.HLTH.WH.ZS,40.1
Kenya,KEN,2009,Decision maker about a woman's own health care: wife and husband jointly (% of women age 15-49),SG.DMK.HLTH.WH.ZS,45.4
Kenya,KEN,2003,Decision maker about a woman's own health care: wife and husband jointly (% of women age 15-49),SG.DMK.HLTH.WH.ZS,14.3
Kenya,KEN,2022,"Women participating in none of the three decisions (own health care, major household purchases, and visiting family) (% of women age 15-49)",SG.DMK.NONE.FN.ZS,5.8
Kenya,KEN,2014,"Women participating in none of the three decisions (own health care, major household purchases, and visiting family) (% of women age 15-49)",SG.DMK.NONE.FN.ZS,9.7
Kenya,KEN,2009,"Women participating in none of the three decisions (own health care, major household purchases, and visiting family) (% of women age 15-49)",SG.DMK.NONE.FN.ZS,11.4
Kenya,KEN,2003,"Women participating in none of the three decisions (own health care, major household purchases, and visiting family) (% of women age 15-49)",SG.DMK.NONE.FN.ZS,26.6
Kenya,KEN,2022,Women participating in making major household purchase decisions (% of women age 15-49),SG.DMK.PRCH.FN.ZS,78.2
Kenya,KEN,2014,Women participating in making major household purchase decisions (% of women age 15-49),SG.DMK.PRCH.FN.ZS,72.5
Kenya,KEN,2009,Women participating in making major household purchase decisions (% of women age 15-49),SG.DMK.PRCH.FN.ZS,66.8
Kenya,KEN,2003,Women participating in making major household purchase decisions (% of women age 15-49),SG.DMK.PRCH.FN.ZS,36
Kenya,KEN,2022,Decision maker about major household purchases: mainly husband (% of women age 15-49),SG.DMK.PRCH.HB.ZS,21.5
Kenya,KEN,2014,Decision maker about major household purchases: mainly husband (% of women age 15-49),SG.DMK.PRCH.HB.ZS,27
Kenya,KEN,2009,Decision maker about major household purchases: mainly husband (% of women age 15-49),SG.DMK.PRCH.HB.ZS,32.8
Kenya,KEN,2003,Decision maker about major household purchases: mainly husband (% of women age 15-49),SG.DMK.PRCH.HB.ZS,61.3
Kenya,KEN,2022,Decision maker about major household purchases: other (% of women age 15-49),SG.DMK.PRCH.OT.ZS,0.2
Kenya,KEN,2014,Decision maker about major household purchases: other (% of women age 15-49),SG.DMK.PRCH.OT.ZS,0.1
Kenya,KEN,2009,Decision maker about major household purchases: other (% of women age 15-49),SG.DMK.PRCH.OT.ZS,0.1
Kenya,KEN,2003,Decision maker about major household purchases: other (% of women age 15-49),SG.DMK.PRCH.OT.ZS,0.4
Kenya,KEN,2022,Decision maker about major household purchases: someone else (% of women age 15-49),SG.DMK.PRCH.SE.ZS,0.2
Kenya,KEN,2014,Decision maker about major household purchases: someone else (% of women age 15-49),SG.DMK.PRCH.SE.ZS,0.2
Kenya,KEN,2009,Decision maker about major household purchases: someone else (% of women age 15-49),SG.DMK.PRCH.SE.ZS,0.2
Kenya,KEN,2003,Decision maker about major household purchases: someone else (% of women age 15-49),SG.DMK.PRCH.SE.ZS,2.3
Kenya,KEN,2022,Decision maker about major household purchases: mainly wife (% of women age 15-49),SG.DMK.PRCH.WF.ZS,19.5
Kenya,KEN,2014,Decision maker about major household purchases: mainly wife (% of women age 15-49),SG.DMK.PRCH.WF.ZS,19.6
Kenya,KEN,2009,Decision maker about major household purchases: mainly wife (% of women age 15-49),SG.DMK.PRCH.WF.ZS,13.9
Kenya,KEN,2003,Decision maker about major household purchases: mainly wife (% of women age 15-49),SG.DMK.PRCH.WF.ZS,11.8
Kenya,KEN,2022,Decision maker about major household purchases: wife and husband jointly (% of women age 15-49),SG.DMK.PRCH.WH.ZS,58.7
Kenya,KEN,2014,Decision maker about major household purchases: wife and husband jointly (% of women age 15-49),SG.DMK.PRCH.WH.ZS,52.9
Kenya,KEN,2009,Decision maker about major household purchases: wife and husband jointly (% of women age 15-49),SG.DMK.PRCH.WH.ZS,52.9
Kenya,KEN,2003,Decision maker about major household purchases: wife and husband jointly (% of women age 15-49),SG.DMK.PRCH.WH.ZS,24.2
Kenya,KEN,2022,"Women participating in decision of visits to family, relatives, friends (% of women age 15-49)",SG.DMK.VISI.FN.ZS,81.6
Kenya,KEN,2014,"Women participating in decision of visits to family, relatives, friends (% of women age 15-49)",SG.DMK.VISI.FN.ZS,73.4
Kenya,KEN,2009,"Women participating in decision of visits to family, relatives, friends (% of women age 15-49)",SG.DMK.VISI.FN.ZS,73.1
Kenya,KEN,2003,"Women participating in decision of visits to family, relatives, friends (% of women age 15-49)",SG.DMK.VISI.FN.ZS,58
Kenya,KEN,2022,Decision maker about a woman's visits to her family or relatives: mainly husband (% of women age 15-49),SG.DMK.VISI.HB.ZS,18.2
Kenya,KEN,2014,Decision maker about a woman's visits to her family or relatives: mainly husband (% of women age 15-49),SG.DMK.VISI.HB.ZS,26.1
Kenya,KEN,2009,Decision maker about a woman's visits to her family or relatives: mainly husband (% of women age 15-49),SG.DMK.VISI.HB.ZS,26.3
Kenya,KEN,2003,Decision maker about a woman's visits to her family or relatives: mainly husband (% of women age 15-49),SG.DMK.VISI.HB.ZS,39.4
Kenya,KEN,2022,Decision maker about a woman's visits to her family or relatives: other (% of women age 15-49),SG.DMK.VISI.OT.ZS,0.1
Kenya,KEN,2014,Decision maker about a woman's visits to her family or relatives: other (% of women age 15-49),SG.DMK.VISI.OT.ZS,0.1
Kenya,KEN,2009,Decision maker about a woman's visits to her family or relatives: other (% of women age 15-49),SG.DMK.VISI.OT.ZS,0.2
Kenya,KEN,2003,Decision maker about a woman's visits to her family or relatives: other (% of women age 15-49),SG.DMK.VISI.OT.ZS,0.7
Kenya,KEN,2022,Decision maker about a woman's visits to her family or relatives: someone else (% of women age 15-49),SG.DMK.VISI.SE.ZS,0.1
Kenya,KEN,2014,Decision maker about a woman's visits to her family or relatives: someone else (% of women age 15-49),SG.DMK.VISI.SE.ZS,0.2
Kenya,KEN,2009,Decision maker about a woman's visits to her family or relatives: someone else (% of women age 15-49),SG.DMK.VISI.SE.ZS,0.4
Kenya,KEN,2003,Decision maker about a woman's visits to her family or relatives: someone else (% of women age 15-49),SG.DMK.VISI.SE.ZS,1.7
Kenya,KEN,2022,Decision maker about a woman's visits to her family or relatives: mainly wife (% of women age 15-49),SG.DMK.VISI.WF.ZS,23.9
Kenya,KEN,2014,Decision maker about a woman's visits to her family or relatives: mainly wife (% of women age 15-49),SG.DMK.VISI.WF.ZS,23.2
Kenya,KEN,2009,Decision maker about a woman's visits to her family or relatives: mainly wife (% of women age 15-49),SG.DMK.VISI.WF.ZS,21.7
Kenya,KEN,2003,Decision maker about a woman's visits to her family or relatives: mainly wife (% of women age 15-49),SG.DMK.VISI.WF.ZS,22.9
Kenya,KEN,2022,Decision maker about Visits to her family or relatives: wife and husband jointly (% of women age 15-49),SG.DMK.VISI.WH.ZS,57.7
Kenya,KEN,2014,Decision maker about Visits to her family or relatives: wife and husband jointly (% of women age 15-49),SG.DMK.VISI.WH.ZS,50.2
Kenya,KEN,2009,Decision maker about Visits to her family or relatives: wife and husband jointly (% of women age 15-49),SG.DMK.VISI.WH.ZS,51.4
Kenya,KEN,2003,Decision maker about Visits to her family or relatives: wife and husband jointly (% of women age 15-49),SG.DMK.VISI.WH.ZS,35.1
Kenya,KEN,2025,Proportion of women in ministerial level positions (%),SG.GEN.MNST.ZS,30.4347826086957
Kenya,KEN,2024,Proportion of women in ministerial level positions (%),SG.GEN.MNST.ZS,30
Kenya,KEN,2023,Proportion of women in ministerial level positions (%),SG.GEN.MNST.ZS,31.8181818181818
Kenya,KEN,2022,Proportion of women in ministerial level positions (%),SG.GEN.MNST.ZS,31.8181818181818
Kenya,KEN,2020,Proportion of women in ministerial level positions (%),SG.GEN.MNST.ZS,30.4347826086957
Kenya,KEN,2019,Proportion of women in ministerial level positions (%),SG.GEN.MNST.ZS,26.0869565217391
Kenya,KEN,2018,Proportion of women in ministerial level positions (%),SG.GEN.MNST.ZS,25
Kenya,KEN,2016,Proportion of women in ministerial level positions (%),SG.GEN.MNST.ZS,22.7
Kenya,KEN,2015,Proportion of women in ministerial level positions (%),SG.GEN.MNST.ZS,30
Kenya,KEN,2014,Proportion of women in ministerial level positions (%),SG.GEN.MNST.ZS,33.3
Kenya,KEN,2012,Proportion of women in ministerial level positions (%),SG.GEN.MNST.ZS,15.4
Kenya,KEN,2010,Proportion of women in ministerial level positions (%),SG.GEN.MNST.ZS,15
Kenya,KEN,2005,Proportion of women in ministerial level positions (%),SG.GEN.MNST.ZS,10.3
Kenya,KEN,2022,Households with water on the premises (%),SG.H2O.PRMS.HH.ZS,53.3
Kenya,KEN,2020,Households with water on the premises (%),SG.H2O.PRMS.HH.ZS,50.6
Kenya,KEN,2015,Households with water on the premises (%),SG.H2O.PRMS.HH.ZS,47.5
Kenya,KEN,2014,Households with water on the premises (%),SG.H2O.PRMS.HH.ZS,38.2
Kenya,KEN,2009,Households with water on the premises (%),SG.H2O.PRMS.HH.ZS,36.2
Kenya,KEN,2003,Households with water on the premises (%),SG.H2O.PRMS.HH.ZS,31.1
Kenya,KEN,1998,Households with water on the premises (%),SG.H2O.PRMS.HH.ZS,33.1
Kenya,KEN,1993,Households with water on the premises (%),SG.H2O.PRMS.HH.ZS,26.4
Kenya,KEN,2022,Households with water less than 30 minutes away round trip (%),SG.H2O.TL30.HH.ZS,32.2
Kenya,KEN,2020,Households with water less than 30 minutes away round trip (%),SG.H2O.TL30.HH.ZS,37.2
Kenya,KEN,2015,Households with water less than 30 minutes away round trip (%),SG.H2O.TL30.HH.ZS,39.5
Kenya,KEN,2014,Households with water less than 30 minutes away round trip (%),SG.H2O.TL30.HH.ZS,45.5
Kenya,KEN,2009,Households with water less than 30 minutes away round trip (%),SG.H2O.TL30.HH.ZS,46.5
Kenya,KEN,2003,Households with water less than 30 minutes away round trip (%),SG.H2O.TL30.HH.ZS,52
Kenya,KEN,1998,Households with water less than 30 minutes away round trip (%),SG.H2O.TL30.HH.ZS,50.8
Kenya,KEN,1993,Households with water less than 30 minutes away round trip (%),SG.H2O.TL30.HH.ZS,56.4
Kenya,KEN,2022,Households with water 30 minutes or longer away round trip (%),SG.H2O.TM30.HH.ZS,13.9
Kenya,KEN,2020,Households with water 30 minutes or longer away round trip (%),SG.H2O.TM30.HH.ZS,11.9
Kenya,KEN,2015,Households with water 30 minutes or longer away round trip (%),SG.H2O.TM30.HH.ZS,12.1
Kenya,KEN,2014,Households with water 30 minutes or longer away round trip (%),SG.H2O.TM30.HH.ZS,15.3
Kenya,KEN,2009,Households with water 30 minutes or longer away round trip (%),SG.H2O.TM30.HH.ZS,16.4
Kenya,KEN,2003,Households with water 30 minutes or longer away round trip (%),SG.H2O.TM30.HH.ZS,16.5
Kenya,KEN,1998,Households with water 30 minutes or longer away round trip (%),SG.H2O.TM30.HH.ZS,15.8
Kenya,KEN,1993,Households with water 30 minutes or longer away round trip (%),SG.H2O.TM30.HH.ZS,16.4
Kenya,KEN,2020,Female migrants (% of international migrant stock),SG.POP.MIGR.FE.ZS,49.5332558203756
Kenya,KEN,2015,Female migrants (% of international migrant stock),SG.POP.MIGR.FE.ZS,50.0473872246172
Kenya,KEN,2010,Female migrants (% of international migrant stock),SG.POP.MIGR.FE.ZS,50.457575202241
Kenya,KEN,2005,Female migrants (% of international migrant stock),SG.POP.MIGR.FE.ZS,48.2301766073493
Kenya,KEN,2000,Female migrants (% of international migrant stock),SG.POP.MIGR.FE.ZS,50.1402835621005
Kenya,KEN,1995,Female migrants (% of international migrant stock),SG.POP.MIGR.FE.ZS,47.9286297263008
Kenya,KEN,1990,Female migrants (% of international migrant stock),SG.POP.MIGR.FE.ZS,45.9023982770246
Kenya,KEN,2003,Women who believe a wife is justified refusing sex with her husband if she has recently given birth (%),SG.RSX.BRTH.ZS,83.8
Kenya,KEN,2003,Women who believe a wife is justified refusing sex with her husband for none of the reasons (%),SG.RSX.NORS.ZS,7.1
Kenya,KEN,2003,Women who believe a wife is justified refusing sex with her husband for all of the reasons (%),SG.RSX.REAS.ZS,50.6
Kenya,KEN,2022,Women who believe a wife is justified refusing sex with her husband if she knows he has sex with other women (%),SG.RSX.SXOT.ZS,41.2
Kenya,KEN,2014,Women who believe a wife is justified refusing sex with her husband if she knows he has sex with other women (%),SG.RSX.SXOT.ZS,78.5
Kenya,KEN,2003,Women who believe a wife is justified refusing sex with her husband if she knows he has sex with other women (%),SG.RSX.SXOT.ZS,78.8
Kenya,KEN,2003,Women who believe a wife is justified refusing sex with her husband if she is tired or not in the mood (%),SG.RSX.TIRD.ZS,60.2
Kenya,KEN,2003,Women who believe a wife is justified refusing sex with her husband if she knows he has sexually transmitted disease (%),SG.RSX.TMDS.ZS,87.1
Kenya,KEN,2024,"Access to anti-retroviral drugs, female (%)",SH.HIV.ARTC.FE.ZS,90
Kenya,KEN,2023,"Access to anti-retroviral drugs, female (%)",SH.HIV.ARTC.FE.ZS,89
Kenya,KEN,2022,"Access to anti-retroviral drugs, female (%)",SH.HIV.ARTC.FE.ZS,88
Kenya,KEN,2021,"Access to anti-retroviral drugs, female (%)",SH.HIV.ARTC.FE.ZS,87
Kenya,KEN,2020,"Access to anti-retroviral drugs, female (%)",SH.HIV.ARTC.FE.ZS,82
Kenya,KEN,2019,"Access to anti-retroviral drugs, female (%)",SH.HIV.ARTC.FE.ZS,82
Kenya,KEN,2018,"Access to anti-retroviral drugs, female (%)",SH.HIV.ARTC.FE.ZS,85
Kenya,KEN,2017,"Access to anti-retroviral drugs, female (%)",SH.HIV.ARTC.FE.ZS,87
Kenya,KEN,2016,"Access to anti-retroviral drugs, female (%)",SH.HIV.ARTC.FE.ZS,81
Kenya,KEN,2015,"Access to anti-retroviral drugs, female (%)",SH.HIV.ARTC.FE.ZS,71
Kenya,KEN,2014,"Access to anti-retroviral drugs, female (%)",SH.HIV.ARTC.FE.ZS,60
Kenya,KEN,2013,"Access to anti-retroviral drugs, female (%)",SH.HIV.ARTC.FE.ZS,51
Kenya,KEN,2012,"Access to anti-retroviral drugs, female (%)",SH.HIV.ARTC.FE.ZS,47
Kenya,KEN,2011,"Access to anti-retroviral drugs, female (%)",SH.HIV.ARTC.FE.ZS,42
Kenya,KEN,2010,"Access to anti-retroviral drugs, female (%)",SH.HIV.ARTC.FE.ZS,30
Kenya,KEN,2009,"Access to anti-retroviral drugs, female (%)",SH.HIV.ARTC.FE.ZS,23
Kenya,KEN,2008,"Access to anti-retroviral drugs, female (%)",SH.HIV.ARTC.FE.ZS,17
Kenya,KEN,2007,"Access to anti-retroviral drugs, female (%)",SH.HIV.ARTC.FE.ZS,12
Kenya,KEN,2006,"Access to anti-retroviral drugs, female (%)",SH.HIV.ARTC.FE.ZS,9
Kenya,KEN,2005,"Access to anti-retroviral drugs, female (%)",SH.HIV.ARTC.FE.ZS,4
Kenya,KEN,2004,"Access to anti-retroviral drugs, female (%)",SH.HIV.ARTC.FE.ZS,2
Kenya,KEN,2003,"Access to anti-retroviral drugs, female (%)",SH.HIV.ARTC.FE.ZS,0
Kenya,KEN,2002,"Access to anti-retroviral drugs, female (%)",SH.HIV.ARTC.FE.ZS,0
Kenya,KEN,2001,"Access to anti-retroviral drugs, female (%)",SH.HIV.ARTC.FE.ZS,0
Kenya,KEN,2000,"Access to anti-retroviral drugs, female (%)",SH.HIV.ARTC.FE.ZS,0
Kenya,KEN,2024,"Access to anti-retroviral drugs, male (%)",SH.HIV.ARTC.MA.ZS,84
Kenya,KEN,2023,"Access to anti-retroviral drugs, male (%)",SH.HIV.ARTC.MA.ZS,81
Kenya,KEN,2022,"Access to anti-retroviral drugs, male (%)",SH.HIV.ARTC.MA.ZS,80
Kenya,KEN,2021,"Access to anti-retroviral drugs, male (%)",SH.HIV.ARTC.MA.ZS,78
Kenya,KEN,2020,"Access to anti-retroviral drugs, male (%)",SH.HIV.ARTC.MA.ZS,72
Kenya,KEN,2019,"Access to anti-retroviral drugs, male (%)",SH.HIV.ARTC.MA.ZS,71
Kenya,KEN,2018,"Access to anti-retroviral drugs, male (%)",SH.HIV.ARTC.MA.ZS,73
Kenya,KEN,2017,"Access to anti-retroviral drugs, male (%)",SH.HIV.ARTC.MA.ZS,73
Kenya,KEN,2016,"Access to anti-retroviral drugs, male (%)",SH.HIV.ARTC.MA.ZS,65
Kenya,KEN,2015,"Access to anti-retroviral drugs, male (%)",SH.HIV.ARTC.MA.ZS,59
Kenya,KEN,2014,"Access to anti-retroviral drugs, male (%)",SH.HIV.ARTC.MA.ZS,49
Kenya,KEN,2013,"Access to anti-retroviral drugs, male (%)",SH.HIV.ARTC.MA.ZS,44
Kenya,KEN,2012,"Access to anti-retroviral drugs, male (%)",SH.HIV.ARTC.MA.ZS,42
Kenya,KEN,2011,"Access to anti-retroviral drugs, male (%)",SH.HIV.ARTC.MA.ZS,37
Kenya,KEN,2010,"Access to anti-retroviral drugs, male (%)",SH.HIV.ARTC.MA.ZS,39
Kenya,KEN,2009,"Access to anti-retroviral drugs, male (%)",SH.HIV.ARTC.MA.ZS,32
Kenya,KEN,2008,"Access to anti-retroviral drugs, male (%)",SH.HIV.ARTC.MA.ZS,24
Kenya,KEN,2007,"Access to anti-retroviral drugs, male (%)",SH.HIV.ARTC.MA.ZS,17
Kenya,KEN,2006,"Access to anti-retroviral drugs, male (%)",SH.HIV.ARTC.MA.ZS,12
Kenya,KEN,2005,"Access to anti-retroviral drugs, male (%)",SH.HIV.ARTC.MA.ZS,6
Kenya,KEN,2004,"Access to anti-retroviral drugs, male (%)",SH.HIV.ARTC.MA.ZS,2
Kenya,KEN,2003,"Access to anti-retroviral drugs, male (%)",SH.HIV.ARTC.MA.ZS,0
Kenya,KEN,2002,"Access to anti-retroviral drugs, male (%)",SH.HIV.ARTC.MA.ZS,0
Kenya,KEN,2001,"Access to anti-retroviral drugs, male (%)",SH.HIV.ARTC.MA.ZS,0
Kenya,KEN,2000,"Access to anti-retroviral drugs, male (%)",SH.HIV.ARTC.MA.ZS,0
Kenya,KEN,2024,"Incidence of HIV, ages 15-49, female (per 1,000 uninfected female population ages 15-49)",SH.HIV.INCD.FE.P3,0.74
Kenya,KEN,2023,"Incidence of HIV, ages 15-49, female (per 1,000 uninfected female population ages 15-49)",SH.HIV.INCD.FE.P3,0.8
Kenya,KEN,2022,"Incidence of HIV, ages 15-49, female (per 1,000 uninfected female population ages 15-49)",SH.HIV.INCD.FE.P3,0.93
Kenya,KEN,2021,"Incidence of HIV, ages 15-49, female (per 1,000 uninfected female population ages 15-49)",SH.HIV.INCD.FE.P3,0.98
Kenya,KEN,2020,"Incidence of HIV, ages 15-49, female (per 1,000 uninfected female population ages 15-49)",SH.HIV.INCD.FE.P3,1.1
Kenya,KEN,2019,"Incidence of HIV, ages 15-49, female (per 1,000 uninfected female population ages 15-49)",SH.HIV.INCD.FE.P3,1.1
Kenya,KEN,2018,"Incidence of HIV, ages 15-49, female (per 1,000 uninfected female population ages 15-49)",SH.HIV.INCD.FE.P3,1.2
Kenya,KEN,2017,"Incidence of HIV, ages 15-49, female (per 1,000 uninfected female population ages 15-49)",SH.HIV.INCD.FE.P3,1.3
Kenya,KEN,2016,"Incidence of HIV, ages 15-49, female (per 1,000 uninfected female population ages 15-49)",SH.HIV.INCD.FE.P3,1.6
Kenya,KEN,2015,"Incidence of HIV, ages 15-49, female (per 1,000 uninfected female population ages 15-49)",SH.HIV.INCD.FE.P3,1.9
Kenya,KEN,2014,"Incidence of HIV, ages 15-49, female (per 1,000 uninfected female population ages 15-49)",SH.HIV.INCD.FE.P3,2.2
Kenya,KEN,2013,"Incidence of HIV, ages 15-49, female (per 1,000 uninfected female population ages 15-49)",SH.HIV.INCD.FE.P3,2.4
Kenya,KEN,2012,"Incidence of HIV, ages 15-49, female (per 1,000 uninfected female population ages 15-49)",SH.HIV.INCD.FE.P3,2.7
Kenya,KEN,2011,"Incidence of HIV, ages 15-49, female (per 1,000 uninfected female population ages 15-49)",SH.HIV.INCD.FE.P3,3
Kenya,KEN,2010,"Incidence of HIV, ages 15-49, female (per 1,000 uninfected female population ages 15-49)",SH.HIV.INCD.FE.P3,3.4
Kenya,KEN,2009,"Incidence of HIV, ages 15-49, female (per 1,000 uninfected female population ages 15-49)",SH.HIV.INCD.FE.P3,3.7
Kenya,KEN,2008,"Incidence of HIV, ages 15-49, female (per 1,000 uninfected female population ages 15-49)",SH.HIV.INCD.FE.P3,4
Kenya,KEN,2007,"Incidence of HIV, ages 15-49, female (per 1,000 uninfected female population ages 15-49)",SH.HIV.INCD.FE.P3,4.3
Kenya,KEN,2006,"Incidence of HIV, ages 15-49, female (per 1,000 uninfected female population ages 15-49)",SH.HIV.INCD.FE.P3,4.6
Kenya,KEN,2005,"Incidence of HIV, ages 15-49, female (per 1,000 uninfected female population ages 15-49)",SH.HIV.INCD.FE.P3,5
Kenya,KEN,2004,"Incidence of HIV, ages 15-49, female (per 1,000 uninfected female population ages 15-49)",SH.HIV.INCD.FE.P3,5.4
Kenya,KEN,2003,"Incidence of HIV, ages 15-49, female (per 1,000 uninfected female population ages 15-49)",SH.HIV.INCD.FE.P3,5.9
Kenya,KEN,2002,"Incidence of HIV, ages 15-49, female (per 1,000 uninfected female population ages 15-49)",SH.HIV.INCD.FE.P3,6.4
Kenya,KEN,2001,"Incidence of HIV, ages 15-49, female (per 1,000 uninfected female population ages 15-49)",SH.HIV.INCD.FE.P3,7.1
Kenya,KEN,2000,"Incidence of HIV, ages 15-49, female (per 1,000 uninfected female population ages 15-49)",SH.HIV.INCD.FE.P3,7.9
Kenya,KEN,1999,"Incidence of HIV, ages 15-49, female (per 1,000 uninfected female population ages 15-49)",SH.HIV.INCD.FE.P3,9.1
Kenya,KEN,1998,"Incidence of HIV, ages 15-49, female (per 1,000 uninfected female population ages 15-49)",SH.HIV.INCD.FE.P3,10.3
Kenya,KEN,1997,"Incidence of HIV, ages 15-49, female (per 1,000 uninfected female population ages 15-49)",SH.HIV.INCD.FE.P3,11.9
Kenya,KEN,1996,"Incidence of HIV, ages 15-49, female (per 1,000 uninfected female population ages 15-49)",SH.HIV.INCD.FE.P3,14.1
Kenya,KEN,1995,"Incidence of HIV, ages 15-49, female (per 1,000 uninfected female population ages 15-49)",SH.HIV.INCD.FE.P3,16.9
Kenya,KEN,1994,"Incidence of HIV, ages 15-49, female (per 1,000 uninfected female population ages 15-49)",SH.HIV.INCD.FE.P3,20.5
Kenya,KEN,1993,"Incidence of HIV, ages 15-49, female (per 1,000 uninfected female population ages 15-49)",SH.HIV.INCD.FE.P3,24.1
Kenya,KEN,1992,"Incidence of HIV, ages 15-49, female (per 1,000 uninfected female population ages 15-49)",SH.HIV.INCD.FE.P3,25.6
Kenya,KEN,1991,"Incidence of HIV, ages 15-49, female (per 1,000 uninfected female population ages 15-49)",SH.HIV.INCD.FE.P3,25.1
Kenya,KEN,1990,"Incidence of HIV, ages 15-49, female (per 1,000 uninfected female population ages 15-49)",SH.HIV.INCD.FE.P3,22.4
Kenya,KEN,2024,"Incidence of HIV, ages 15-49, male (per 1,000 uninfected male population ages 15-49)",SH.HIV.INCD.MA.P3,0.31
Kenya,KEN,2023,"Incidence of HIV, ages 15-49, male (per 1,000 uninfected male population ages 15-49)",SH.HIV.INCD.MA.P3,0.33
Kenya,KEN,2022,"Incidence of HIV, ages 15-49, male (per 1,000 uninfected male population ages 15-49)",SH.HIV.INCD.MA.P3,0.39
Kenya,KEN,2021,"Incidence of HIV, ages 15-49, male (per 1,000 uninfected male population ages 15-49)",SH.HIV.INCD.MA.P3,0.41
Kenya,KEN,2020,"Incidence of HIV, ages 15-49, male (per 1,000 uninfected male population ages 15-49)",SH.HIV.INCD.MA.P3,0.43
Kenya,KEN,2019,"Incidence of HIV, ages 15-49, male (per 1,000 uninfected male population ages 15-49)",SH.HIV.INCD.MA.P3,0.47
Kenya,KEN,2018,"Incidence of HIV, ages 15-49, male (per 1,000 uninfected male population ages 15-49)",SH.HIV.INCD.MA.P3,0.5
Kenya,KEN,2017,"Incidence of HIV, ages 15-49, male (per 1,000 uninfected male population ages 15-49)",SH.HIV.INCD.MA.P3,0.59
Kenya,KEN,2016,"Incidence of HIV, ages 15-49, male (per 1,000 uninfected male population ages 15-49)",SH.HIV.INCD.MA.P3,0.72
Kenya,KEN,2015,"Incidence of HIV, ages 15-49, male (per 1,000 uninfected male population ages 15-49)",SH.HIV.INCD.MA.P3,0.88
Kenya,KEN,2014,"Incidence of HIV, ages 15-49, male (per 1,000 uninfected male population ages 15-49)",SH.HIV.INCD.MA.P3,1
Kenya,KEN,2013,"Incidence of HIV, ages 15-49, male (per 1,000 uninfected male population ages 15-49)",SH.HIV.INCD.MA.P3,1.2
Kenya,KEN,2012,"Incidence of HIV, ages 15-49, male (per 1,000 uninfected male population ages 15-49)",SH.HIV.INCD.MA.P3,1.4
Kenya,KEN,2011,"Incidence of HIV, ages 15-49, male (per 1,000 uninfected male population ages 15-49)",SH.HIV.INCD.MA.P3,1.6
Kenya,KEN,2010,"Incidence of HIV, ages 15-49, male (per 1,000 uninfected male population ages 15-49)",SH.HIV.INCD.MA.P3,1.8
Kenya,KEN,2009,"Incidence of HIV, ages 15-49, male (per 1,000 uninfected male population ages 15-49)",SH.HIV.INCD.MA.P3,2
Kenya,KEN,2008,"Incidence of HIV, ages 15-49, male (per 1,000 uninfected male population ages 15-49)",SH.HIV.INCD.MA.P3,2.2
Kenya,KEN,2007,"Incidence of HIV, ages 15-49, male (per 1,000 uninfected male population ages 15-49)",SH.HIV.INCD.MA.P3,2.3
Kenya,KEN,2006,"Incidence of HIV, ages 15-49, male (per 1,000 uninfected male population ages 15-49)",SH.HIV.INCD.MA.P3,2.5
Kenya,KEN,2005,"Incidence of HIV, ages 15-49, male (per 1,000 uninfected male population ages 15-49)",SH.HIV.INCD.MA.P3,2.7
Kenya,KEN,2004,"Incidence of HIV, ages 15-49, male (per 1,000 uninfected male population ages 15-49)",SH.HIV.INCD.MA.P3,2.9
Kenya,KEN,2003,"Incidence of HIV, ages 15-49, male (per 1,000 uninfected male population ages 15-49)",SH.HIV.INCD.MA.P3,3.2
Kenya,KEN,2002,"Incidence of HIV, ages 15-49, male (per 1,000 uninfected male population ages 15-49)",SH.HIV.INCD.MA.P3,3.4
Kenya,KEN,2001,"Incidence of HIV, ages 15-49, male (per 1,000 uninfected male population ages 15-49)",SH.HIV.INCD.MA.P3,3.8
Kenya,KEN,2000,"Incidence of HIV, ages 15-49, male (per 1,000 uninfected male population ages 15-49)",SH.HIV.INCD.MA.P3,4.3
Kenya,KEN,1999,"Incidence of HIV, ages 15-49, male (per 1,000 uninfected male population ages 15-49)",SH.HIV.INCD.MA.P3,4.9
Kenya,KEN,1998,"Incidence of HIV, ages 15-49, male (per 1,000 uninfected male population ages 15-49)",SH.HIV.INCD.MA.P3,5.6
Kenya,KEN,1997,"Incidence of HIV, ages 15-49, male (per 1,000 uninfected male population ages 15-49)",SH.HIV.INCD.MA.P3,6.4
Kenya,KEN,1996,"Incidence of HIV, ages 15-49, male (per 1,000 uninfected male population ages 15-49)",SH.HIV.INCD.MA.P3,7.5
Kenya,KEN,1995,"Incidence of HIV, ages 15-49, male (per 1,000 uninfected male population ages 15-49)",SH.HIV.INCD.MA.P3,9
Kenya,KEN,1994,"Incidence of HIV, ages 15-49, male (per 1,000 uninfected male population ages 15-49)",SH.HIV.INCD.MA.P3,10.9
Kenya,KEN,1993,"Incidence of HIV, ages 15-49, male (per 1,000 uninfected male population ages 15-49)",SH.HIV.INCD.MA.P3,12.8
Kenya,KEN,1992,"Incidence of HIV, ages 15-49, male (per 1,000 uninfected male population ages 15-49)",SH.HIV.INCD.MA.P3,14
Kenya,KEN,1991,"Incidence of HIV, ages 15-49, male (per 1,000 uninfected male population ages 15-49)",SH.HIV.INCD.MA.P3,14.1
Kenya,KEN,1990,"Incidence of HIV, ages 15-49, male (per 1,000 uninfected male population ages 15-49)",SH.HIV.INCD.MA.P3,13
Kenya,KEN,2024,"Incidence of HIV, ages 15-24, female (per 1,000 uninfected female population ages 15-24)",SH.HIV.INCD.YG.FE.P3,0.91
Kenya,KEN,2023,"Incidence of HIV, ages 15-24, female (per 1,000 uninfected female population ages 15-24)",SH.HIV.INCD.YG.FE.P3,0.98
Kenya,KEN,2022,"Incidence of HIV, ages 15-24, female (per 1,000 uninfected female population ages 15-24)",SH.HIV.INCD.YG.FE.P3,1.1
Kenya,KEN,2021,"Incidence of HIV, ages 15-24, female (per 1,000 uninfected female population ages 15-24)",SH.HIV.INCD.YG.FE.P3,1.2
Kenya,KEN,2020,"Incidence of HIV, ages 15-24, female (per 1,000 uninfected female population ages 15-24)",SH.HIV.INCD.YG.FE.P3,1.3
Kenya,KEN,2019,"Incidence of HIV, ages 15-24, female (per 1,000 uninfected female population ages 15-24)",SH.HIV.INCD.YG.FE.P3,1.4
Kenya,KEN,2018,"Incidence of HIV, ages 15-24, female (per 1,000 uninfected female population ages 15-24)",SH.HIV.INCD.YG.FE.P3,1.4
Kenya,KEN,2017,"Incidence of HIV, ages 15-24, female (per 1,000 uninfected female population ages 15-24)",SH.HIV.INCD.YG.FE.P3,1.6
Kenya,KEN,2016,"Incidence of HIV, ages 15-24, female (per 1,000 uninfected female population ages 15-24)",SH.HIV.INCD.YG.FE.P3,1.9
Kenya,KEN,2015,"Incidence of HIV, ages 15-24, female (per 1,000 uninfected female population ages 15-24)",SH.HIV.INCD.YG.FE.P3,2.3
Kenya,KEN,2014,"Incidence of HIV, ages 15-24, female (per 1,000 uninfected female population ages 15-24)",SH.HIV.INCD.YG.FE.P3,2.7
Kenya,KEN,2013,"Incidence of HIV, ages 15-24, female (per 1,000 uninfected female population ages 15-24)",SH.HIV.INCD.YG.FE.P3,3
Kenya,KEN,2012,"Incidence of HIV, ages 15-24, female (per 1,000 uninfected female population ages 15-24)",SH.HIV.INCD.YG.FE.P3,3.3
Kenya,KEN,2011,"Incidence of HIV, ages 15-24, female (per 1,000 uninfected female population ages 15-24)",SH.HIV.INCD.YG.FE.P3,3.7
Kenya,KEN,2010,"Incidence of HIV, ages 15-24, female (per 1,000 uninfected female population ages 15-24)",SH.HIV.INCD.YG.FE.P3,4.1
Kenya,KEN,2009,"Incidence of HIV, ages 15-24, female (per 1,000 uninfected female population ages 15-24)",SH.HIV.INCD.YG.FE.P3,4.5
Kenya,KEN,2008,"Incidence of HIV, ages 15-24, female (per 1,000 uninfected female population ages 15-24)",SH.HIV.INCD.YG.FE.P3,4.8
Kenya,KEN,2007,"Incidence of HIV, ages 15-24, female (per 1,000 uninfected female population ages 15-24)",SH.HIV.INCD.YG.FE.P3,5.2
Kenya,KEN,2006,"Incidence of HIV, ages 15-24, female (per 1,000 uninfected female population ages 15-24)",SH.HIV.INCD.YG.FE.P3,5.6
Kenya,KEN,2005,"Incidence of HIV, ages 15-24, female (per 1,000 uninfected female population ages 15-24)",SH.HIV.INCD.YG.FE.P3,6
Kenya,KEN,2004,"Incidence of HIV, ages 15-24, female (per 1,000 uninfected female population ages 15-24)",SH.HIV.INCD.YG.FE.P3,6.5
Kenya,KEN,2003,"Incidence of HIV, ages 15-24, female (per 1,000 uninfected female population ages 15-24)",SH.HIV.INCD.YG.FE.P3,7.1
Kenya,KEN,2002,"Incidence of HIV, ages 15-24, female (per 1,000 uninfected female population ages 15-24)",SH.HIV.INCD.YG.FE.P3,7.7
Kenya,KEN,2001,"Incidence of HIV, ages 15-24, female (per 1,000 uninfected female population ages 15-24)",SH.HIV.INCD.YG.FE.P3,8.6
Kenya,KEN,2000,"Incidence of HIV, ages 15-24, female (per 1,000 uninfected female population ages 15-24)",SH.HIV.INCD.YG.FE.P3,9.6
Kenya,KEN,1999,"Incidence of HIV, ages 15-24, female (per 1,000 uninfected female population ages 15-24)",SH.HIV.INCD.YG.FE.P3,11.1
Kenya,KEN,1998,"Incidence of HIV, ages 15-24, female (per 1,000 uninfected female population ages 15-24)",SH.HIV.INCD.YG.FE.P3,12.6
Kenya,KEN,1997,"Incidence of HIV, ages 15-24, female (per 1,000 uninfected female population ages 15-24)",SH.HIV.INCD.YG.FE.P3,14.4
Kenya,KEN,1996,"Incidence of HIV, ages 15-24, female (per 1,000 uninfected female population ages 15-24)",SH.HIV.INCD.YG.FE.P3,17.1
Kenya,KEN,1995,"Incidence of HIV, ages 15-24, female (per 1,000 uninfected female population ages 15-24)",SH.HIV.INCD.YG.FE.P3,20.3
Kenya,KEN,1994,"Incidence of HIV, ages 15-24, female (per 1,000 uninfected female population ages 15-24)",SH.HIV.INCD.YG.FE.P3,24.5
Kenya,KEN,1993,"Incidence of HIV, ages 15-24, female (per 1,000 uninfected female population ages 15-24)",SH.HIV.INCD.YG.FE.P3,28.5
Kenya,KEN,1992,"Incidence of HIV, ages 15-24, female (per 1,000 uninfected female population ages 15-24)",SH.HIV.INCD.YG.FE.P3,30.2
Kenya,KEN,1991,"Incidence of HIV, ages 15-24, female (per 1,000 uninfected female population ages 15-24)",SH.HIV.INCD.YG.FE.P3,29.4
Kenya,KEN,1990,"Incidence of HIV, ages 15-24, female (per 1,000 uninfected female population ages 15-24)",SH.HIV.INCD.YG.FE.P3,26.3
Kenya,KEN,2024,"Incidence of HIV, ages 15-24, male (per 1,000 uninfected male population ages 15-24)",SH.HIV.INCD.YG.MA.P3,0.24
Kenya,KEN,2023,"Incidence of HIV, ages 15-24, male (per 1,000 uninfected male population ages 15-24)",SH.HIV.INCD.YG.MA.P3,0.25
Kenya,KEN,2022,"Incidence of HIV, ages 15-24, male (per 1,000 uninfected male population ages 15-24)",SH.HIV.INCD.YG.MA.P3,0.3
Kenya,KEN,2021,"Incidence of HIV, ages 15-24, male (per 1,000 uninfected male population ages 15-24)",SH.HIV.INCD.YG.MA.P3,0.33
Kenya,KEN,2020,"Incidence of HIV, ages 15-24, male (per 1,000 uninfected male population ages 15-24)",SH.HIV.INCD.YG.MA.P3,0.35
Kenya,KEN,2019,"Incidence of HIV, ages 15-24, male (per 1,000 uninfected male population ages 15-24)",SH.HIV.INCD.YG.MA.P3,0.38
Kenya,KEN,2018,"Incidence of HIV, ages 15-24, male (per 1,000 uninfected male population ages 15-24)",SH.HIV.INCD.YG.MA.P3,0.4
Kenya,KEN,2017,"Incidence of HIV, ages 15-24, male (per 1,000 uninfected male population ages 15-24)",SH.HIV.INCD.YG.MA.P3,0.47
Kenya,KEN,2016,"Incidence of HIV, ages 15-24, male (per 1,000 uninfected male population ages 15-24)",SH.HIV.INCD.YG.MA.P3,0.57
Kenya,KEN,2015,"Incidence of HIV, ages 15-24, male (per 1,000 uninfected male population ages 15-24)",SH.HIV.INCD.YG.MA.P3,0.71
Kenya,KEN,2014,"Incidence of HIV, ages 15-24, male (per 1,000 uninfected male population ages 15-24)",SH.HIV.INCD.YG.MA.P3,0.83
Kenya,KEN,2013,"Incidence of HIV, ages 15-24, male (per 1,000 uninfected male population ages 15-24)",SH.HIV.INCD.YG.MA.P3,0.96
Kenya,KEN,2012,"Incidence of HIV, ages 15-24, male (per 1,000 uninfected male population ages 15-24)",SH.HIV.INCD.YG.MA.P3,1.1
Kenya,KEN,2011,"Incidence of HIV, ages 15-24, male (per 1,000 uninfected male population ages 15-24)",SH.HIV.INCD.YG.MA.P3,1.3
Kenya,KEN,2010,"Incidence of HIV, ages 15-24, male (per 1,000 uninfected male population ages 15-24)",SH.HIV.INCD.YG.MA.P3,1.5
Kenya,KEN,2009,"Incidence of HIV, ages 15-24, male (per 1,000 uninfected male population ages 15-24)",SH.HIV.INCD.YG.MA.P3,1.6
Kenya,KEN,2008,"Incidence of HIV, ages 15-24, male (per 1,000 uninfected male population ages 15-24)",SH.HIV.INCD.YG.MA.P3,1.7
Kenya,KEN,2007,"Incidence of HIV, ages 15-24, male (per 1,000 uninfected male population ages 15-24)",SH.HIV.INCD.YG.MA.P3,1.8
Kenya,KEN,2006,"Incidence of HIV, ages 15-24, male (per 1,000 uninfected male population ages 15-24)",SH.HIV.INCD.YG.MA.P3,2
Kenya,KEN,2005,"Incidence of HIV, ages 15-24, male (per 1,000 uninfected male population ages 15-24)",SH.HIV.INCD.YG.MA.P3,2.1
Kenya,KEN,2004,"Incidence of HIV, ages 15-24, male (per 1,000 uninfected male population ages 15-24)",SH.HIV.INCD.YG.MA.P3,2.3
Kenya,KEN,2003,"Incidence of HIV, ages 15-24, male (per 1,000 uninfected male population ages 15-24)",SH.HIV.INCD.YG.MA.P3,2.6
Kenya,KEN,2002,"Incidence of HIV, ages 15-24, male (per 1,000 uninfected male population ages 15-24)",SH.HIV.INCD.YG.MA.P3,2.8
Kenya,KEN,2001,"Incidence of HIV, ages 15-24, male (per 1,000 uninfected male population ages 15-24)",SH.HIV.INCD.YG.MA.P3,3.1
Kenya,KEN,2000,"Incidence of HIV, ages 15-24, male (per 1,000 uninfected male population ages 15-24)",SH.HIV.INCD.YG.MA.P3,3.4
Kenya,KEN,1999,"Incidence of HIV, ages 15-24, male (per 1,000 uninfected male population ages 15-24)",SH.HIV.INCD.YG.MA.P3,4
Kenya,KEN,1998,"Incidence of HIV, ages 15-24, male (per 1,000 uninfected male population ages 15-24)",SH.HIV.INCD.YG.MA.P3,4.5
Kenya,KEN,1997,"Incidence of HIV, ages 15-24, male (per 1,000 uninfected male population ages 15-24)",SH.HIV.INCD.YG.MA.P3,5.1
Kenya,KEN,1996,"Incidence of HIV, ages 15-24, male (per 1,000 uninfected male population ages 15-24)",SH.HIV.INCD.YG.MA.P3,6
Kenya,KEN,1995,"Incidence of HIV, ages 15-24, male (per 1,000 uninfected male population ages 15-24)",SH.HIV.INCD.YG.MA.P3,7.1
Kenya,KEN,1994,"Incidence of HIV, ages 15-24, male (per 1,000 uninfected male population ages 15-24)",SH.HIV.INCD.YG.MA.P3,8.5
Kenya,KEN,1993,"Incidence of HIV, ages 15-24, male (per 1,000 uninfected male population ages 15-24)",SH.HIV.INCD.YG.MA.P3,9.8
Kenya,KEN,1992,"Incidence of HIV, ages 15-24, male (per 1,000 uninfected male population ages 15-24)",SH.HIV.INCD.YG.MA.P3,10.6
Kenya,KEN,1991,"Incidence of HIV, ages 15-24, male (per 1,000 uninfected male population ages 15-24)",SH.HIV.INCD.YG.MA.P3,10.6
Kenya,KEN,1990,"Incidence of HIV, ages 15-24, male (per 1,000 uninfected male population ages 15-24)",SH.HIV.INCD.YG.MA.P3,9.8
Kenya,KEN,2024,"Prevalence of obesity, female (% of female population ages 18+)",SH.STA.OB18.FE.ZS,16.84
Kenya,KEN,2023,"Prevalence of obesity, female (% of female population ages 18+)",SH.STA.OB18.FE.ZS,16.38
Kenya,KEN,2022,"Prevalence of obesity, female (% of female population ages 18+)",SH.STA.OB18.FE.ZS,15.94
Kenya,KEN,2021,"Prevalence of obesity, female (% of female population ages 18+)",SH.STA.OB18.FE.ZS,15.51
Kenya,KEN,2020,"Prevalence of obesity, female (% of female population ages 18+)",SH.STA.OB18.FE.ZS,15.08
Kenya,KEN,2019,"Prevalence of obesity, female (% of female population ages 18+)",SH.STA.OB18.FE.ZS,14.65
Kenya,KEN,2018,"Prevalence of obesity, female (% of female population ages 18+)",SH.STA.OB18.FE.ZS,14.21
Kenya,KEN,2017,"Prevalence of obesity, female (% of female population ages 18+)",SH.STA.OB18.FE.ZS,13.75
Kenya,KEN,2016,"Prevalence of obesity, female (% of female population ages 18+)",SH.STA.OB18.FE.ZS,13.29
Kenya,KEN,2015,"Prevalence of obesity, female (% of female population ages 18+)",SH.STA.OB18.FE.ZS,12.82
Kenya,KEN,2014,"Prevalence of obesity, female (% of female population ages 18+)",SH.STA.OB18.FE.ZS,12.35
Kenya,KEN,2013,"Prevalence of obesity, female (% of female population ages 18+)",SH.STA.OB18.FE.ZS,11.87
Kenya,KEN,2012,"Prevalence of obesity, female (% of female population ages 18+)",SH.STA.OB18.FE.ZS,11.4
Kenya,KEN,2011,"Prevalence of obesity, female (% of female population ages 18+)",SH.STA.OB18.FE.ZS,10.94
Kenya,KEN,2010,"Prevalence of obesity, female (% of female population ages 18+)",SH.STA.OB18.FE.ZS,10.49
Kenya,KEN,2009,"Prevalence of obesity, female (% of female population ages 18+)",SH.STA.OB18.FE.ZS,10.04
Kenya,KEN,2008,"Prevalence of obesity, female (% of female population ages 18+)",SH.STA.OB18.FE.ZS,9.6
Kenya,KEN,2007,"Prevalence of obesity, female (% of female population ages 18+)",SH.STA.OB18.FE.ZS,9.15
Kenya,KEN,2006,"Prevalence of obesity, female (% of female population ages 18+)",SH.STA.OB18.FE.ZS,8.71
Kenya,KEN,2005,"Prevalence of obesity, female (% of female population ages 18+)",SH.STA.OB18.FE.ZS,8.27
Kenya,KEN,2004,"Prevalence of obesity, female (% of female population ages 18+)",SH.STA.OB18.FE.ZS,7.83
Kenya,KEN,2003,"Prevalence of obesity, female (% of female population ages 18+)",SH.STA.OB18.FE.ZS,7.4
Kenya,KEN,2002,"Prevalence of obesity, female (% of female population ages 18+)",SH.STA.OB18.FE.ZS,6.97
Kenya,KEN,2001,"Prevalence of obesity, female (% of female population ages 18+)",SH.STA.OB18.FE.ZS,6.56
Kenya,KEN,2000,"Prevalence of obesity, female (% of female population ages 18+)",SH.STA.OB18.FE.ZS,6.16
Kenya,KEN,1999,"Prevalence of obesity, female (% of female population ages 18+)",SH.STA.OB18.FE.ZS,5.78
Kenya,KEN,1998,"Prevalence of obesity, female (% of female population ages 18+)",SH.STA.OB18.FE.ZS,5.42
Kenya,KEN,1997,"Prevalence of obesity, female (% of female population ages 18+)",SH.STA.OB18.FE.ZS,5.09
Kenya,KEN,1996,"Prevalence of obesity, female (% of female population ages 18+)",SH.STA.OB18.FE.ZS,4.79
Kenya,KEN,1995,"Prevalence of obesity, female (% of female population ages 18+)",SH.STA.OB18.FE.ZS,4.51
Kenya,KEN,1994,"Prevalence of obesity, female (% of female population ages 18+)",SH.STA.OB18.FE.ZS,4.26
Kenya,KEN,1993,"Prevalence of obesity, female (% of female population ages 18+)",SH.STA.OB18.FE.ZS,4.02
Kenya,KEN,1992,"Prevalence of obesity, female (% of female population ages 18+)",SH.STA.OB18.FE.ZS,3.8
Kenya,KEN,1991,"Prevalence of obesity, female (% of female population ages 18+)",SH.STA.OB18.FE.ZS,3.59
Kenya,KEN,1990,"Prevalence of obesity, female (% of female population ages 18+)",SH.STA.OB18.FE.ZS,3.4
Kenya,KEN,1989,"Prevalence of obesity, female (% of female population ages 18+)",SH.STA.OB18.FE.ZS,3.21
Kenya,KEN,1988,"Prevalence of obesity, female (% of female population ages 18+)",SH.STA.OB18.FE.ZS,3.04
Kenya,KEN,1987,"Prevalence of obesity, female (% of female population ages 18+)",SH.STA.OB18.FE.ZS,2.88
Kenya,KEN,1986,"Prevalence of obesity, female (% of female population ages 18+)",SH.STA.OB18.FE.ZS,2.73
Kenya,KEN,1985,"Prevalence of obesity, female (% of female population ages 18+)",SH.STA.OB18.FE.ZS,2.59
Kenya,KEN,1984,"Prevalence of obesity, female (% of female population ages 18+)",SH.STA.OB18.FE.ZS,2.46
Kenya,KEN,1983,"Prevalence of obesity, female (% of female population ages 18+)",SH.STA.OB18.FE.ZS,2.33
Kenya,KEN,1982,"Prevalence of obesity, female (% of female population ages 18+)",SH.STA.OB18.FE.ZS,2.22
Kenya,KEN,1981,"Prevalence of obesity, female (% of female population ages 18+)",SH.STA.OB18.FE.ZS,2.11
Kenya,KEN,1980,"Prevalence of obesity, female (% of female population ages 18+)",SH.STA.OB18.FE.ZS,2.01
Kenya,KEN,2024,"Prevalence of obesity, male (% of male population ages 18+)",SH.STA.OB18.MA.ZS,5.57
Kenya,KEN,2023,"Prevalence of obesity, male (% of male population ages 18+)",SH.STA.OB18.MA.ZS,5.31
Kenya,KEN,2022,"Prevalence of obesity, male (% of male population ages 18+)",SH.STA.OB18.MA.ZS,5.06
Kenya,KEN,2021,"Prevalence of obesity, male (% of male population ages 18+)",SH.STA.OB18.MA.ZS,4.83
Kenya,KEN,2020,"Prevalence of obesity, male (% of male population ages 18+)",SH.STA.OB18.MA.ZS,4.61
Kenya,KEN,2019,"Prevalence of obesity, male (% of male population ages 18+)",SH.STA.OB18.MA.ZS,4.41
Kenya,KEN,2018,"Prevalence of obesity, male (% of male population ages 18+)",SH.STA.OB18.MA.ZS,4.23
Kenya,KEN,2017,"Prevalence of obesity, male (% of male population ages 18+)",SH.STA.OB18.MA.ZS,4.06
Kenya,KEN,2016,"Prevalence of obesity, male (% of male population ages 18+)",SH.STA.OB18.MA.ZS,3.91
Kenya,KEN,2015,"Prevalence of obesity, male (% of male population ages 18+)",SH.STA.OB18.MA.ZS,3.77
Kenya,KEN,2014,"Prevalence of obesity, male (% of male population ages 18+)",SH.STA.OB18.MA.ZS,3.63
Kenya,KEN,2013,"Prevalence of obesity, male (% of male population ages 18+)",SH.STA.OB18.MA.ZS,3.51
Kenya,KEN,2012,"Prevalence of obesity, male (% of male population ages 18+)",SH.STA.OB18.MA.ZS,3.39
Kenya,KEN,2011,"Prevalence of obesity, male (% of male population ages 18+)",SH.STA.OB18.MA.ZS,3.28
Kenya,KEN,2010,"Prevalence of obesity, male (% of male population ages 18+)",SH.STA.OB18.MA.ZS,3.17
Kenya,KEN,2009,"Prevalence of obesity, male (% of male population ages 18+)",SH.STA.OB18.MA.ZS,3.05
Kenya,KEN,2008,"Prevalence of obesity, male (% of male population ages 18+)",SH.STA.OB18.MA.ZS,2.94
Kenya,KEN,2007,"Prevalence of obesity, male (% of male population ages 18+)",SH.STA.OB18.MA.ZS,2.82
Kenya,KEN,2006,"Prevalence of obesity, male (% of male population ages 18+)",SH.STA.OB18.MA.ZS,2.7
Kenya,KEN,2005,"Prevalence of obesity, male (% of male population ages 18+)",SH.STA.OB18.MA.ZS,2.57
Kenya,KEN,2004,"Prevalence of obesity, male (% of male population ages 18+)",SH.STA.OB18.MA.ZS,2.45
Kenya,KEN,2003,"Prevalence of obesity, male (% of male population ages 18+)",SH.STA.OB18.MA.ZS,2.33
Kenya,KEN,2002,"Prevalence of obesity, male (% of male population ages 18+)",SH.STA.OB18.MA.ZS,2.21
Kenya,KEN,2001,"Prevalence of obesity, male (% of male population ages 18+)",SH.STA.OB18.MA.ZS,2.1
Kenya,KEN,2000,"Prevalence of obesity, male (% of male population ages 18+)",SH.STA.OB18.MA.ZS,1.99
Kenya,KEN,1999,"Prevalence of obesity, male (% of male population ages 18+)",SH.STA.OB18.MA.ZS,1.88
Kenya,KEN,1998,"Prevalence of obesity, male (% of male population ages 18+)",SH.STA.OB18.MA.ZS,1.78
Kenya,KEN,1997,"Prevalence of obesity, male (% of male population ages 18+)",SH.STA.OB18.MA.ZS,1.68
Kenya,KEN,1996,"Prevalence of obesity, male (% of male population ages 18+)",SH.STA.OB18.MA.ZS,1.59
Kenya,KEN,1995,"Prevalence of obesity, male (% of male population ages 18+)",SH.STA.OB18.MA.ZS,1.5
Kenya,KEN,1994,"Prevalence of obesity, male (% of male population ages 18+)",SH.STA.OB18.MA.ZS,1.42
Kenya,KEN,1993,"Prevalence of obesity, male (% of male population ages 18+)",SH.STA.OB18.MA.ZS,1.34
Kenya,KEN,1992,"Prevalence of obesity, male (% of male population ages 18+)",SH.STA.OB18.MA.ZS,1.26
Kenya,KEN,1991,"Prevalence of obesity, male (% of male population ages 18+)",SH.STA.OB18.MA.ZS,1.19
Kenya,KEN,1990,"Prevalence of obesity, male (% of male population ages 18+)",SH.STA.OB18.MA.ZS,1.12
Kenya,KEN,1989,"Prevalence of obesity, male (% of male population ages 18+)",SH.STA.OB18.MA.ZS,1.06
Kenya,KEN,1988,"Prevalence of obesity, male (% of male population ages 18+)",SH.STA.OB18.MA.ZS,1
Kenya,KEN,1987,"Prevalence of obesity, male (% of male population ages 18+)",SH.STA.OB18.MA.ZS,0.95
Kenya,KEN,1986,"Prevalence of obesity, male (% of male population ages 18+)",SH.STA.OB18.MA.ZS,0.89
Kenya,KEN,1985,"Prevalence of obesity, male (% of male population ages 18+)",SH.STA.OB18.MA.ZS,0.85
Kenya,KEN,1984,"Prevalence of obesity, male (% of male population ages 18+)",SH.STA.OB18.MA.ZS,0.8
Kenya,KEN,1983,"Prevalence of obesity, male (% of male population ages 18+)",SH.STA.OB18.MA.ZS,0.76
Kenya,KEN,1982,"Prevalence of obesity, male (% of male population ages 18+)",SH.STA.OB18.MA.ZS,0.72
Kenya,KEN,1981,"Prevalence of obesity, male (% of male population ages 18+)",SH.STA.OB18.MA.ZS,0.69
Kenya,KEN,1980,"Prevalence of obesity, male (% of male population ages 18+)",SH.STA.OB18.MA.ZS,0.66
Kenya,KEN,2022,"Time-related underemployment, female (% of employment)",SL.EMP.UNDR.FE.ZS,12.96
Kenya,KEN,2021,"Time-related underemployment, female (% of employment)",SL.EMP.UNDR.FE.ZS,15.775
Kenya,KEN,2019,"Time-related underemployment, female (% of employment)",SL.EMP.UNDR.FE.ZS,7.569
Kenya,KEN,2022,"Time-related underemployment, male (% of employment)",SL.EMP.UNDR.MA.ZS,10.661
Kenya,KEN,2021,"Time-related underemployment, male (% of employment)",SL.EMP.UNDR.MA.ZS,12.151
Kenya,KEN,2019,"Time-related underemployment, male (% of employment)",SL.EMP.UNDR.MA.ZS,6.391
Kenya,KEN,2025,"Labor force, female",SL.TLF.TOTL.FE.IN,11711348
Kenya,KEN,2024,"Labor force, female",SL.TLF.TOTL.FE.IN,11376608
Kenya,KEN,2023,"Labor force, female",SL.TLF.TOTL.FE.IN,11034555
Kenya,KEN,2022,"Labor force, female",SL.TLF.TOTL.FE.IN,10688596
Kenya,KEN,2021,"Labor force, female",SL.TLF.TOTL.FE.IN,10350263
Kenya,KEN,2020,"Labor force, female",SL.TLF.TOTL.FE.IN,9971395
Kenya,KEN,2019,"Labor force, female",SL.TLF.TOTL.FE.IN,9780420
Kenya,KEN,2018,"Labor force, female",SL.TLF.TOTL.FE.IN,9946302
Kenya,KEN,2017,"Labor force, female",SL.TLF.TOTL.FE.IN,10071451
Kenya,KEN,2016,"Labor force, female",SL.TLF.TOTL.FE.IN,10154250
Kenya,KEN,2015,"Labor force, female",SL.TLF.TOTL.FE.IN,9839433
Kenya,KEN,2014,"Labor force, female",SL.TLF.TOTL.FE.IN,9536964
Kenya,KEN,2013,"Labor force, female",SL.TLF.TOTL.FE.IN,9241433
Kenya,KEN,2012,"Labor force, female",SL.TLF.TOTL.FE.IN,8953254
Kenya,KEN,2011,"Labor force, female",SL.TLF.TOTL.FE.IN,8673361
Kenya,KEN,2010,"Labor force, female",SL.TLF.TOTL.FE.IN,8400668
Kenya,KEN,2009,"Labor force, female",SL.TLF.TOTL.FE.IN,8133493
Kenya,KEN,2008,"Labor force, female",SL.TLF.TOTL.FE.IN,7868508
Kenya,KEN,2007,"Labor force, female",SL.TLF.TOTL.FE.IN,7611622
Kenya,KEN,2006,"Labor force, female",SL.TLF.TOTL.FE.IN,7360330
Kenya,KEN,2005,"Labor force, female",SL.TLF.TOTL.FE.IN,7109030
Kenya,KEN,2004,"Labor force, female",SL.TLF.TOTL.FE.IN,6858487
Kenya,KEN,2003,"Labor force, female",SL.TLF.TOTL.FE.IN,6609251
Kenya,KEN,2002,"Labor force, female",SL.TLF.TOTL.FE.IN,6368261
Kenya,KEN,2001,"Labor force, female",SL.TLF.TOTL.FE.IN,6128056
Kenya,KEN,2000,"Labor force, female",SL.TLF.TOTL.FE.IN,5895660
Kenya,KEN,1999,"Labor force, female",SL.TLF.TOTL.FE.IN,5681002
Kenya,KEN,1998,"Labor force, female",SL.TLF.TOTL.FE.IN,5482188
Kenya,KEN,1997,"Labor force, female",SL.TLF.TOTL.FE.IN,5301611
Kenya,KEN,1996,"Labor force, female",SL.TLF.TOTL.FE.IN,5128088
Kenya,KEN,1995,"Labor force, female",SL.TLF.TOTL.FE.IN,4959170
Kenya,KEN,1994,"Labor force, female",SL.TLF.TOTL.FE.IN,4788758
Kenya,KEN,1993,"Labor force, female",SL.TLF.TOTL.FE.IN,4620079
Kenya,KEN,1992,"Labor force, female",SL.TLF.TOTL.FE.IN,4456326
Kenya,KEN,1991,"Labor force, female",SL.TLF.TOTL.FE.IN,4297013
Kenya,KEN,1990,"Labor force, female",SL.TLF.TOTL.FE.IN,4136983
Kenya,KEN,2021,Ratio of female to male youth unemployment rate (%) (national estimate),SL.UEM.1524.FM.NE.ZS,207.135003054368
Kenya,KEN,2019,Ratio of female to male youth unemployment rate (%) (national estimate),SL.UEM.1524.FM.NE.ZS,115.579861401019
Kenya,KEN,2016,Ratio of female to male youth unemployment rate (%) (national estimate),SL.UEM.1524.FM.NE.ZS,101.90724478595
Kenya,KEN,2005,Ratio of female to male youth unemployment rate (%) (national estimate),SL.UEM.1524.FM.NE.ZS,109.1636209545
Kenya,KEN,1999,Ratio of female to male youth unemployment rate (%) (national estimate),SL.UEM.1524.FM.NE.ZS,163.076633402372
Kenya,KEN,2025,Ratio of female to male youth unemployment rate (% ages 15-24) (modeled ILO estimate),SL.UEM.1524.FM.ZS,158.880697050938
Kenya,KEN,2024,Ratio of female to male youth unemployment rate (% ages 15-24) (modeled ILO estimate),SL.UEM.1524.FM.ZS,166.318825825062
Kenya,KEN,2023,Ratio of female to male youth unemployment rate (% ages 15-24) (modeled ILO estimate),SL.UEM.1524.FM.ZS,166.658004158004
Kenya,KEN,2022,Ratio of female to male youth unemployment rate (% ages 15-24) (modeled ILO estimate),SL.UEM.1524.FM.ZS,166.353399373465
Kenya,KEN,2021,Ratio of female to male youth unemployment rate (% ages 15-24) (modeled ILO estimate),SL.UEM.1524.FM.ZS,204.904831625183
Kenya,KEN,2020,Ratio of female to male youth unemployment rate (% ages 15-24) (modeled ILO estimate),SL.UEM.1524.FM.ZS,152.057801353576
Kenya,KEN,2019,Ratio of female to male youth unemployment rate (% ages 15-24) (modeled ILO estimate),SL.UEM.1524.FM.ZS,113.044950478287
Kenya,KEN,2018,Ratio of female to male youth unemployment rate (% ages 15-24) (modeled ILO estimate),SL.UEM.1524.FM.ZS,109.775454897406
Kenya,KEN,2017,Ratio of female to male youth unemployment rate (% ages 15-24) (modeled ILO estimate),SL.UEM.1524.FM.ZS,105.461521101332
Kenya,KEN,2016,Ratio of female to male youth unemployment rate (% ages 15-24) (modeled ILO estimate),SL.UEM.1524.FM.ZS,99.4017675050986
Kenya,KEN,2015,Ratio of female to male youth unemployment rate (% ages 15-24) (modeled ILO estimate),SL.UEM.1524.FM.ZS,99.2220554114917
Kenya,KEN,2014,Ratio of female to male youth unemployment rate (% ages 15-24) (modeled ILO estimate),SL.UEM.1524.FM.ZS,99.189783026641
Kenya,KEN,2013,Ratio of female to male youth unemployment rate (% ages 15-24) (modeled ILO estimate),SL.UEM.1524.FM.ZS,99.1543047275752
Kenya,KEN,2012,Ratio of female to male youth unemployment rate (% ages 15-24) (modeled ILO estimate),SL.UEM.1524.FM.ZS,99.3970714900947
Kenya,KEN,2011,Ratio of female to male youth unemployment rate (% ages 15-24) (modeled ILO estimate),SL.UEM.1524.FM.ZS,99.2804720103612
Kenya,KEN,2010,Ratio of female to male youth unemployment rate (% ages 15-24) (modeled ILO estimate),SL.UEM.1524.FM.ZS,98.8995485327314
Kenya,KEN,2009,Ratio of female to male youth unemployment rate (% ages 15-24) (modeled ILO estimate),SL.UEM.1524.FM.ZS,98.671753567896
Kenya,KEN,2008,Ratio of female to male youth unemployment rate (% ages 15-24) (modeled ILO estimate),SL.UEM.1524.FM.ZS,98.6926205694364
Kenya,KEN,2007,Ratio of female to male youth unemployment rate (% ages 15-24) (modeled ILO estimate),SL.UEM.1524.FM.ZS,98.8634641612365
Kenya,KEN,2006,Ratio of female to male youth unemployment rate (% ages 15-24) (modeled ILO estimate),SL.UEM.1524.FM.ZS,98.5796313085524
Kenya,KEN,2005,Ratio of female to male youth unemployment rate (% ages 15-24) (modeled ILO estimate),SL.UEM.1524.FM.ZS,98.198332340679
Kenya,KEN,2004,Ratio of female to male youth unemployment rate (% ages 15-24) (modeled ILO estimate),SL.UEM.1524.FM.ZS,97.7098130163792
Kenya,KEN,2003,Ratio of female to male youth unemployment rate (% ages 15-24) (modeled ILO estimate),SL.UEM.1524.FM.ZS,97.4848222029488
Kenya,KEN,2002,Ratio of female to male youth unemployment rate (% ages 15-24) (modeled ILO estimate),SL.UEM.1524.FM.ZS,97.1943887775551
Kenya,KEN,2001,Ratio of female to male youth unemployment rate (% ages 15-24) (modeled ILO estimate),SL.UEM.1524.FM.ZS,97.1652856519843
Kenya,KEN,2000,Ratio of female to male youth unemployment rate (% ages 15-24) (modeled ILO estimate),SL.UEM.1524.FM.ZS,97.015577231038
Kenya,KEN,1999,Ratio of female to male youth unemployment rate (% ages 15-24) (modeled ILO estimate),SL.UEM.1524.FM.ZS,96.8745435957353
Kenya,KEN,1998,Ratio of female to male youth unemployment rate (% ages 15-24) (modeled ILO estimate),SL.UEM.1524.FM.ZS,97.3331346841478
Kenya,KEN,1997,Ratio of female to male youth unemployment rate (% ages 15-24) (modeled ILO estimate),SL.UEM.1524.FM.ZS,97.7018445721197
Kenya,KEN,1996,Ratio of female to male youth unemployment rate (% ages 15-24) (modeled ILO estimate),SL.UEM.1524.FM.ZS,98.1613102595797
Kenya,KEN,1995,Ratio of female to male youth unemployment rate (% ages 15-24) (modeled ILO estimate),SL.UEM.1524.FM.ZS,98.2047771185151
Kenya,KEN,1994,Ratio of female to male youth unemployment rate (% ages 15-24) (modeled ILO estimate),SL.UEM.1524.FM.ZS,98.1731768899451
Kenya,KEN,1993,Ratio of female to male youth unemployment rate (% ages 15-24) (modeled ILO estimate),SL.UEM.1524.FM.ZS,98.3786999851257
Kenya,KEN,1992,Ratio of female to male youth unemployment rate (% ages 15-24) (modeled ILO estimate),SL.UEM.1524.FM.ZS,98.9232425780649
Kenya,KEN,1991,Ratio of female to male youth unemployment rate (% ages 15-24) (modeled ILO estimate),SL.UEM.1524.FM.ZS,99.5661256628636
Kenya,KEN,2024,"Life expectancy at age 60, female (years)",SP.DYN.LE60.FE.IN,18.0945
Kenya,KEN,2023,"Life expectancy at age 60, female (years)",SP.DYN.LE60.FE.IN,18.062
Kenya,KEN,2022,"Life expectancy at age 60, female (years)",SP.DYN.LE60.FE.IN,18.0181
Kenya,KEN,2021,"Life expectancy at age 60, female (years)",SP.DYN.LE60.FE.IN,16.3081
Kenya,KEN,2020,"Life expectancy at age 60, female (years)",SP.DYN.LE60.FE.IN,17.2521
Kenya,KEN,2019,"Life expectancy at age 60, female (years)",SP.DYN.LE60.FE.IN,17.7644
Kenya,KEN,2018,"Life expectancy at age 60, female (years)",SP.DYN.LE60.FE.IN,17.7107
Kenya,KEN,2017,"Life expectancy at age 60, female (years)",SP.DYN.LE60.FE.IN,17.6614
Kenya,KEN,2016,"Life expectancy at age 60, female (years)",SP.DYN.LE60.FE.IN,17.5754
Kenya,KEN,2015,"Life expectancy at age 60, female (years)",SP.DYN.LE60.FE.IN,17.4748
Kenya,KEN,2014,"Life expectancy at age 60, female (years)",SP.DYN.LE60.FE.IN,17.3654
Kenya,KEN,2013,"Life expectancy at age 60, female (years)",SP.DYN.LE60.FE.IN,17.1923
Kenya,KEN,2012,"Life expectancy at age 60, female (years)",SP.DYN.LE60.FE.IN,17.1055
Kenya,KEN,2011,"Life expectancy at age 60, female (years)",SP.DYN.LE60.FE.IN,17.1044
Kenya,KEN,2010,"Life expectancy at age 60, female (years)",SP.DYN.LE60.FE.IN,17.0365
Kenya,KEN,2009,"Life expectancy at age 60, female (years)",SP.DYN.LE60.FE.IN,16.9476
Kenya,KEN,2008,"Life expectancy at age 60, female (years)",SP.DYN.LE60.FE.IN,16.8564
Kenya,KEN,2007,"Life expectancy at age 60, female (years)",SP.DYN.LE60.FE.IN,16.7468
Kenya,KEN,2006,"Life expectancy at age 60, female (years)",SP.DYN.LE60.FE.IN,16.662
Kenya,KEN,2005,"Life expectancy at age 60, female (years)",SP.DYN.LE60.FE.IN,16.5436
Kenya,KEN,2004,"Life expectancy at age 60, female (years)",SP.DYN.LE60.FE.IN,16.4436
Kenya,KEN,2003,"Life expectancy at age 60, female (years)",SP.DYN.LE60.FE.IN,16.3495
Kenya,KEN,2002,"Life expectancy at age 60, female (years)",SP.DYN.LE60.FE.IN,16.2686
Kenya,KEN,2001,"Life expectancy at age 60, female (years)",SP.DYN.LE60.FE.IN,16.1417
Kenya,KEN,2000,"Life expectancy at age 60, female (years)",SP.DYN.LE60.FE.IN,16.0728
Kenya,KEN,1999,"Life expectancy at age 60, female (years)",SP.DYN.LE60.FE.IN,16.0954
Kenya,KEN,1998,"Life expectancy at age 60, female (years)",SP.DYN.LE60.FE.IN,16.0584
Kenya,KEN,1997,"Life expectancy at age 60, female (years)",SP.DYN.LE60.FE.IN,16.0413
Kenya,KEN,1996,"Life expectancy at age 60, female (years)",SP.DYN.LE60.FE.IN,16.0786
Kenya,KEN,1995,"Life expectancy at age 60, female (years)",SP.DYN.LE60.FE.IN,16.2287
Kenya,KEN,1994,"Life expectancy at age 60, female (years)",SP.DYN.LE60.FE.IN,16.3426
Kenya,KEN,1993,"Life expectancy at age 60, female (years)",SP.DYN.LE60.FE.IN,16.5226
Kenya,KEN,1992,"Life expectancy at age 60, female (years)",SP.DYN.LE60.FE.IN,16.6438
Kenya,KEN,1991,"Life expectancy at age 60, female (years)",SP.DYN.LE60.FE.IN,16.7778
Kenya,KEN,1990,"Life expectancy at age 60, female (years)",SP.DYN.LE60.FE.IN,16.8558
Kenya,KEN,1989,"Life expectancy at age 60, female (years)",SP.DYN.LE60.FE.IN,17.3794
Kenya,KEN,1988,"Life expectancy at age 60, female (years)",SP.DYN.LE60.FE.IN,17.4198
Kenya,KEN,1987,"Life expectancy at age 60, female (years)",SP.DYN.LE60.FE.IN,17.4696
Kenya,KEN,1986,"Life expectancy at age 60, female (years)",SP.DYN.LE60.FE.IN,17.4484
Kenya,KEN,1985,"Life expectancy at age 60, female (years)",SP.DYN.LE60.FE.IN,17.4333
Kenya,KEN,1984,"Life expectancy at age 60, female (years)",SP.DYN.LE60.FE.IN,17.3651
Kenya,KEN,1983,"Life expectancy at age 60, female (years)",SP.DYN.LE60.FE.IN,17.3167
Kenya,KEN,1982,"Life expectancy at age 60, female (years)",SP.DYN.LE60.FE.IN,17.2708
Kenya,KEN,1981,"Life expectancy at age 60, female (years)",SP.DYN.LE60.FE.IN,17.2467
Kenya,KEN,1980,"Life expectancy at age 60, female (years)",SP.DYN.LE60.FE.IN,17.2132
Kenya,KEN,1979,"Life expectancy at age 60, female (years)",SP.DYN.LE60.FE.IN,17.1694
Kenya,KEN,1978,"Life expectancy at age 60, female (years)",SP.DYN.LE60.FE.IN,17.1315
Kenya,KEN,1977,"Life expectancy at age 60, female (years)",SP.DYN.LE60.FE.IN,17.0527
Kenya,KEN,1976,"Life expectancy at age 60, female (years)",SP.DYN.LE60.FE.IN,16.9514
Kenya,KEN,1975,"Life expectancy at age 60, female (years)",SP.DYN.LE60.FE.IN,16.8566
Kenya,KEN,1974,"Life expectancy at age 60, female (years)",SP.DYN.LE60.FE.IN,16.7492
Kenya,KEN,1973,"Life expectancy at age 60, female (years)",SP.DYN.LE60.FE.IN,16.6436
Kenya,KEN,1972,"Life expectancy at age 60, female (years)",SP.DYN.LE60.FE.IN,16.5396
Kenya,KEN,1971,"Life expectancy at age 60, female (years)",SP.DYN.LE60.FE.IN,16.42
Kenya,KEN,1970,"Life expectancy at age 60, female (years)",SP.DYN.LE60.FE.IN,16.3181
Kenya,KEN,1969,"Life expectancy at age 60, female (years)",SP.DYN.LE60.FE.IN,16.2541
Kenya,KEN,1968,"Life expectancy at age 60, female (years)",SP.DYN.LE60.FE.IN,16.1908
Kenya,KEN,1967,"Life expectancy at age 60, female (years)",SP.DYN.LE60.FE.IN,16.1317
Kenya,KEN,1966,"Life expectancy at age 60, female (years)",SP.DYN.LE60.FE.IN,16.0359
Kenya,KEN,1965,"Life expectancy at age 60, female (years)",SP.DYN.LE60.FE.IN,15.9793
Kenya,KEN,1964,"Life expectancy at age 60, female (years)",SP.DYN.LE60.FE.IN,15.9045
Kenya,KEN,1963,"Life expectancy at age 60, female (years)",SP.DYN.LE60.FE.IN,15.8334
Kenya,KEN,1962,"Life expectancy at age 60, female (years)",SP.DYN.LE60.FE.IN,15.7578
Kenya,KEN,1961,"Life expectancy at age 60, female (years)",SP.DYN.LE60.FE.IN,15.6646
Kenya,KEN,1960,"Life expectancy at age 60, female (years)",SP.DYN.LE60.FE.IN,15.5701
Kenya,KEN,2024,"Life expectancy at age 60, male (years)",SP.DYN.LE60.MA.IN,18.4587
Kenya,KEN,2023,"Life expectancy at age 60, male (years)",SP.DYN.LE60.MA.IN,15.5552
Kenya,KEN,2022,"Life expectancy at age 60, male (years)",SP.DYN.LE60.MA.IN,15.5036
Kenya,KEN,2021,"Life expectancy at age 60, male (years)",SP.DYN.LE60.MA.IN,13.3668
Kenya,KEN,2020,"Life expectancy at age 60, male (years)",SP.DYN.LE60.MA.IN,13.8973
Kenya,KEN,2019,"Life expectancy at age 60, male (years)",SP.DYN.LE60.MA.IN,15.3386
Kenya,KEN,2018,"Life expectancy at age 60, male (years)",SP.DYN.LE60.MA.IN,15.2911
Kenya,KEN,2017,"Life expectancy at age 60, male (years)",SP.DYN.LE60.MA.IN,15.245
Kenya,KEN,2016,"Life expectancy at age 60, male (years)",SP.DYN.LE60.MA.IN,15.2283
Kenya,KEN,2015,"Life expectancy at age 60, male (years)",SP.DYN.LE60.MA.IN,15.2149
Kenya,KEN,2014,"Life expectancy at age 60, male (years)",SP.DYN.LE60.MA.IN,15.1946
Kenya,KEN,2013,"Life expectancy at age 60, male (years)",SP.DYN.LE60.MA.IN,15.1849
Kenya,KEN,2012,"Life expectancy at age 60, male (years)",SP.DYN.LE60.MA.IN,15.1853
Kenya,KEN,2011,"Life expectancy at age 60, male (years)",SP.DYN.LE60.MA.IN,15.181
Kenya,KEN,2010,"Life expectancy at age 60, male (years)",SP.DYN.LE60.MA.IN,15.1814
Kenya,KEN,2009,"Life expectancy at age 60, male (years)",SP.DYN.LE60.MA.IN,15.1761
Kenya,KEN,2008,"Life expectancy at age 60, male (years)",SP.DYN.LE60.MA.IN,15.1922
Kenya,KEN,2007,"Life expectancy at age 60, male (years)",SP.DYN.LE60.MA.IN,15.0765
Kenya,KEN,2006,"Life expectancy at age 60, male (years)",SP.DYN.LE60.MA.IN,15.0386
Kenya,KEN,2005,"Life expectancy at age 60, male (years)",SP.DYN.LE60.MA.IN,15.0085
Kenya,KEN,2004,"Life expectancy at age 60, male (years)",SP.DYN.LE60.MA.IN,14.9774
Kenya,KEN,2003,"Life expectancy at age 60, male (years)",SP.DYN.LE60.MA.IN,14.9408
Kenya,KEN,2002,"Life expectancy at age 60, male (years)",SP.DYN.LE60.MA.IN,14.9338
Kenya,KEN,2001,"Life expectancy at age 60, male (years)",SP.DYN.LE60.MA.IN,14.8658
Kenya,KEN,2000,"Life expectancy at age 60, male (years)",SP.DYN.LE60.MA.IN,14.8575
Kenya,KEN,1999,"Life expectancy at age 60, male (years)",SP.DYN.LE60.MA.IN,14.877
Kenya,KEN,1998,"Life expectancy at age 60, male (years)",SP.DYN.LE60.MA.IN,14.8773
Kenya,KEN,1997,"Life expectancy at age 60, male (years)",SP.DYN.LE60.MA.IN,14.918
Kenya,KEN,1996,"Life expectancy at age 60, male (years)",SP.DYN.LE60.MA.IN,14.9702
Kenya,KEN,1995,"Life expectancy at age 60, male (years)",SP.DYN.LE60.MA.IN,14.9656
Kenya,KEN,1994,"Life expectancy at age 60, male (years)",SP.DYN.LE60.MA.IN,14.9484
Kenya,KEN,1993,"Life expectancy at age 60, male (years)",SP.DYN.LE60.MA.IN,14.9886
Kenya,KEN,1992,"Life expectancy at age 60, male (years)",SP.DYN.LE60.MA.IN,15.0109
Kenya,KEN,1991,"Life expectancy at age 60, male (years)",SP.DYN.LE60.MA.IN,15.1525
Kenya,KEN,1990,"Life expectancy at age 60, male (years)",SP.DYN.LE60.MA.IN,15.2203
Kenya,KEN,1989,"Life expectancy at age 60, male (years)",SP.DYN.LE60.MA.IN,15.5438
Kenya,KEN,1988,"Life expectancy at age 60, male (years)",SP.DYN.LE60.MA.IN,15.5696
Kenya,KEN,1987,"Life expectancy at age 60, male (years)",SP.DYN.LE60.MA.IN,15.6716
Kenya,KEN,1986,"Life expectancy at age 60, male (years)",SP.DYN.LE60.MA.IN,15.7021
Kenya,KEN,1985,"Life expectancy at age 60, male (years)",SP.DYN.LE60.MA.IN,15.7636
Kenya,KEN,1984,"Life expectancy at age 60, male (years)",SP.DYN.LE60.MA.IN,15.6765
Kenya,KEN,1983,"Life expectancy at age 60, male (years)",SP.DYN.LE60.MA.IN,15.692
Kenya,KEN,1982,"Life expectancy at age 60, male (years)",SP.DYN.LE60.MA.IN,15.6129
Kenya,KEN,1981,"Life expectancy at age 60, male (years)",SP.DYN.LE60.MA.IN,15.5205
Kenya,KEN,1980,"Life expectancy at age 60, male (years)",SP.DYN.LE60.MA.IN,15.523
Kenya,KEN,1979,"Life expectancy at age 60, male (years)",SP.DYN.LE60.MA.IN,15.4268
Kenya,KEN,1978,"Life expectancy at age 60, male (years)",SP.DYN.LE60.MA.IN,15.3879
Kenya,KEN,1977,"Life expectancy at age 60, male (years)",SP.DYN.LE60.MA.IN,15.339
Kenya,KEN,1976,"Life expectancy at age 60, male (years)",SP.DYN.LE60.MA.IN,15.3021
Kenya,KEN,1975,"Life expectancy at age 60, male (years)",SP.DYN.LE60.MA.IN,15.264
Kenya,KEN,1974,"Life expectancy at age 60, male (years)",SP.DYN.LE60.MA.IN,15.1902
Kenya,KEN,1973,"Life expectancy at age 60, male (years)",SP.DYN.LE60.MA.IN,15.1408
Kenya,KEN,1972,"Life expectancy at age 60, male (years)",SP.DYN.LE60.MA.IN,15.1096
Kenya,KEN,1971,"Life expectancy at age 60, male (years)",SP.DYN.LE60.MA.IN,15.1143
Kenya,KEN,1970,"Life expectancy at age 60, male (years)",SP.DYN.LE60.MA.IN,15.1135
Kenya,KEN,1969,"Life expectancy at age 60, male (years)",SP.DYN.LE60.MA.IN,15.0656
Kenya,KEN,1968,"Life expectancy at age 60, male (years)",SP.DYN.LE60.MA.IN,15.0016
Kenya,KEN,1967,"Life expectancy at age 60, male (years)",SP.DYN.LE60.MA.IN,14.9217
Kenya,KEN,1966,"Life expectancy at age 60, male (years)",SP.DYN.LE60.MA.IN,14.8588
Kenya,KEN,1965,"Life expectancy at age 60, male (years)",SP.DYN.LE60.MA.IN,14.7809
Kenya,KEN,1964,"Life expectancy at age 60, male (years)",SP.DYN.LE60.MA.IN,14.7107
Kenya,KEN,1963,"Life expectancy at age 60, male (years)",SP.DYN.LE60.MA.IN,14.6542
Kenya,KEN,1962,"Life expectancy at age 60, male (years)",SP.DYN.LE60.MA.IN,14.5986
Kenya,KEN,1961,"Life expectancy at age 60, male (years)",SP.DYN.LE60.MA.IN,14.5341
Kenya,KEN,1960,"Life expectancy at age 60, male (years)",SP.DYN.LE60.MA.IN,14.4643
Kenya,KEN,2014,"Age at first marriage, female",SP.DYN.SMAM.FE,21.9
Kenya,KEN,2009,"Age at first marriage, female",SP.DYN.SMAM.FE,22.5
Kenya,KEN,2003,"Age at first marriage, female",SP.DYN.SMAM.FE,21.4
Kenya,KEN,2000,"Age at first marriage, female",SP.DYN.SMAM.FE,22.1
Kenya,KEN,1999,"Age at first marriage, female",SP.DYN.SMAM.FE,22.2
Kenya,KEN,1998,"Age at first marriage, female",SP.DYN.SMAM.FE,21.7
Kenya,KEN,1993,"Age at first marriage, female",SP.DYN.SMAM.FE,21.3
Kenya,KEN,1989,"Age at first marriage, female",SP.DYN.SMAM.FE,21.7
Kenya,KEN,1984,"Age at first marriage, female",SP.DYN.SMAM.FE,18.3
Kenya,KEN,1979,"Age at first marriage, female",SP.DYN.SMAM.FE,20.3
Kenya,KEN,1978,"Age at first marriage, female",SP.DYN.SMAM.FE,20
Kenya,KEN,2015,"Rural population, female (% of total)",SP.RUR.TOTL.FE.ZS,37.5323536332328
Kenya,KEN,2010,"Rural population, female (% of total)",SP.RUR.TOTL.FE.ZS,38.4903077562395
Kenya,KEN,2005,"Rural population, female (% of total)",SP.RUR.TOTL.FE.ZS,39.3897054714134
Kenya,KEN,2000,"Rural population, female (% of total)",SP.RUR.TOTL.FE.ZS,40.3132491609397
Kenya,KEN,1995,"Rural population, female (% of total)",SP.RUR.TOTL.FE.ZS,41.1262674155664
Kenya,KEN,1990,"Rural population, female (% of total)",SP.RUR.TOTL.FE.ZS,41.8646308696208
Kenya,KEN,1985,"Rural population, female (% of total)",SP.RUR.TOTL.FE.ZS,42.1944147718602
Kenya,KEN,1980,"Rural population, female (% of total)",SP.RUR.TOTL.FE.ZS,42.4549757206958
Kenya,KEN,2015,"Rural population, male (% of total)",SP.RUR.TOTL.MA.ZS,36.8457079295814
Kenya,KEN,2010,"Rural population, male (% of total)",SP.RUR.TOTL.MA.ZS,37.9403065340145
Kenya,KEN,2005,"Rural population, male (% of total)",SP.RUR.TOTL.MA.ZS,38.9342200860672
Kenya,KEN,2000,"Rural population, male (% of total)",SP.RUR.TOTL.MA.ZS,39.7922326993767
Kenya,KEN,1995,"Rural population, male (% of total)",SP.RUR.TOTL.MA.ZS,40.6120067109198
Kenya,KEN,1990,"Rural population, male (% of total)",SP.RUR.TOTL.MA.ZS,41.3869578197637
Kenya,KEN,1985,"Rural population, male (% of total)",SP.RUR.TOTL.MA.ZS,41.7264357291826
Kenya,KEN,1980,"Rural population, male (% of total)",SP.RUR.TOTL.MA.ZS,41.9570963181511
Kenya,KEN,2015,"Urban population, female (% of total)",SP.URB.TOTL.FE.ZS,12.5863654837537
Kenya,KEN,2010,"Urban population, female (% of total)",SP.URB.TOTL.FE.ZS,11.6013591141314
Kenya,KEN,2005,"Urban population, female (% of total)",SP.URB.TOTL.FE.ZS,10.6969205834684
Kenya,KEN,2000,"Urban population, female (% of total)",SP.URB.TOTL.FE.ZS,9.85456288956369
Kenya,KEN,1995,"Urban population, female (% of total)",SP.URB.TOTL.FE.ZS,9.06703625355606
Kenya,KEN,1990,"Urban population, female (% of total)",SP.URB.TOTL.FE.ZS,8.32515886893846
Kenya,KEN,1985,"Urban population, female (% of total)",SP.URB.TOTL.FE.ZS,7.99633755531818
Kenya,KEN,1980,"Urban population, female (% of total)",SP.URB.TOTL.FE.ZS,7.75093736554183
Kenya,KEN,2015,"Urban population, male (% of total)",SP.URB.TOTL.MA.ZS,13.0355729534322
Kenya,KEN,2010,"Urban population, male (% of total)",SP.URB.TOTL.MA.ZS,11.9680265956147
Kenya,KEN,2005,"Urban population, male (% of total)",SP.URB.TOTL.MA.ZS,10.979153859051
Kenya,KEN,2000,"Urban population, male (% of total)",SP.URB.TOTL.MA.ZS,10.0399552501199
Kenya,KEN,1995,"Urban population, male (% of total)",SP.URB.TOTL.MA.ZS,9.19468961995769
Kenya,KEN,1990,"Urban population, male (% of total)",SP.URB.TOTL.MA.ZS,8.42325244167697
Kenya,KEN,1985,"Urban population, male (% of total)",SP.URB.TOTL.MA.ZS,8.08281194363905
Kenya,KEN,1980,"Urban population, male (% of total)",SP.URB.TOTL.MA.ZS,7.83699059561129
Kenya,KEN,2009,"Mortality rate, female child (per 1,000 female children age one)",SH.DYN.CHLD.FE,25
Kenya,KEN,2003,"Mortality rate, female child (per 1,000 female children age one)",SH.DYN.CHLD.FE,38.9
Kenya,KEN,1998,"Mortality rate, female child (per 1,000 female children age one)",SH.DYN.CHLD.FE,38.4
Kenya,KEN,1993,"Mortality rate, female child (per 1,000 female children age one)",SH.DYN.CHLD.FE,32.6
Kenya,KEN,1989,"Mortality rate, female child (per 1,000 female children age one)",SH.DYN.CHLD.FE,33.2
Kenya,KEN,2009,"Mortality rate, male child (per 1,000 male children age one)",SH.DYN.CHLD.MA,27
Kenya,KEN,2003,"Mortality rate, male child (per 1,000 male children age one)",SH.DYN.CHLD.MA,41.5
Kenya,KEN,1998,"Mortality rate, male child (per 1,000 male children age one)",SH.DYN.CHLD.MA,35.9
Kenya,KEN,1993,"Mortality rate, male child (per 1,000 male children age one)",SH.DYN.CHLD.MA,32.8
Kenya,KEN,1989,"Mortality rate, male child (per 1,000 male children age one)",SH.DYN.CHLD.MA,35.4
Kenya,KEN,2022,Demand for family planning satisfied by any methods (% of married women with demand for family planning),SH.FPL.SATI.ZS,81.7
Kenya,KEN,2014,Demand for family planning satisfied by any methods (% of married women with demand for family planning),SH.FPL.SATI.ZS,76.8
Kenya,KEN,2009,Demand for family planning satisfied by any methods (% of married women with demand for family planning),SH.FPL.SATI.ZS,63.9
Kenya,KEN,2003,Demand for family planning satisfied by any methods (% of married women with demand for family planning),SH.FPL.SATI.ZS,58.9
Kenya,KEN,1998,Demand for family planning satisfied by any methods (% of married women with demand for family planning),SH.FPL.SATI.ZS,58.2
Kenya,KEN,1993,Demand for family planning satisfied by any methods (% of married women with demand for family planning),SH.FPL.SATI.ZS,48.1
Kenya,KEN,2019,Number of weeks of maternity leave,SH.MMR.LEVE,90
Kenya,KEN,2017,Maternal leave benefits (% of wages paid in covered period),SH.MMR.WAGE.ZS,100
Kenya,KEN,2015,Maternal leave benefits (% of wages paid in covered period),SH.MMR.WAGE.ZS,100
Kenya,KEN,2013,Maternal leave benefits (% of wages paid in covered period),SH.MMR.WAGE.ZS,100
Kenya,KEN,2011,Maternal leave benefits (% of wages paid in covered period),SH.MMR.WAGE.ZS,100
Kenya,KEN,2009,Maternal leave benefits (% of wages paid in covered period),SH.MMR.WAGE.ZS,100
Kenya,KEN,2014,"Age at first marriage, male",SP.DYN.SMAM.MA,26.3
Kenya,KEN,2009,"Age at first marriage, male",SP.DYN.SMAM.MA,26.9
Kenya,KEN,2003,"Age at first marriage, male",SP.DYN.SMAM.MA,26.3
Kenya,KEN,2000,"Age at first marriage, male",SP.DYN.SMAM.MA,25.2
Kenya,KEN,1999,"Age at first marriage, male",SP.DYN.SMAM.MA,26.4
Kenya,KEN,1998,"Age at first marriage, male",SP.DYN.SMAM.MA,26.3
Kenya,KEN,1989,"Age at first marriage, male",SP.DYN.SMAM.MA,26.2
Kenya,KEN,1979,"Age at first marriage, male",SP.DYN.SMAM.MA,25.5
Kenya,KEN,2025,"Age population, age 00, female",SP.POP.AG00.FE.IN,740912
Kenya,KEN,2024,"Age population, age 00, female",SP.POP.AG00.FE.IN,730707
Kenya,KEN,2023,"Age population, age 00, female",SP.POP.AG00.FE.IN,721002
Kenya,KEN,2022,"Age population, age 00, female",SP.POP.AG00.FE.IN,712737
Kenya,KEN,2021,"Age population, age 00, female",SP.POP.AG00.FE.IN,704415
Kenya,KEN,2020,"Age population, age 00, female",SP.POP.AG00.FE.IN,698090
Kenya,KEN,2019,"Age population, age 00, female",SP.POP.AG00.FE.IN,698162
Kenya,KEN,2018,"Age population, age 00, female",SP.POP.AG00.FE.IN,700453
Kenya,KEN,2017,"Age population, age 00, female",SP.POP.AG00.FE.IN,700350
Kenya,KEN,2016,"Age population, age 00, female",SP.POP.AG00.FE.IN,699423
Kenya,KEN,2015,"Age population, age 00, female",SP.POP.AG00.FE.IN,698151
Kenya,KEN,2014,"Age population, age 00, female",SP.POP.AG00.FE.IN,699075
Kenya,KEN,2013,"Age population, age 00, female",SP.POP.AG00.FE.IN,705156
Kenya,KEN,2012,"Age population, age 00, female",SP.POP.AG00.FE.IN,714068
Kenya,KEN,2011,"Age population, age 00, female",SP.POP.AG00.FE.IN,721366
Kenya,KEN,2010,"Age population, age 00, female",SP.POP.AG00.FE.IN,722808
Kenya,KEN,2009,"Age population, age 00, female",SP.POP.AG00.FE.IN,716757
Kenya,KEN,2008,"Age population, age 00, female",SP.POP.AG00.FE.IN,705252
Kenya,KEN,2007,"Age population, age 00, female",SP.POP.AG00.FE.IN,689251
Kenya,KEN,2006,"Age population, age 00, female",SP.POP.AG00.FE.IN,671947
Kenya,KEN,2005,"Age population, age 00, female",SP.POP.AG00.FE.IN,655949
Kenya,KEN,2004,"Age population, age 00, female",SP.POP.AG00.FE.IN,640739
Kenya,KEN,2003,"Age population, age 00, female",SP.POP.AG00.FE.IN,626788
Kenya,KEN,2002,"Age population, age 00, female",SP.POP.AG00.FE.IN,612370
Kenya,KEN,2001,"Age population, age 00, female",SP.POP.AG00.FE.IN,594942
Kenya,KEN,2000,"Age population, age 00, female",SP.POP.AG00.FE.IN,577092
Kenya,KEN,1999,"Age population, age 00, female",SP.POP.AG00.FE.IN,562169
Kenya,KEN,1998,"Age population, age 00, female",SP.POP.AG00.FE.IN,547365
Kenya,KEN,1997,"Age population, age 00, female",SP.POP.AG00.FE.IN,532319
Kenya,KEN,1996,"Age population, age 00, female",SP.POP.AG00.FE.IN,519542
Kenya,KEN,1995,"Age population, age 00, female",SP.POP.AG00.FE.IN,506657
Kenya,KEN,1994,"Age population, age 00, female",SP.POP.AG00.FE.IN,495866
Kenya,KEN,1993,"Age population, age 00, female",SP.POP.AG00.FE.IN,488790
Kenya,KEN,1992,"Age population, age 00, female",SP.POP.AG00.FE.IN,483834
Kenya,KEN,1991,"Age population, age 00, female",SP.POP.AG00.FE.IN,479533
Kenya,KEN,1990,"Age population, age 00, female",SP.POP.AG00.FE.IN,474116
Kenya,KEN,1989,"Age population, age 00, female",SP.POP.AG00.FE.IN,466766
Kenya,KEN,1988,"Age population, age 00, female",SP.POP.AG00.FE.IN,457684
Kenya,KEN,1987,"Age population, age 00, female",SP.POP.AG00.FE.IN,446858
Kenya,KEN,1986,"Age population, age 00, female",SP.POP.AG00.FE.IN,433949
Kenya,KEN,1985,"Age population, age 00, female",SP.POP.AG00.FE.IN,420817
Kenya,KEN,1984,"Age population, age 00, female",SP.POP.AG00.FE.IN,407595
Kenya,KEN,1983,"Age population, age 00, female",SP.POP.AG00.FE.IN,395128
Kenya,KEN,1982,"Age population, age 00, female",SP.POP.AG00.FE.IN,383905
Kenya,KEN,1981,"Age population, age 00, female",SP.POP.AG00.FE.IN,371715
Kenya,KEN,1980,"Age population, age 00, female",SP.POP.AG00.FE.IN,359666
Kenya,KEN,1979,"Age population, age 00, female",SP.POP.AG00.FE.IN,348939
Kenya,KEN,1978,"Age population, age 00, female",SP.POP.AG00.FE.IN,338514
Kenya,KEN,1977,"Age population, age 00, female",SP.POP.AG00.FE.IN,328976
Kenya,KEN,1976,"Age population, age 00, female",SP.POP.AG00.FE.IN,319931
Kenya,KEN,1975,"Age population, age 00, female",SP.POP.AG00.FE.IN,311087
Kenya,KEN,1974,"Age population, age 00, female",SP.POP.AG00.FE.IN,303331
Kenya,KEN,1973,"Age population, age 00, female",SP.POP.AG00.FE.IN,296499
Kenya,KEN,1972,"Age population, age 00, female",SP.POP.AG00.FE.IN,289971
Kenya,KEN,1971,"Age population, age 00, female",SP.POP.AG00.FE.IN,282448
Kenya,KEN,1970,"Age population, age 00, female",SP.POP.AG00.FE.IN,274140
Kenya,KEN,1969,"Age population, age 00, female",SP.POP.AG00.FE.IN,265929
Kenya,KEN,1968,"Age population, age 00, female",SP.POP.AG00.FE.IN,257805
Kenya,KEN,1967,"Age population, age 00, female",SP.POP.AG00.FE.IN,250083
Kenya,KEN,1966,"Age population, age 00, female",SP.POP.AG00.FE.IN,242009
Kenya,KEN,1965,"Age population, age 00, female",SP.POP.AG00.FE.IN,233342
Kenya,KEN,1964,"Age population, age 00, female",SP.POP.AG00.FE.IN,224736
Kenya,KEN,1963,"Age population, age 00, female",SP.POP.AG00.FE.IN,216297
Kenya,KEN,1962,"Age population, age 00, female",SP.POP.AG00.FE.IN,207895
Kenya,KEN,1961,"Age population, age 00, female",SP.POP.AG00.FE.IN,199397
Kenya,KEN,1960,"Age population, age 00, female",SP.POP.AG00.FE.IN,191699
Kenya,KEN,2025,"Age population, age 00, male",SP.POP.AG00.MA.IN,751960
Kenya,KEN,2024,"Age population, age 00, male",SP.POP.AG00.MA.IN,741726
Kenya,KEN,2023,"Age population, age 00, male",SP.POP.AG00.MA.IN,731998
Kenya,KEN,2022,"Age population, age 00, male",SP.POP.AG00.MA.IN,723442
Kenya,KEN,2021,"Age population, age 00, male",SP.POP.AG00.MA.IN,715019
Kenya,KEN,2020,"Age population, age 00, male",SP.POP.AG00.MA.IN,708879
Kenya,KEN,2019,"Age population, age 00, male",SP.POP.AG00.MA.IN,709006
Kenya,KEN,2018,"Age population, age 00, male",SP.POP.AG00.MA.IN,711274
Kenya,KEN,2017,"Age population, age 00, male",SP.POP.AG00.MA.IN,711095
Kenya,KEN,2016,"Age population, age 00, male",SP.POP.AG00.MA.IN,710099
Kenya,KEN,2015,"Age population, age 00, male",SP.POP.AG00.MA.IN,708807
Kenya,KEN,2014,"Age population, age 00, male",SP.POP.AG00.MA.IN,709763
Kenya,KEN,2013,"Age population, age 00, male",SP.POP.AG00.MA.IN,715925
Kenya,KEN,2012,"Age population, age 00, male",SP.POP.AG00.MA.IN,724956
Kenya,KEN,2011,"Age population, age 00, male",SP.POP.AG00.MA.IN,732031
Kenya,KEN,2010,"Age population, age 00, male",SP.POP.AG00.MA.IN,732934
Kenya,KEN,2009,"Age population, age 00, male",SP.POP.AG00.MA.IN,726263
Kenya,KEN,2008,"Age population, age 00, male",SP.POP.AG00.MA.IN,713886
Kenya,KEN,2007,"Age population, age 00, male",SP.POP.AG00.MA.IN,697060
Kenya,KEN,2006,"Age population, age 00, male",SP.POP.AG00.MA.IN,679349
Kenya,KEN,2005,"Age population, age 00, male",SP.POP.AG00.MA.IN,662865
Kenya,KEN,2004,"Age population, age 00, male",SP.POP.AG00.MA.IN,647032
Kenya,KEN,2003,"Age population, age 00, male",SP.POP.AG00.MA.IN,632803
Kenya,KEN,2002,"Age population, age 00, male",SP.POP.AG00.MA.IN,618218
Kenya,KEN,2001,"Age population, age 00, male",SP.POP.AG00.MA.IN,600408
Kenya,KEN,2000,"Age population, age 00, male",SP.POP.AG00.MA.IN,582086
Kenya,KEN,1999,"Age population, age 00, male",SP.POP.AG00.MA.IN,566780
Kenya,KEN,1998,"Age population, age 00, male",SP.POP.AG00.MA.IN,551696
Kenya,KEN,1997,"Age population, age 00, male",SP.POP.AG00.MA.IN,536437
Kenya,KEN,1996,"Age population, age 00, male",SP.POP.AG00.MA.IN,523646
Kenya,KEN,1995,"Age population, age 00, male",SP.POP.AG00.MA.IN,510831
Kenya,KEN,1994,"Age population, age 00, male",SP.POP.AG00.MA.IN,500012
Kenya,KEN,1993,"Age population, age 00, male",SP.POP.AG00.MA.IN,492784
Kenya,KEN,1992,"Age population, age 00, male",SP.POP.AG00.MA.IN,487592
Kenya,KEN,1991,"Age population, age 00, male",SP.POP.AG00.MA.IN,483012
Kenya,KEN,1990,"Age population, age 00, male",SP.POP.AG00.MA.IN,477250
Kenya,KEN,1989,"Age population, age 00, male",SP.POP.AG00.MA.IN,469701
Kenya,KEN,1988,"Age population, age 00, male",SP.POP.AG00.MA.IN,460588
Kenya,KEN,1987,"Age population, age 00, male",SP.POP.AG00.MA.IN,449714
Kenya,KEN,1986,"Age population, age 00, male",SP.POP.AG00.MA.IN,436648
Kenya,KEN,1985,"Age population, age 00, male",SP.POP.AG00.MA.IN,423414
Kenya,KEN,1984,"Age population, age 00, male",SP.POP.AG00.MA.IN,410306
Kenya,KEN,1983,"Age population, age 00, male",SP.POP.AG00.MA.IN,397988
Kenya,KEN,1982,"Age population, age 00, male",SP.POP.AG00.MA.IN,386834
Kenya,KEN,1981,"Age population, age 00, male",SP.POP.AG00.MA.IN,374603
Kenya,KEN,1980,"Age population, age 00, male",SP.POP.AG00.MA.IN,362528
Kenya,KEN,1979,"Age population, age 00, male",SP.POP.AG00.MA.IN,351828
Kenya,KEN,1978,"Age population, age 00, male",SP.POP.AG00.MA.IN,341420
Kenya,KEN,1977,"Age population, age 00, male",SP.POP.AG00.MA.IN,331935
Kenya,KEN,1976,"Age population, age 00, male",SP.POP.AG00.MA.IN,322841
Kenya,KEN,1975,"Age population, age 00, male",SP.POP.AG00.MA.IN,313900
Kenya,KEN,1974,"Age population, age 00, male",SP.POP.AG00.MA.IN,306148
Kenya,KEN,1973,"Age population, age 00, male",SP.POP.AG00.MA.IN,299386
Kenya,KEN,1972,"Age population, age 00, male",SP.POP.AG00.MA.IN,292815
Kenya,KEN,1971,"Age population, age 00, male",SP.POP.AG00.MA.IN,285151
Kenya,KEN,1970,"Age population, age 00, male",SP.POP.AG00.MA.IN,276707
Kenya,KEN,1969,"Age population, age 00, male",SP.POP.AG00.MA.IN,268351
Kenya,KEN,1968,"Age population, age 00, male",SP.POP.AG00.MA.IN,260096
Kenya,KEN,1967,"Age population, age 00, male",SP.POP.AG00.MA.IN,252262
Kenya,KEN,1966,"Age population, age 00, male",SP.POP.AG00.MA.IN,244062
Kenya,KEN,1965,"Age population, age 00, male",SP.POP.AG00.MA.IN,235227
Kenya,KEN,1964,"Age population, age 00, male",SP.POP.AG00.MA.IN,226435
Kenya,KEN,1963,"Age population, age 00, male",SP.POP.AG00.MA.IN,217841
Kenya,KEN,1962,"Age population, age 00, male",SP.POP.AG00.MA.IN,209331
Kenya,KEN,1961,"Age population, age 00, male",SP.POP.AG00.MA.IN,200713
Kenya,KEN,1960,"Age population, age 00, male",SP.POP.AG00.MA.IN,192900
Kenya,KEN,2025,"Age population, age 01, female",SP.POP.AG01.FE.IN,725839
Kenya,KEN,2024,"Age population, age 01, female",SP.POP.AG01.FE.IN,716038
Kenya,KEN,2023,"Age population, age 01, female",SP.POP.AG01.FE.IN,707643
Kenya,KEN,2022,"Age population, age 01, female",SP.POP.AG01.FE.IN,698513
Kenya,KEN,2021,"Age population, age 01, female",SP.POP.AG01.FE.IN,691859
Kenya,KEN,2020,"Age population, age 01, female",SP.POP.AG01.FE.IN,691799
Kenya,KEN,2019,"Age population, age 01, female",SP.POP.AG01.FE.IN,692650
Kenya,KEN,2018,"Age population, age 01, female",SP.POP.AG01.FE.IN,692308
Kenya,KEN,2017,"Age population, age 01, female",SP.POP.AG01.FE.IN,692480
Kenya,KEN,2016,"Age population, age 01, female",SP.POP.AG01.FE.IN,690648
Kenya,KEN,2015,"Age population, age 01, female",SP.POP.AG01.FE.IN,690763
Kenya,KEN,2014,"Age population, age 01, female",SP.POP.AG01.FE.IN,697138
Kenya,KEN,2013,"Age population, age 01, female",SP.POP.AG01.FE.IN,706175
Kenya,KEN,2012,"Age population, age 01, female",SP.POP.AG01.FE.IN,713325
Kenya,KEN,2011,"Age population, age 01, female",SP.POP.AG01.FE.IN,714707
Kenya,KEN,2010,"Age population, age 01, female",SP.POP.AG01.FE.IN,708967
Kenya,KEN,2009,"Age population, age 01, female",SP.POP.AG01.FE.IN,697453
Kenya,KEN,2008,"Age population, age 01, female",SP.POP.AG01.FE.IN,680912
Kenya,KEN,2007,"Age population, age 01, female",SP.POP.AG01.FE.IN,663009
Kenya,KEN,2006,"Age population, age 01, female",SP.POP.AG01.FE.IN,646426
Kenya,KEN,2005,"Age population, age 01, female",SP.POP.AG01.FE.IN,630552
Kenya,KEN,2004,"Age population, age 01, female",SP.POP.AG01.FE.IN,615871
Kenya,KEN,2003,"Age population, age 01, female",SP.POP.AG01.FE.IN,600581
Kenya,KEN,2002,"Age population, age 01, female",SP.POP.AG01.FE.IN,582561
Kenya,KEN,2001,"Age population, age 01, female",SP.POP.AG01.FE.IN,564080
Kenya,KEN,2000,"Age population, age 01, female",SP.POP.AG01.FE.IN,548327
Kenya,KEN,1999,"Age population, age 01, female",SP.POP.AG01.FE.IN,532787
Kenya,KEN,1998,"Age population, age 01, female",SP.POP.AG01.FE.IN,517231
Kenya,KEN,1997,"Age population, age 01, female",SP.POP.AG01.FE.IN,504309
Kenya,KEN,1996,"Age population, age 01, female",SP.POP.AG01.FE.IN,491512
Kenya,KEN,1995,"Age population, age 01, female",SP.POP.AG01.FE.IN,481045
Kenya,KEN,1994,"Age population, age 01, female",SP.POP.AG01.FE.IN,474272
Kenya,KEN,1993,"Age population, age 01, female",SP.POP.AG01.FE.IN,469650
Kenya,KEN,1992,"Age population, age 01, female",SP.POP.AG01.FE.IN,465795
Kenya,KEN,1991,"Age population, age 01, female",SP.POP.AG01.FE.IN,461006
Kenya,KEN,1990,"Age population, age 01, female",SP.POP.AG01.FE.IN,454329
Kenya,KEN,1989,"Age population, age 01, female",SP.POP.AG01.FE.IN,445718
Kenya,KEN,1988,"Age population, age 01, female",SP.POP.AG01.FE.IN,435291
Kenya,KEN,1987,"Age population, age 01, female",SP.POP.AG01.FE.IN,422710
Kenya,KEN,1986,"Age population, age 01, female",SP.POP.AG01.FE.IN,409900
Kenya,KEN,1985,"Age population, age 01, female",SP.POP.AG01.FE.IN,396912
Kenya,KEN,1984,"Age population, age 01, female",SP.POP.AG01.FE.IN,384531
Kenya,KEN,1983,"Age population, age 01, female",SP.POP.AG01.FE.IN,373195
Kenya,KEN,1982,"Age population, age 01, female",SP.POP.AG01.FE.IN,360797
Kenya,KEN,1981,"Age population, age 01, female",SP.POP.AG01.FE.IN,348638
Kenya,KEN,1980,"Age population, age 01, female",SP.POP.AG01.FE.IN,337798
Kenya,KEN,1979,"Age population, age 01, female",SP.POP.AG01.FE.IN,327241
Kenya,KEN,1978,"Age population, age 01, female",SP.POP.AG01.FE.IN,317605
Kenya,KEN,1977,"Age population, age 01, female",SP.POP.AG01.FE.IN,308364
Kenya,KEN,1976,"Age population, age 01, female",SP.POP.AG01.FE.IN,299399
Kenya,KEN,1975,"Age population, age 01, female",SP.POP.AG01.FE.IN,291648
Kenya,KEN,1974,"Age population, age 01, female",SP.POP.AG01.FE.IN,284780
Kenya,KEN,1973,"Age population, age 01, female",SP.POP.AG01.FE.IN,278216
Kenya,KEN,1972,"Age population, age 01, female",SP.POP.AG01.FE.IN,270688
Kenya,KEN,1971,"Age population, age 01, female",SP.POP.AG01.FE.IN,262548
Kenya,KEN,1970,"Age population, age 01, female",SP.POP.AG01.FE.IN,254582
Kenya,KEN,1969,"Age population, age 01, female",SP.POP.AG01.FE.IN,246605
Kenya,KEN,1968,"Age population, age 01, female",SP.POP.AG01.FE.IN,238992
Kenya,KEN,1967,"Age population, age 01, female",SP.POP.AG01.FE.IN,231036
Kenya,KEN,1966,"Age population, age 01, female",SP.POP.AG01.FE.IN,222528
Kenya,KEN,1965,"Age population, age 01, female",SP.POP.AG01.FE.IN,214061
Kenya,KEN,1964,"Age population, age 01, female",SP.POP.AG01.FE.IN,205710
Kenya,KEN,1963,"Age population, age 01, female",SP.POP.AG01.FE.IN,197382
Kenya,KEN,1962,"Age population, age 01, female",SP.POP.AG01.FE.IN,188936
Kenya,KEN,1961,"Age population, age 01, female",SP.POP.AG01.FE.IN,181210
Kenya,KEN,1960,"Age population, age 01, female",SP.POP.AG01.FE.IN,174286
Kenya,KEN,2025,"Age population, age 01, male",SP.POP.AG01.MA.IN,736424
Kenya,KEN,2024,"Age population, age 01, male",SP.POP.AG01.MA.IN,726650
Kenya,KEN,2023,"Age population, age 01, male",SP.POP.AG01.MA.IN,717995
Kenya,KEN,2022,"Age population, age 01, male",SP.POP.AG01.MA.IN,708484
Kenya,KEN,2021,"Age population, age 01, male",SP.POP.AG01.MA.IN,701925
Kenya,KEN,2020,"Age population, age 01, male",SP.POP.AG01.MA.IN,702100
Kenya,KEN,2019,"Age population, age 01, male",SP.POP.AG01.MA.IN,702820
Kenya,KEN,2018,"Age population, age 01, male",SP.POP.AG01.MA.IN,702384
Kenya,KEN,2017,"Age population, age 01, male",SP.POP.AG01.MA.IN,702618
Kenya,KEN,2016,"Age population, age 01, male",SP.POP.AG01.MA.IN,700673
Kenya,KEN,2015,"Age population, age 01, male",SP.POP.AG01.MA.IN,700688
Kenya,KEN,2014,"Age population, age 01, male",SP.POP.AG01.MA.IN,707158
Kenya,KEN,2013,"Age population, age 01, male",SP.POP.AG01.MA.IN,716300
Kenya,KEN,2012,"Age population, age 01, male",SP.POP.AG01.MA.IN,723193
Kenya,KEN,2011,"Age population, age 01, male",SP.POP.AG01.MA.IN,724025
Kenya,KEN,2010,"Age population, age 01, male",SP.POP.AG01.MA.IN,717647
Kenya,KEN,2009,"Age population, age 01, male",SP.POP.AG01.MA.IN,705232
Kenya,KEN,2008,"Age population, age 01, male",SP.POP.AG01.MA.IN,687823
Kenya,KEN,2007,"Age population, age 01, male",SP.POP.AG01.MA.IN,669438
Kenya,KEN,2006,"Age population, age 01, male",SP.POP.AG01.MA.IN,652278
Kenya,KEN,2005,"Age population, age 01, male",SP.POP.AG01.MA.IN,635669
Kenya,KEN,2004,"Age population, age 01, male",SP.POP.AG01.MA.IN,620590
Kenya,KEN,2003,"Age population, age 01, male",SP.POP.AG01.MA.IN,605035
Kenya,KEN,2002,"Age population, age 01, male",SP.POP.AG01.MA.IN,586508
Kenya,KEN,2001,"Age population, age 01, male",SP.POP.AG01.MA.IN,567434
Kenya,KEN,2000,"Age population, age 01, male",SP.POP.AG01.MA.IN,551224
Kenya,KEN,1999,"Age population, age 01, male",SP.POP.AG01.MA.IN,535348
Kenya,KEN,1998,"Age population, age 01, male",SP.POP.AG01.MA.IN,519549
Kenya,KEN,1997,"Age population, age 01, male",SP.POP.AG01.MA.IN,506606
Kenya,KEN,1996,"Age population, age 01, male",SP.POP.AG01.MA.IN,493906
Kenya,KEN,1995,"Age population, age 01, male",SP.POP.AG01.MA.IN,483466
Kenya,KEN,1994,"Age population, age 01, male",SP.POP.AG01.MA.IN,476615
Kenya,KEN,1993,"Age population, age 01, male",SP.POP.AG01.MA.IN,471849
Kenya,KEN,1992,"Age population, age 01, male",SP.POP.AG01.MA.IN,467819
Kenya,KEN,1991,"Age population, age 01, male",SP.POP.AG01.MA.IN,462800
Kenya,KEN,1990,"Age population, age 01, male",SP.POP.AG01.MA.IN,456032
Kenya,KEN,1989,"Age population, age 01, male",SP.POP.AG01.MA.IN,447478
Kenya,KEN,1988,"Age population, age 01, male",SP.POP.AG01.MA.IN,437082
Kenya,KEN,1987,"Age population, age 01, male",SP.POP.AG01.MA.IN,424419
Kenya,KEN,1986,"Age population, age 01, male",SP.POP.AG01.MA.IN,411563
Kenya,KEN,1985,"Age population, age 01, male",SP.POP.AG01.MA.IN,398718
Kenya,KEN,1984,"Age population, age 01, male",SP.POP.AG01.MA.IN,386494
Kenya,KEN,1983,"Age population, age 01, male",SP.POP.AG01.MA.IN,375222
Kenya,KEN,1982,"Age population, age 01, male",SP.POP.AG01.MA.IN,362774
Kenya,KEN,1981,"Age population, age 01, male",SP.POP.AG01.MA.IN,350541
Kenya,KEN,1980,"Age population, age 01, male",SP.POP.AG01.MA.IN,339614
Kenya,KEN,1979,"Age population, age 01, male",SP.POP.AG01.MA.IN,329001
Kenya,KEN,1978,"Age population, age 01, male",SP.POP.AG01.MA.IN,319412
Kenya,KEN,1977,"Age population, age 01, male",SP.POP.AG01.MA.IN,310119
Kenya,KEN,1976,"Age population, age 01, male",SP.POP.AG01.MA.IN,301055
Kenya,KEN,1975,"Age population, age 01, male",SP.POP.AG01.MA.IN,293300
Kenya,KEN,1974,"Age population, age 01, male",SP.POP.AG01.MA.IN,286499
Kenya,KEN,1973,"Age population, age 01, male",SP.POP.AG01.MA.IN,279897
Kenya,KEN,1972,"Age population, age 01, male",SP.POP.AG01.MA.IN,272241
Kenya,KEN,1971,"Age population, age 01, male",SP.POP.AG01.MA.IN,263985
Kenya,KEN,1970,"Age population, age 01, male",SP.POP.AG01.MA.IN,255896
Kenya,KEN,1969,"Age population, age 01, male",SP.POP.AG01.MA.IN,247811
Kenya,KEN,1968,"Age population, age 01, male",SP.POP.AG01.MA.IN,240113
Kenya,KEN,1967,"Age population, age 01, male",SP.POP.AG01.MA.IN,232054
Kenya,KEN,1966,"Age population, age 01, male",SP.POP.AG01.MA.IN,223403
Kenya,KEN,1965,"Age population, age 01, male",SP.POP.AG01.MA.IN,214782
Kenya,KEN,1964,"Age population, age 01, male",SP.POP.AG01.MA.IN,206300
Kenya,KEN,1963,"Age population, age 01, male",SP.POP.AG01.MA.IN,197882
Kenya,KEN,1962,"Age population, age 01, male",SP.POP.AG01.MA.IN,189329
Kenya,KEN,1961,"Age population, age 01, male",SP.POP.AG01.MA.IN,181497
Kenya,KEN,1960,"Age population, age 01, male",SP.POP.AG01.MA.IN,174490
Kenya,KEN,2025,"Age population, age 02, female",SP.POP.AG02.FE.IN,712907
Kenya,KEN,2024,"Age population, age 02, female",SP.POP.AG02.FE.IN,704492
Kenya,KEN,2023,"Age population, age 02, female",SP.POP.AG02.FE.IN,695330
Kenya,KEN,2022,"Age population, age 02, female",SP.POP.AG02.FE.IN,687852
Kenya,KEN,2021,"Age population, age 02, female",SP.POP.AG02.FE.IN,687316
Kenya,KEN,2020,"Age population, age 02, female",SP.POP.AG02.FE.IN,688384
Kenya,KEN,2019,"Age population, age 02, female",SP.POP.AG02.FE.IN,687281
Kenya,KEN,2018,"Age population, age 02, female",SP.POP.AG02.FE.IN,687347
Kenya,KEN,2017,"Age population, age 02, female",SP.POP.AG02.FE.IN,686444
Kenya,KEN,2016,"Age population, age 02, female",SP.POP.AG02.FE.IN,686215
Kenya,KEN,2015,"Age population, age 02, female",SP.POP.AG02.FE.IN,692043
Kenya,KEN,2014,"Age population, age 02, female",SP.POP.AG02.FE.IN,701389
Kenya,KEN,2013,"Age population, age 02, female",SP.POP.AG02.FE.IN,708757
Kenya,KEN,2012,"Age population, age 02, female",SP.POP.AG02.FE.IN,710166
Kenya,KEN,2011,"Age population, age 02, female",SP.POP.AG02.FE.IN,704518
Kenya,KEN,2010,"Age population, age 02, female",SP.POP.AG02.FE.IN,693398
Kenya,KEN,2009,"Age population, age 02, female",SP.POP.AG02.FE.IN,677032
Kenya,KEN,2008,"Age population, age 02, female",SP.POP.AG02.FE.IN,658896
Kenya,KEN,2007,"Age population, age 02, female",SP.POP.AG02.FE.IN,642058
Kenya,KEN,2006,"Age population, age 02, female",SP.POP.AG02.FE.IN,625989
Kenya,KEN,2005,"Age population, age 02, female",SP.POP.AG02.FE.IN,611080
Kenya,KEN,2004,"Age population, age 02, female",SP.POP.AG02.FE.IN,595542
Kenya,KEN,2003,"Age population, age 02, female",SP.POP.AG02.FE.IN,577179
Kenya,KEN,2002,"Age population, age 02, female",SP.POP.AG02.FE.IN,558554
Kenya,KEN,2001,"Age population, age 02, female",SP.POP.AG02.FE.IN,542554
Kenya,KEN,2000,"Age population, age 02, female",SP.POP.AG02.FE.IN,526598
Kenya,KEN,1999,"Age population, age 02, female",SP.POP.AG02.FE.IN,510652
Kenya,KEN,1998,"Age population, age 02, female",SP.POP.AG02.FE.IN,497420
Kenya,KEN,1997,"Age population, age 02, female",SP.POP.AG02.FE.IN,484582
Kenya,KEN,1996,"Age population, age 02, female",SP.POP.AG02.FE.IN,474153
Kenya,KEN,1995,"Age population, age 02, female",SP.POP.AG02.FE.IN,467539
Kenya,KEN,1994,"Age population, age 02, female",SP.POP.AG02.FE.IN,463043
Kenya,KEN,1993,"Age population, age 02, female",SP.POP.AG02.FE.IN,459314
Kenya,KEN,1992,"Age population, age 02, female",SP.POP.AG02.FE.IN,454726
Kenya,KEN,1991,"Age population, age 02, female",SP.POP.AG02.FE.IN,448381
Kenya,KEN,1990,"Age population, age 02, female",SP.POP.AG02.FE.IN,440127
Kenya,KEN,1989,"Age population, age 02, female",SP.POP.AG02.FE.IN,429896
Kenya,KEN,1988,"Age population, age 02, female",SP.POP.AG02.FE.IN,417480
Kenya,KEN,1987,"Age population, age 02, female",SP.POP.AG02.FE.IN,404788
Kenya,KEN,1986,"Age population, age 02, female",SP.POP.AG02.FE.IN,391969
Kenya,KEN,1985,"Age population, age 02, female",SP.POP.AG02.FE.IN,379724
Kenya,KEN,1984,"Age population, age 02, female",SP.POP.AG02.FE.IN,368448
Kenya,KEN,1983,"Age population, age 02, female",SP.POP.AG02.FE.IN,356023
Kenya,KEN,1982,"Age population, age 02, female",SP.POP.AG02.FE.IN,343757
Kenya,KEN,1981,"Age population, age 02, female",SP.POP.AG02.FE.IN,332871
Kenya,KEN,1980,"Age population, age 02, female",SP.POP.AG02.FE.IN,322228
Kenya,KEN,1979,"Age population, age 02, female",SP.POP.AG02.FE.IN,312435
Kenya,KEN,1978,"Age population, age 02, female",SP.POP.AG02.FE.IN,303079
Kenya,KEN,1977,"Age population, age 02, female",SP.POP.AG02.FE.IN,293915
Kenya,KEN,1976,"Age population, age 02, female",SP.POP.AG02.FE.IN,286005
Kenya,KEN,1975,"Age population, age 02, female",SP.POP.AG02.FE.IN,279097
Kenya,KEN,1974,"Age population, age 02, female",SP.POP.AG02.FE.IN,272468
Kenya,KEN,1973,"Age population, age 02, female",SP.POP.AG02.FE.IN,264896
Kenya,KEN,1972,"Age population, age 02, female",SP.POP.AG02.FE.IN,256712
Kenya,KEN,1971,"Age population, age 02, female",SP.POP.AG02.FE.IN,248812
Kenya,KEN,1970,"Age population, age 02, female",SP.POP.AG02.FE.IN,240964
Kenya,KEN,1969,"Age population, age 02, female",SP.POP.AG02.FE.IN,233388
Kenya,KEN,1968,"Age population, age 02, female",SP.POP.AG02.FE.IN,225453
Kenya,KEN,1967,"Age population, age 02, female",SP.POP.AG02.FE.IN,216975
Kenya,KEN,1966,"Age population, age 02, female",SP.POP.AG02.FE.IN,208550
Kenya,KEN,1965,"Age population, age 02, female",SP.POP.AG02.FE.IN,200219
Kenya,KEN,1964,"Age population, age 02, female",SP.POP.AG02.FE.IN,191873
Kenya,KEN,1963,"Age population, age 02, female",SP.POP.AG02.FE.IN,183402
Kenya,KEN,1962,"Age population, age 02, female",SP.POP.AG02.FE.IN,175604
Kenya,KEN,1961,"Age population, age 02, female",SP.POP.AG02.FE.IN,168547
Kenya,KEN,1960,"Age population, age 02, female",SP.POP.AG02.FE.IN,161207
Kenya,KEN,2025,"Age population, age 02, male",SP.POP.AG02.MA.IN,723661
Kenya,KEN,2024,"Age population, age 02, male",SP.POP.AG02.MA.IN,715041
Kenya,KEN,2023,"Age population, age 02, male",SP.POP.AG02.MA.IN,705539
Kenya,KEN,2022,"Age population, age 02, male",SP.POP.AG02.MA.IN,697862
Kenya,KEN,2021,"Age population, age 02, male",SP.POP.AG02.MA.IN,697379
Kenya,KEN,2020,"Age population, age 02, male",SP.POP.AG02.MA.IN,698585
Kenya,KEN,2019,"Age population, age 02, male",SP.POP.AG02.MA.IN,697509
Kenya,KEN,2018,"Age population, age 02, male",SP.POP.AG02.MA.IN,697636
Kenya,KEN,2017,"Age population, age 02, male",SP.POP.AG02.MA.IN,696654
Kenya,KEN,2016,"Age population, age 02, male",SP.POP.AG02.MA.IN,696231
Kenya,KEN,2015,"Age population, age 02, male",SP.POP.AG02.MA.IN,702038
Kenya,KEN,2014,"Age population, age 02, male",SP.POP.AG02.MA.IN,711449
Kenya,KEN,2013,"Age population, age 02, male",SP.POP.AG02.MA.IN,718499
Kenya,KEN,2012,"Age population, age 02, male",SP.POP.AG02.MA.IN,719303
Kenya,KEN,2011,"Age population, age 02, male",SP.POP.AG02.MA.IN,712983
Kenya,KEN,2010,"Age population, age 02, male",SP.POP.AG02.MA.IN,700889
Kenya,KEN,2009,"Age population, age 02, male",SP.POP.AG02.MA.IN,683626
Kenya,KEN,2008,"Age population, age 02, male",SP.POP.AG02.MA.IN,665014
Kenya,KEN,2007,"Age population, age 02, male",SP.POP.AG02.MA.IN,647585
Kenya,KEN,2006,"Age population, age 02, male",SP.POP.AG02.MA.IN,630764
Kenya,KEN,2005,"Age population, age 02, male",SP.POP.AG02.MA.IN,615416
Kenya,KEN,2004,"Age population, age 02, male",SP.POP.AG02.MA.IN,599583
Kenya,KEN,2003,"Age population, age 02, male",SP.POP.AG02.MA.IN,580721
Kenya,KEN,2002,"Age population, age 02, male",SP.POP.AG02.MA.IN,561454
Kenya,KEN,2001,"Age population, age 02, male",SP.POP.AG02.MA.IN,544933
Kenya,KEN,2000,"Age population, age 02, male",SP.POP.AG02.MA.IN,528627
Kenya,KEN,1999,"Age population, age 02, male",SP.POP.AG02.MA.IN,512421
Kenya,KEN,1998,"Age population, age 02, male",SP.POP.AG02.MA.IN,499155
Kenya,KEN,1997,"Age population, age 02, male",SP.POP.AG02.MA.IN,486411
Kenya,KEN,1996,"Age population, age 02, male",SP.POP.AG02.MA.IN,476015
Kenya,KEN,1995,"Age population, age 02, male",SP.POP.AG02.MA.IN,469336
Kenya,KEN,1994,"Age population, age 02, male",SP.POP.AG02.MA.IN,464720
Kenya,KEN,1993,"Age population, age 02, male",SP.POP.AG02.MA.IN,460845
Kenya,KEN,1992,"Age population, age 02, male",SP.POP.AG02.MA.IN,456061
Kenya,KEN,1991,"Age population, age 02, male",SP.POP.AG02.MA.IN,449661
Kenya,KEN,1990,"Age population, age 02, male",SP.POP.AG02.MA.IN,441497
Kenya,KEN,1989,"Age population, age 02, male",SP.POP.AG02.MA.IN,431318
Kenya,KEN,1988,"Age population, age 02, male",SP.POP.AG02.MA.IN,418843
Kenya,KEN,1987,"Age population, age 02, male",SP.POP.AG02.MA.IN,406135
Kenya,KEN,1986,"Age population, age 02, male",SP.POP.AG02.MA.IN,393483
Kenya,KEN,1985,"Age population, age 02, male",SP.POP.AG02.MA.IN,381408
Kenya,KEN,1984,"Age population, age 02, male",SP.POP.AG02.MA.IN,370201
Kenya,KEN,1983,"Age population, age 02, male",SP.POP.AG02.MA.IN,357727
Kenya,KEN,1982,"Age population, age 02, male",SP.POP.AG02.MA.IN,345385
Kenya,KEN,1981,"Age population, age 02, male",SP.POP.AG02.MA.IN,334409
Kenya,KEN,1980,"Age population, age 02, male",SP.POP.AG02.MA.IN,323705
Kenya,KEN,1979,"Age population, age 02, male",SP.POP.AG02.MA.IN,313949
Kenya,KEN,1978,"Age population, age 02, male",SP.POP.AG02.MA.IN,304535
Kenya,KEN,1977,"Age population, age 02, male",SP.POP.AG02.MA.IN,295266
Kenya,KEN,1976,"Age population, age 02, male",SP.POP.AG02.MA.IN,287343
Kenya,KEN,1975,"Age population, age 02, male",SP.POP.AG02.MA.IN,280486
Kenya,KEN,1974,"Age population, age 02, male",SP.POP.AG02.MA.IN,273815
Kenya,KEN,1973,"Age population, age 02, male",SP.POP.AG02.MA.IN,266122
Kenya,KEN,1972,"Age population, age 02, male",SP.POP.AG02.MA.IN,257826
Kenya,KEN,1971,"Age population, age 02, male",SP.POP.AG02.MA.IN,249809
Kenya,KEN,1970,"Age population, age 02, male",SP.POP.AG02.MA.IN,241858
Kenya,KEN,1969,"Age population, age 02, male",SP.POP.AG02.MA.IN,234201
Kenya,KEN,1968,"Age population, age 02, male",SP.POP.AG02.MA.IN,226175
Kenya,KEN,1967,"Age population, age 02, male",SP.POP.AG02.MA.IN,217560
Kenya,KEN,1966,"Age population, age 02, male",SP.POP.AG02.MA.IN,208981
Kenya,KEN,1965,"Age population, age 02, male",SP.POP.AG02.MA.IN,200529
Kenya,KEN,1964,"Age population, age 02, male",SP.POP.AG02.MA.IN,192100
Kenya,KEN,1963,"Age population, age 02, male",SP.POP.AG02.MA.IN,183526
Kenya,KEN,1962,"Age population, age 02, male",SP.POP.AG02.MA.IN,175621
Kenya,KEN,1961,"Age population, age 02, male",SP.POP.AG02.MA.IN,168478
Kenya,KEN,1960,"Age population, age 02, male",SP.POP.AG02.MA.IN,161042
Kenya,KEN,2025,"Age population, age 03, female",SP.POP.AG03.FE.IN,702473
Kenya,KEN,2024,"Age population, age 03, female",SP.POP.AG03.FE.IN,693302
Kenya,KEN,2023,"Age population, age 03, female",SP.POP.AG03.FE.IN,685787
Kenya,KEN,2022,"Age population, age 03, female",SP.POP.AG03.FE.IN,684339
Kenya,KEN,2021,"Age population, age 03, female",SP.POP.AG03.FE.IN,684858
Kenya,KEN,2020,"Age population, age 03, female",SP.POP.AG03.FE.IN,684091
Kenya,KEN,2019,"Age population, age 03, female",SP.POP.AG03.FE.IN,683556
Kenya,KEN,2018,"Age population, age 03, female",SP.POP.AG03.FE.IN,682563
Kenya,KEN,2017,"Age population, age 03, female",SP.POP.AG03.FE.IN,683212
Kenya,KEN,2016,"Age population, age 03, female",SP.POP.AG03.FE.IN,688712
Kenya,KEN,2015,"Age population, age 03, female",SP.POP.AG03.FE.IN,697554
Kenya,KEN,2014,"Age population, age 03, female",SP.POP.AG03.FE.IN,705253
Kenya,KEN,2013,"Age population, age 03, female",SP.POP.AG03.FE.IN,706917
Kenya,KEN,2012,"Age population, age 03, female",SP.POP.AG03.FE.IN,701353
Kenya,KEN,2011,"Age population, age 03, female",SP.POP.AG03.FE.IN,690390
Kenya,KEN,2010,"Age population, age 03, female",SP.POP.AG03.FE.IN,674453
Kenya,KEN,2009,"Age population, age 03, female",SP.POP.AG03.FE.IN,656529
Kenya,KEN,2008,"Age population, age 03, female",SP.POP.AG03.FE.IN,639534
Kenya,KEN,2007,"Age population, age 03, female",SP.POP.AG03.FE.IN,623302
Kenya,KEN,2006,"Age population, age 03, female",SP.POP.AG03.FE.IN,608282
Kenya,KEN,2005,"Age population, age 03, female",SP.POP.AG03.FE.IN,592622
Kenya,KEN,2004,"Age population, age 03, female",SP.POP.AG03.FE.IN,574141
Kenya,KEN,2003,"Age population, age 03, female",SP.POP.AG03.FE.IN,555301
Kenya,KEN,2002,"Age population, age 03, female",SP.POP.AG03.FE.IN,539220
Kenya,KEN,2001,"Age population, age 03, female",SP.POP.AG03.FE.IN,523113
Kenya,KEN,2000,"Age population, age 03, female",SP.POP.AG03.FE.IN,506873
Kenya,KEN,1999,"Age population, age 03, female",SP.POP.AG03.FE.IN,493336
Kenya,KEN,1998,"Age population, age 03, female",SP.POP.AG03.FE.IN,480265
Kenya,KEN,1997,"Age population, age 03, female",SP.POP.AG03.FE.IN,469793
Kenya,KEN,1996,"Age population, age 03, female",SP.POP.AG03.FE.IN,463179
Kenya,KEN,1995,"Age population, age 03, female",SP.POP.AG03.FE.IN,458791
Kenya,KEN,1994,"Age population, age 03, female",SP.POP.AG03.FE.IN,455145
Kenya,KEN,1993,"Age population, age 03, female",SP.POP.AG03.FE.IN,450642
Kenya,KEN,1992,"Age population, age 03, female",SP.POP.AG03.FE.IN,444438
Kenya,KEN,1991,"Age population, age 03, female",SP.POP.AG03.FE.IN,436427
Kenya,KEN,1990,"Age population, age 03, female",SP.POP.AG03.FE.IN,426458
Kenya,KEN,1989,"Age population, age 03, female",SP.POP.AG03.FE.IN,414170
Kenya,KEN,1988,"Age population, age 03, female",SP.POP.AG03.FE.IN,401567
Kenya,KEN,1987,"Age population, age 03, female",SP.POP.AG03.FE.IN,388809
Kenya,KEN,1986,"Age population, age 03, female",SP.POP.AG03.FE.IN,376674
Kenya,KEN,1985,"Age population, age 03, female",SP.POP.AG03.FE.IN,365491
Kenya,KEN,1984,"Age population, age 03, female",SP.POP.AG03.FE.IN,353123
Kenya,KEN,1983,"Age population, age 03, female",SP.POP.AG03.FE.IN,340837
Kenya,KEN,1982,"Age population, age 03, female",SP.POP.AG03.FE.IN,329861
Kenya,KEN,1981,"Age population, age 03, female",SP.POP.AG03.FE.IN,319196
Kenya,KEN,1980,"Age population, age 03, female",SP.POP.AG03.FE.IN,309346
Kenya,KEN,1979,"Age population, age 03, female",SP.POP.AG03.FE.IN,299883
Kenya,KEN,1978,"Age population, age 03, female",SP.POP.AG03.FE.IN,290654
Kenya,KEN,1977,"Age population, age 03, female",SP.POP.AG03.FE.IN,282596
Kenya,KEN,1976,"Age population, age 03, female",SP.POP.AG03.FE.IN,275575
Kenya,KEN,1975,"Age population, age 03, female",SP.POP.AG03.FE.IN,268943
Kenya,KEN,1974,"Age population, age 03, female",SP.POP.AG03.FE.IN,261362
Kenya,KEN,1973,"Age population, age 03, female",SP.POP.AG03.FE.IN,253174
Kenya,KEN,1972,"Age population, age 03, female",SP.POP.AG03.FE.IN,245251
Kenya,KEN,1971,"Age population, age 03, female",SP.POP.AG03.FE.IN,237471
Kenya,KEN,1970,"Age population, age 03, female",SP.POP.AG03.FE.IN,230008
Kenya,KEN,1969,"Age population, age 03, female",SP.POP.AG03.FE.IN,222117
Kenya,KEN,1968,"Age population, age 03, female",SP.POP.AG03.FE.IN,213671
Kenya,KEN,1967,"Age population, age 03, female",SP.POP.AG03.FE.IN,205269
Kenya,KEN,1966,"Age population, age 03, female",SP.POP.AG03.FE.IN,196969
Kenya,KEN,1965,"Age population, age 03, female",SP.POP.AG03.FE.IN,188646
Kenya,KEN,1964,"Age population, age 03, female",SP.POP.AG03.FE.IN,180172
Kenya,KEN,1963,"Age population, age 03, female",SP.POP.AG03.FE.IN,172358
Kenya,KEN,1962,"Age population, age 03, female",SP.POP.AG03.FE.IN,165255
Kenya,KEN,1961,"Age population, age 03, female",SP.POP.AG03.FE.IN,157852
Kenya,KEN,1960,"Age population, age 03, female",SP.POP.AG03.FE.IN,149995
Kenya,KEN,2025,"Age population, age 03, male",SP.POP.AG03.MA.IN,712985
Kenya,KEN,2024,"Age population, age 03, male",SP.POP.AG03.MA.IN,703523
Kenya,KEN,2023,"Age population, age 03, male",SP.POP.AG03.MA.IN,695849
Kenya,KEN,2022,"Age population, age 03, male",SP.POP.AG03.MA.IN,694189
Kenya,KEN,2021,"Age population, age 03, male",SP.POP.AG03.MA.IN,694616
Kenya,KEN,2020,"Age population, age 03, male",SP.POP.AG03.MA.IN,694141
Kenya,KEN,2019,"Age population, age 03, male",SP.POP.AG03.MA.IN,693887
Kenya,KEN,2018,"Age population, age 03, male",SP.POP.AG03.MA.IN,692817
Kenya,KEN,2017,"Age population, age 03, male",SP.POP.AG03.MA.IN,693268
Kenya,KEN,2016,"Age population, age 03, male",SP.POP.AG03.MA.IN,698695
Kenya,KEN,2015,"Age population, age 03, male",SP.POP.AG03.MA.IN,707537
Kenya,KEN,2014,"Age population, age 03, male",SP.POP.AG03.MA.IN,714880
Kenya,KEN,2013,"Age population, age 03, male",SP.POP.AG03.MA.IN,715893
Kenya,KEN,2012,"Age population, age 03, male",SP.POP.AG03.MA.IN,709617
Kenya,KEN,2011,"Age population, age 03, male",SP.POP.AG03.MA.IN,697651
Kenya,KEN,2010,"Age population, age 03, male",SP.POP.AG03.MA.IN,680758
Kenya,KEN,2009,"Age population, age 03, male",SP.POP.AG03.MA.IN,662331
Kenya,KEN,2008,"Age population, age 03, male",SP.POP.AG03.MA.IN,644748
Kenya,KEN,2007,"Age population, age 03, male",SP.POP.AG03.MA.IN,627757
Kenya,KEN,2006,"Age population, age 03, male",SP.POP.AG03.MA.IN,612290
Kenya,KEN,2005,"Age population, age 03, male",SP.POP.AG03.MA.IN,596312
Kenya,KEN,2004,"Age population, age 03, male",SP.POP.AG03.MA.IN,577318
Kenya,KEN,2003,"Age population, age 03, male",SP.POP.AG03.MA.IN,557843
Kenya,KEN,2002,"Age population, age 03, male",SP.POP.AG03.MA.IN,541220
Kenya,KEN,2001,"Age population, age 03, male",SP.POP.AG03.MA.IN,524737
Kenya,KEN,2000,"Age population, age 03, male",SP.POP.AG03.MA.IN,508236
Kenya,KEN,1999,"Age population, age 03, male",SP.POP.AG03.MA.IN,494659
Kenya,KEN,1998,"Age population, age 03, male",SP.POP.AG03.MA.IN,481682
Kenya,KEN,1997,"Age population, age 03, male",SP.POP.AG03.MA.IN,471248
Kenya,KEN,1996,"Age population, age 03, male",SP.POP.AG03.MA.IN,464575
Kenya,KEN,1995,"Age population, age 03, male",SP.POP.AG03.MA.IN,460074
Kenya,KEN,1994,"Age population, age 03, male",SP.POP.AG03.MA.IN,456297
Kenya,KEN,1993,"Age population, age 03, male",SP.POP.AG03.MA.IN,451620
Kenya,KEN,1992,"Age population, age 03, male",SP.POP.AG03.MA.IN,445388
Kenya,KEN,1991,"Age population, age 03, male",SP.POP.AG03.MA.IN,437496
Kenya,KEN,1990,"Age population, age 03, male",SP.POP.AG03.MA.IN,427614
Kenya,KEN,1989,"Age population, age 03, male",SP.POP.AG03.MA.IN,415293
Kenya,KEN,1988,"Age population, age 03, male",SP.POP.AG03.MA.IN,402694
Kenya,KEN,1987,"Age population, age 03, male",SP.POP.AG03.MA.IN,390126
Kenya,KEN,1986,"Age population, age 03, male",SP.POP.AG03.MA.IN,378180
Kenya,KEN,1985,"Age population, age 03, male",SP.POP.AG03.MA.IN,367075
Kenya,KEN,1984,"Age population, age 03, male",SP.POP.AG03.MA.IN,354663
Kenya,KEN,1983,"Age population, age 03, male",SP.POP.AG03.MA.IN,342303
Kenya,KEN,1982,"Age population, age 03, male",SP.POP.AG03.MA.IN,331234
Kenya,KEN,1981,"Age population, age 03, male",SP.POP.AG03.MA.IN,320507
Kenya,KEN,1980,"Age population, age 03, male",SP.POP.AG03.MA.IN,310693
Kenya,KEN,1979,"Age population, age 03, male",SP.POP.AG03.MA.IN,301169
Kenya,KEN,1978,"Age population, age 03, male",SP.POP.AG03.MA.IN,291834
Kenya,KEN,1977,"Age population, age 03, male",SP.POP.AG03.MA.IN,283761
Kenya,KEN,1976,"Age population, age 03, male",SP.POP.AG03.MA.IN,276789
Kenya,KEN,1975,"Age population, age 03, male",SP.POP.AG03.MA.IN,270109
Kenya,KEN,1974,"Age population, age 03, male",SP.POP.AG03.MA.IN,262408
Kenya,KEN,1973,"Age population, age 03, male",SP.POP.AG03.MA.IN,254115
Kenya,KEN,1972,"Age population, age 03, male",SP.POP.AG03.MA.IN,246081
Kenya,KEN,1971,"Age population, age 03, male",SP.POP.AG03.MA.IN,238207
Kenya,KEN,1970,"Age population, age 03, male",SP.POP.AG03.MA.IN,230669
Kenya,KEN,1969,"Age population, age 03, male",SP.POP.AG03.MA.IN,222691
Kenya,KEN,1968,"Age population, age 03, male",SP.POP.AG03.MA.IN,214114
Kenya,KEN,1967,"Age population, age 03, male",SP.POP.AG03.MA.IN,205562
Kenya,KEN,1966,"Age population, age 03, male",SP.POP.AG03.MA.IN,197143
Kenya,KEN,1965,"Age population, age 03, male",SP.POP.AG03.MA.IN,188741
Kenya,KEN,1964,"Age population, age 03, male",SP.POP.AG03.MA.IN,180172
Kenya,KEN,1963,"Age population, age 03, male",SP.POP.AG03.MA.IN,172254
Kenya,KEN,1962,"Age population, age 03, male",SP.POP.AG03.MA.IN,165067
Kenya,KEN,1961,"Age population, age 03, male",SP.POP.AG03.MA.IN,157572
Kenya,KEN,1960,"Age population, age 03, male",SP.POP.AG03.MA.IN,149606
Kenya,KEN,2025,"Age population, age 04, female",SP.POP.AG04.FE.IN,691890
Kenya,KEN,2024,"Age population, age 04, female",SP.POP.AG04.FE.IN,684360
Kenya,KEN,2023,"Age population, age 04, female",SP.POP.AG04.FE.IN,682861
Kenya,KEN,2022,"Age population, age 04, female",SP.POP.AG04.FE.IN,682517
Kenya,KEN,2021,"Age population, age 04, female",SP.POP.AG04.FE.IN,681258
Kenya,KEN,2020,"Age population, age 04, female",SP.POP.AG04.FE.IN,681022
Kenya,KEN,2019,"Age population, age 04, female",SP.POP.AG04.FE.IN,679401
Kenya,KEN,2018,"Age population, age 04, female",SP.POP.AG04.FE.IN,679962
Kenya,KEN,2017,"Age population, age 04, female",SP.POP.AG04.FE.IN,686326
Kenya,KEN,2016,"Age population, age 04, female",SP.POP.AG04.FE.IN,694850
Kenya,KEN,2015,"Age population, age 04, female",SP.POP.AG04.FE.IN,702070
Kenya,KEN,2014,"Age population, age 04, female",SP.POP.AG04.FE.IN,704096
Kenya,KEN,2013,"Age population, age 04, female",SP.POP.AG04.FE.IN,698817
Kenya,KEN,2012,"Age population, age 04, female",SP.POP.AG04.FE.IN,687967
Kenya,KEN,2011,"Age population, age 04, female",SP.POP.AG04.FE.IN,672222
Kenya,KEN,2010,"Age population, age 04, female",SP.POP.AG04.FE.IN,654745
Kenya,KEN,2009,"Age population, age 04, female",SP.POP.AG04.FE.IN,637978
Kenya,KEN,2008,"Age population, age 04, female",SP.POP.AG04.FE.IN,621637
Kenya,KEN,2007,"Age population, age 04, female",SP.POP.AG04.FE.IN,606507
Kenya,KEN,2006,"Age population, age 04, female",SP.POP.AG04.FE.IN,590791
Kenya,KEN,2005,"Age population, age 04, female",SP.POP.AG04.FE.IN,572253
Kenya,KEN,2004,"Age population, age 04, female",SP.POP.AG04.FE.IN,553355
Kenya,KEN,2003,"Age population, age 04, female",SP.POP.AG04.FE.IN,537120
Kenya,KEN,2002,"Age population, age 04, female",SP.POP.AG04.FE.IN,520973
Kenya,KEN,2001,"Age population, age 04, female",SP.POP.AG04.FE.IN,504639
Kenya,KEN,2000,"Age population, age 04, female",SP.POP.AG04.FE.IN,490870
Kenya,KEN,1999,"Age population, age 04, female",SP.POP.AG04.FE.IN,477556
Kenya,KEN,1998,"Age population, age 04, female",SP.POP.AG04.FE.IN,466890
Kenya,KEN,1997,"Age population, age 04, female",SP.POP.AG04.FE.IN,460226
Kenya,KEN,1996,"Age population, age 04, female",SP.POP.AG04.FE.IN,455827
Kenya,KEN,1995,"Age population, age 04, female",SP.POP.AG04.FE.IN,452262
Kenya,KEN,1994,"Age population, age 04, female",SP.POP.AG04.FE.IN,447821
Kenya,KEN,1993,"Age population, age 04, female",SP.POP.AG04.FE.IN,441677
Kenya,KEN,1992,"Age population, age 04, female",SP.POP.AG04.FE.IN,433767
Kenya,KEN,1991,"Age population, age 04, female",SP.POP.AG04.FE.IN,423981
Kenya,KEN,1990,"Age population, age 04, female",SP.POP.AG04.FE.IN,411890
Kenya,KEN,1989,"Age population, age 04, female",SP.POP.AG04.FE.IN,399359
Kenya,KEN,1988,"Age population, age 04, female",SP.POP.AG04.FE.IN,386650
Kenya,KEN,1987,"Age population, age 04, female",SP.POP.AG04.FE.IN,374544
Kenya,KEN,1986,"Age population, age 04, female",SP.POP.AG04.FE.IN,363437
Kenya,KEN,1985,"Age population, age 04, female",SP.POP.AG04.FE.IN,351148
Kenya,KEN,1984,"Age population, age 04, female",SP.POP.AG04.FE.IN,338908
Kenya,KEN,1983,"Age population, age 04, female",SP.POP.AG04.FE.IN,327910
Kenya,KEN,1982,"Age population, age 04, female",SP.POP.AG04.FE.IN,317175
Kenya,KEN,1981,"Age population, age 04, female",SP.POP.AG04.FE.IN,307313
Kenya,KEN,1980,"Age population, age 04, female",SP.POP.AG04.FE.IN,297815
Kenya,KEN,1979,"Age population, age 04, female",SP.POP.AG04.FE.IN,288509
Kenya,KEN,1978,"Age population, age 04, female",SP.POP.AG04.FE.IN,280405
Kenya,KEN,1977,"Age population, age 04, female",SP.POP.AG04.FE.IN,273271
Kenya,KEN,1976,"Age population, age 04, female",SP.POP.AG04.FE.IN,266560
Kenya,KEN,1975,"Age population, age 04, female",SP.POP.AG04.FE.IN,259002
Kenya,KEN,1974,"Age population, age 04, female",SP.POP.AG04.FE.IN,250828
Kenya,KEN,1973,"Age population, age 04, female",SP.POP.AG04.FE.IN,242914
Kenya,KEN,1972,"Age population, age 04, female",SP.POP.AG04.FE.IN,235124
Kenya,KEN,1971,"Age population, age 04, female",SP.POP.AG04.FE.IN,227725
Kenya,KEN,1970,"Age population, age 04, female",SP.POP.AG04.FE.IN,219940
Kenya,KEN,1969,"Age population, age 04, female",SP.POP.AG04.FE.IN,211539
Kenya,KEN,1968,"Age population, age 04, female",SP.POP.AG04.FE.IN,203171
Kenya,KEN,1967,"Age population, age 04, female",SP.POP.AG04.FE.IN,194891
Kenya,KEN,1966,"Age population, age 04, female",SP.POP.AG04.FE.IN,186590
Kenya,KEN,1965,"Age population, age 04, female",SP.POP.AG04.FE.IN,178141
Kenya,KEN,1964,"Age population, age 04, female",SP.POP.AG04.FE.IN,170324
Kenya,KEN,1963,"Age population, age 04, female",SP.POP.AG04.FE.IN,163209
Kenya,KEN,1962,"Age population, age 04, female",SP.POP.AG04.FE.IN,155790
Kenya,KEN,1961,"Age population, age 04, female",SP.POP.AG04.FE.IN,147908
Kenya,KEN,1960,"Age population, age 04, female",SP.POP.AG04.FE.IN,139852
Kenya,KEN,2025,"Age population, age 04, male",SP.POP.AG04.MA.IN,702017
Kenya,KEN,2024,"Age population, age 04, male",SP.POP.AG04.MA.IN,694370
Kenya,KEN,2023,"Age population, age 04, male",SP.POP.AG04.MA.IN,692694
Kenya,KEN,2022,"Age population, age 04, male",SP.POP.AG04.MA.IN,692031
Kenya,KEN,2021,"Age population, age 04, male",SP.POP.AG04.MA.IN,690851
Kenya,KEN,2020,"Age population, age 04, male",SP.POP.AG04.MA.IN,691122
Kenya,KEN,2019,"Age population, age 04, male",SP.POP.AG04.MA.IN,689630
Kenya,KEN,2018,"Age population, age 04, male",SP.POP.AG04.MA.IN,689996
Kenya,KEN,2017,"Age population, age 04, male",SP.POP.AG04.MA.IN,696283
Kenya,KEN,2016,"Age population, age 04, male",SP.POP.AG04.MA.IN,704771
Kenya,KEN,2015,"Age population, age 04, male",SP.POP.AG04.MA.IN,711592
Kenya,KEN,2014,"Age population, age 04, male",SP.POP.AG04.MA.IN,712941
Kenya,KEN,2013,"Age population, age 04, male",SP.POP.AG04.MA.IN,706919
Kenya,KEN,2012,"Age population, age 04, male",SP.POP.AG04.MA.IN,695041
Kenya,KEN,2011,"Age population, age 04, male",SP.POP.AG04.MA.IN,678324
Kenya,KEN,2010,"Age population, age 04, male",SP.POP.AG04.MA.IN,660306
Kenya,KEN,2009,"Age population, age 04, male",SP.POP.AG04.MA.IN,642932
Kenya,KEN,2008,"Age population, age 04, male",SP.POP.AG04.MA.IN,625833
Kenya,KEN,2007,"Age population, age 04, male",SP.POP.AG04.MA.IN,610245
Kenya,KEN,2006,"Age population, age 04, male",SP.POP.AG04.MA.IN,594201
Kenya,KEN,2005,"Age population, age 04, male",SP.POP.AG04.MA.IN,575136
Kenya,KEN,2004,"Age population, age 04, male",SP.POP.AG04.MA.IN,555593
Kenya,KEN,2003,"Age population, age 04, male",SP.POP.AG04.MA.IN,538822
Kenya,KEN,2002,"Age population, age 04, male",SP.POP.AG04.MA.IN,522292
Kenya,KEN,2001,"Age population, age 04, male",SP.POP.AG04.MA.IN,505676
Kenya,KEN,2000,"Age population, age 04, male",SP.POP.AG04.MA.IN,491865
Kenya,KEN,1999,"Age population, age 04, male",SP.POP.AG04.MA.IN,478652
Kenya,KEN,1998,"Age population, age 04, male",SP.POP.AG04.MA.IN,468025
Kenya,KEN,1997,"Age population, age 04, male",SP.POP.AG04.MA.IN,461308
Kenya,KEN,1996,"Age population, age 04, male",SP.POP.AG04.MA.IN,456804
Kenya,KEN,1995,"Age population, age 04, male",SP.POP.AG04.MA.IN,453117
Kenya,KEN,1994,"Age population, age 04, male",SP.POP.AG04.MA.IN,448518
Kenya,KEN,1993,"Age population, age 04, male",SP.POP.AG04.MA.IN,442366
Kenya,KEN,1992,"Age population, age 04, male",SP.POP.AG04.MA.IN,434597
Kenya,KEN,1991,"Age population, age 04, male",SP.POP.AG04.MA.IN,424923
Kenya,KEN,1990,"Age population, age 04, male",SP.POP.AG04.MA.IN,412831
Kenya,KEN,1989,"Age population, age 04, male",SP.POP.AG04.MA.IN,400328
Kenya,KEN,1988,"Age population, age 04, male",SP.POP.AG04.MA.IN,387824
Kenya,KEN,1987,"Age population, age 04, male",SP.POP.AG04.MA.IN,375923
Kenya,KEN,1986,"Age population, age 04, male",SP.POP.AG04.MA.IN,364906
Kenya,KEN,1985,"Age population, age 04, male",SP.POP.AG04.MA.IN,352580
Kenya,KEN,1984,"Age population, age 04, male",SP.POP.AG04.MA.IN,340269
Kenya,KEN,1983,"Age population, age 04, male",SP.POP.AG04.MA.IN,329181
Kenya,KEN,1982,"Age population, age 04, male",SP.POP.AG04.MA.IN,318384
Kenya,KEN,1981,"Age population, age 04, male",SP.POP.AG04.MA.IN,308555
Kenya,KEN,1980,"Age population, age 04, male",SP.POP.AG04.MA.IN,298996
Kenya,KEN,1979,"Age population, age 04, male",SP.POP.AG04.MA.IN,289584
Kenya,KEN,1978,"Age population, age 04, male",SP.POP.AG04.MA.IN,281464
Kenya,KEN,1977,"Age population, age 04, male",SP.POP.AG04.MA.IN,274378
Kenya,KEN,1976,"Age population, age 04, male",SP.POP.AG04.MA.IN,267621
Kenya,KEN,1975,"Age population, age 04, male",SP.POP.AG04.MA.IN,259940
Kenya,KEN,1974,"Age population, age 04, male",SP.POP.AG04.MA.IN,251662
Kenya,KEN,1973,"Age population, age 04, male",SP.POP.AG04.MA.IN,243642
Kenya,KEN,1972,"Age population, age 04, male",SP.POP.AG04.MA.IN,235762
Kenya,KEN,1971,"Age population, age 04, male",SP.POP.AG04.MA.IN,228293
Kenya,KEN,1970,"Age population, age 04, male",SP.POP.AG04.MA.IN,220426
Kenya,KEN,1969,"Age population, age 04, male",SP.POP.AG04.MA.IN,211898
Kenya,KEN,1968,"Age population, age 04, male",SP.POP.AG04.MA.IN,203379
Kenya,KEN,1967,"Age population, age 04, male",SP.POP.AG04.MA.IN,194983
Kenya,KEN,1966,"Age population, age 04, male",SP.POP.AG04.MA.IN,186609
Kenya,KEN,1965,"Age population, age 04, male",SP.POP.AG04.MA.IN,178067
Kenya,KEN,1964,"Age population, age 04, male",SP.POP.AG04.MA.IN,170150
Kenya,KEN,1963,"Age population, age 04, male",SP.POP.AG04.MA.IN,162955
Kenya,KEN,1962,"Age population, age 04, male",SP.POP.AG04.MA.IN,155446
Kenya,KEN,1961,"Age population, age 04, male",SP.POP.AG04.MA.IN,147458
Kenya,KEN,1960,"Age population, age 04, male",SP.POP.AG04.MA.IN,139296
Kenya,KEN,2025,"Age population, age 05, female",SP.POP.AG05.FE.IN,683310
Kenya,KEN,2024,"Age population, age 05, female",SP.POP.AG05.FE.IN,681782
Kenya,KEN,2023,"Age population, age 05, female",SP.POP.AG05.FE.IN,681382
Kenya,KEN,2022,"Age population, age 05, female",SP.POP.AG05.FE.IN,679373
Kenya,KEN,2021,"Age population, age 05, female",SP.POP.AG05.FE.IN,678765
Kenya,KEN,2020,"Age population, age 05, female",SP.POP.AG05.FE.IN,677338
Kenya,KEN,2019,"Age population, age 05, female",SP.POP.AG05.FE.IN,677146
Kenya,KEN,2018,"Age population, age 05, female",SP.POP.AG05.FE.IN,683418
Kenya,KEN,2017,"Age population, age 05, female",SP.POP.AG05.FE.IN,692814
Kenya,KEN,2016,"Age population, age 05, female",SP.POP.AG05.FE.IN,699724
Kenya,KEN,2015,"Age population, age 05, female",SP.POP.AG05.FE.IN,701285
Kenya,KEN,2014,"Age population, age 05, female",SP.POP.AG05.FE.IN,696393
Kenya,KEN,2013,"Age population, age 05, female",SP.POP.AG05.FE.IN,685845
Kenya,KEN,2012,"Age population, age 05, female",SP.POP.AG05.FE.IN,670229
Kenya,KEN,2011,"Age population, age 05, female",SP.POP.AG05.FE.IN,652962
Kenya,KEN,2010,"Age population, age 05, female",SP.POP.AG05.FE.IN,636653
Kenya,KEN,2009,"Age population, age 05, female",SP.POP.AG05.FE.IN,620550
Kenya,KEN,2008,"Age population, age 05, female",SP.POP.AG05.FE.IN,605340
Kenya,KEN,2007,"Age population, age 05, female",SP.POP.AG05.FE.IN,589550
Kenya,KEN,2006,"Age population, age 05, female",SP.POP.AG05.FE.IN,570990
Kenya,KEN,2005,"Age population, age 05, female",SP.POP.AG05.FE.IN,552064
Kenya,KEN,2004,"Age population, age 05, female",SP.POP.AG05.FE.IN,535795
Kenya,KEN,2003,"Age population, age 05, female",SP.POP.AG05.FE.IN,519542
Kenya,KEN,2002,"Age population, age 05, female",SP.POP.AG05.FE.IN,503191
Kenya,KEN,2001,"Age population, age 05, female",SP.POP.AG05.FE.IN,489354
Kenya,KEN,2000,"Age population, age 05, female",SP.POP.AG05.FE.IN,475861
Kenya,KEN,1999,"Age population, age 05, female",SP.POP.AG05.FE.IN,464987
Kenya,KEN,1998,"Age population, age 05, female",SP.POP.AG05.FE.IN,458155
Kenya,KEN,1997,"Age population, age 05, female",SP.POP.AG05.FE.IN,453713
Kenya,KEN,1996,"Age population, age 05, female",SP.POP.AG05.FE.IN,450139
Kenya,KEN,1995,"Age population, age 05, female",SP.POP.AG05.FE.IN,445769
Kenya,KEN,1994,"Age population, age 05, female",SP.POP.AG05.FE.IN,439679
Kenya,KEN,1993,"Age population, age 05, female",SP.POP.AG05.FE.IN,431814
Kenya,KEN,1992,"Age population, age 05, female",SP.POP.AG05.FE.IN,422104
Kenya,KEN,1991,"Age population, age 05, female",SP.POP.AG05.FE.IN,410157
Kenya,KEN,1990,"Age population, age 05, female",SP.POP.AG05.FE.IN,397773
Kenya,KEN,1989,"Age population, age 05, female",SP.POP.AG05.FE.IN,385107
Kenya,KEN,1988,"Age population, age 05, female",SP.POP.AG05.FE.IN,373026
Kenya,KEN,1987,"Age population, age 05, female",SP.POP.AG05.FE.IN,361928
Kenya,KEN,1986,"Age population, age 05, female",SP.POP.AG05.FE.IN,349702
Kenya,KEN,1985,"Age population, age 05, female",SP.POP.AG05.FE.IN,337525
Kenya,KEN,1984,"Age population, age 05, female",SP.POP.AG05.FE.IN,326560
Kenya,KEN,1983,"Age population, age 05, female",SP.POP.AG05.FE.IN,315809
Kenya,KEN,1982,"Age population, age 05, female",SP.POP.AG05.FE.IN,305889
Kenya,KEN,1981,"Age population, age 05, female",SP.POP.AG05.FE.IN,296386
Kenya,KEN,1980,"Age population, age 05, female",SP.POP.AG05.FE.IN,287058
Kenya,KEN,1979,"Age population, age 05, female",SP.POP.AG05.FE.IN,278892
Kenya,KEN,1978,"Age population, age 05, female",SP.POP.AG05.FE.IN,271724
Kenya,KEN,1977,"Age population, age 05, female",SP.POP.AG05.FE.IN,264928
Kenya,KEN,1976,"Age population, age 05, female",SP.POP.AG05.FE.IN,257320
Kenya,KEN,1975,"Age population, age 05, female",SP.POP.AG05.FE.IN,249178
Kenya,KEN,1974,"Age population, age 05, female",SP.POP.AG05.FE.IN,241283
Kenya,KEN,1973,"Age population, age 05, female",SP.POP.AG05.FE.IN,233508
Kenya,KEN,1972,"Age population, age 05, female",SP.POP.AG05.FE.IN,226105
Kenya,KEN,1971,"Age population, age 05, female",SP.POP.AG05.FE.IN,218382
Kenya,KEN,1970,"Age population, age 05, female",SP.POP.AG05.FE.IN,210079
Kenya,KEN,1969,"Age population, age 05, female",SP.POP.AG05.FE.IN,201751
Kenya,KEN,1968,"Age population, age 05, female",SP.POP.AG05.FE.IN,193502
Kenya,KEN,1967,"Age population, age 05, female",SP.POP.AG05.FE.IN,185219
Kenya,KEN,1966,"Age population, age 05, female",SP.POP.AG05.FE.IN,176788
Kenya,KEN,1965,"Age population, age 05, female",SP.POP.AG05.FE.IN,168988
Kenya,KEN,1964,"Age population, age 05, female",SP.POP.AG05.FE.IN,161870
Kenya,KEN,1963,"Age population, age 05, female",SP.POP.AG05.FE.IN,154451
Kenya,KEN,1962,"Age population, age 05, female",SP.POP.AG05.FE.IN,146569
Kenya,KEN,1961,"Age population, age 05, female",SP.POP.AG05.FE.IN,138506
Kenya,KEN,1960,"Age population, age 05, female",SP.POP.AG05.FE.IN,130909
Kenya,KEN,2025,"Age population, age 05, male",SP.POP.AG05.MA.IN,693213
Kenya,KEN,2024,"Age population, age 05, male",SP.POP.AG05.MA.IN,691546
Kenya,KEN,2023,"Age population, age 05, male",SP.POP.AG05.MA.IN,690861
Kenya,KEN,2022,"Age population, age 05, male",SP.POP.AG05.MA.IN,688784
Kenya,KEN,2021,"Age population, age 05, male",SP.POP.AG05.MA.IN,688523
Kenya,KEN,2020,"Age population, age 05, male",SP.POP.AG05.MA.IN,687372
Kenya,KEN,2019,"Age population, age 05, male",SP.POP.AG05.MA.IN,687144
Kenya,KEN,2018,"Age population, age 05, male",SP.POP.AG05.MA.IN,693341
Kenya,KEN,2017,"Age population, age 05, male",SP.POP.AG05.MA.IN,702695
Kenya,KEN,2016,"Age population, age 05, male",SP.POP.AG05.MA.IN,709184
Kenya,KEN,2015,"Age population, age 05, male",SP.POP.AG05.MA.IN,710042
Kenya,KEN,2014,"Age population, age 05, male",SP.POP.AG05.MA.IN,704388
Kenya,KEN,2013,"Age population, age 05, male",SP.POP.AG05.MA.IN,692791
Kenya,KEN,2012,"Age population, age 05, male",SP.POP.AG05.MA.IN,676186
Kenya,KEN,2011,"Age population, age 05, male",SP.POP.AG05.MA.IN,658365
Kenya,KEN,2010,"Age population, age 05, male",SP.POP.AG05.MA.IN,641424
Kenya,KEN,2009,"Age population, age 05, male",SP.POP.AG05.MA.IN,624548
Kenya,KEN,2008,"Age population, age 05, male",SP.POP.AG05.MA.IN,608879
Kenya,KEN,2007,"Age population, age 05, male",SP.POP.AG05.MA.IN,592752
Kenya,KEN,2006,"Age population, age 05, male",SP.POP.AG05.MA.IN,573657
Kenya,KEN,2005,"Age population, age 05, male",SP.POP.AG05.MA.IN,554076
Kenya,KEN,2004,"Age population, age 05, male",SP.POP.AG05.MA.IN,537262
Kenya,KEN,2003,"Age population, age 05, male",SP.POP.AG05.MA.IN,520631
Kenya,KEN,2002,"Age population, age 05, male",SP.POP.AG05.MA.IN,503997
Kenya,KEN,2001,"Age population, age 05, male",SP.POP.AG05.MA.IN,490097
Kenya,KEN,2000,"Age population, age 05, male",SP.POP.AG05.MA.IN,476704
Kenya,KEN,1999,"Age population, age 05, male",SP.POP.AG05.MA.IN,465882
Kenya,KEN,1998,"Age population, age 05, male",SP.POP.AG05.MA.IN,458997
Kenya,KEN,1997,"Age population, age 05, male",SP.POP.AG05.MA.IN,454453
Kenya,KEN,1996,"Age population, age 05, male",SP.POP.AG05.MA.IN,450764
Kenya,KEN,1995,"Age population, age 05, male",SP.POP.AG05.MA.IN,446245
Kenya,KEN,1994,"Age population, age 05, male",SP.POP.AG05.MA.IN,440160
Kenya,KEN,1993,"Age population, age 05, male",SP.POP.AG05.MA.IN,432454
Kenya,KEN,1992,"Age population, age 05, male",SP.POP.AG05.MA.IN,422872
Kenya,KEN,1991,"Age population, age 05, male",SP.POP.AG05.MA.IN,410945
Kenya,KEN,1990,"Age population, age 05, male",SP.POP.AG05.MA.IN,398614
Kenya,KEN,1989,"Age population, age 05, male",SP.POP.AG05.MA.IN,386171
Kenya,KEN,1988,"Age population, age 05, male",SP.POP.AG05.MA.IN,374305
Kenya,KEN,1987,"Age population, age 05, male",SP.POP.AG05.MA.IN,363311
Kenya,KEN,1986,"Age population, age 05, male",SP.POP.AG05.MA.IN,351057
Kenya,KEN,1985,"Age population, age 05, male",SP.POP.AG05.MA.IN,338814
Kenya,KEN,1984,"Age population, age 05, male",SP.POP.AG05.MA.IN,327762
Kenya,KEN,1983,"Age population, age 05, male",SP.POP.AG05.MA.IN,316949
Kenya,KEN,1982,"Age population, age 05, male",SP.POP.AG05.MA.IN,307061
Kenya,KEN,1981,"Age population, age 05, male",SP.POP.AG05.MA.IN,297496
Kenya,KEN,1980,"Age population, age 05, male",SP.POP.AG05.MA.IN,288062
Kenya,KEN,1979,"Age population, age 05, male",SP.POP.AG05.MA.IN,279882
Kenya,KEN,1978,"Age population, age 05, male",SP.POP.AG05.MA.IN,272762
Kenya,KEN,1977,"Age population, age 05, male",SP.POP.AG05.MA.IN,265918
Kenya,KEN,1976,"Age population, age 05, male",SP.POP.AG05.MA.IN,258189
Kenya,KEN,1975,"Age population, age 05, male",SP.POP.AG05.MA.IN,249943
Kenya,KEN,1974,"Age population, age 05, male",SP.POP.AG05.MA.IN,241942
Kenya,KEN,1973,"Age population, age 05, male",SP.POP.AG05.MA.IN,234080
Kenya,KEN,1972,"Age population, age 05, male",SP.POP.AG05.MA.IN,226608
Kenya,KEN,1971,"Age population, age 05, male",SP.POP.AG05.MA.IN,218807
Kenya,KEN,1970,"Age population, age 05, male",SP.POP.AG05.MA.IN,210381
Kenya,KEN,1969,"Age population, age 05, male",SP.POP.AG05.MA.IN,201904
Kenya,KEN,1968,"Age population, age 05, male",SP.POP.AG05.MA.IN,193535
Kenya,KEN,1967,"Age population, age 05, male",SP.POP.AG05.MA.IN,185181
Kenya,KEN,1966,"Age population, age 05, male",SP.POP.AG05.MA.IN,176665
Kenya,KEN,1965,"Age population, age 05, male",SP.POP.AG05.MA.IN,168766
Kenya,KEN,1964,"Age population, age 05, male",SP.POP.AG05.MA.IN,161569
Kenya,KEN,1963,"Age population, age 05, male",SP.POP.AG05.MA.IN,154063
Kenya,KEN,1962,"Age population, age 05, male",SP.POP.AG05.MA.IN,146077
Kenya,KEN,1961,"Age population, age 05, male",SP.POP.AG05.MA.IN,137910
Kenya,KEN,1960,"Age population, age 05, male",SP.POP.AG05.MA.IN,130197
Kenya,KEN,2016,"Own-account workers, female (% of female employment) (modeled ILO estimate)",SL.EMP.OWAC.FE.ZS,22.6630001068115
Kenya,KEN,2015,"Own-account workers, female (% of female employment) (modeled ILO estimate)",SL.EMP.OWAC.FE.ZS,20.0359992980957
Kenya,KEN,2014,"Own-account workers, female (% of female employment) (modeled ILO estimate)",SL.EMP.OWAC.FE.ZS,17.0659999847412
Kenya,KEN,2013,"Own-account workers, female (% of female employment) (modeled ILO estimate)",SL.EMP.OWAC.FE.ZS,15.9589996337891
Kenya,KEN,2012,"Own-account workers, female (% of female employment) (modeled ILO estimate)",SL.EMP.OWAC.FE.ZS,15.3690004348755
Kenya,KEN,2011,"Own-account workers, female (% of female employment) (modeled ILO estimate)",SL.EMP.OWAC.FE.ZS,15.3699998855591
Kenya,KEN,2010,"Own-account workers, female (% of female employment) (modeled ILO estimate)",SL.EMP.OWAC.FE.ZS,14.3529996871948
Kenya,KEN,2009,"Own-account workers, female (% of female employment) (modeled ILO estimate)",SL.EMP.OWAC.FE.ZS,12.8660001754761
Kenya,KEN,2008,"Own-account workers, female (% of female employment) (modeled ILO estimate)",SL.EMP.OWAC.FE.ZS,11.9569997787476
Kenya,KEN,2007,"Own-account workers, female (% of female employment) (modeled ILO estimate)",SL.EMP.OWAC.FE.ZS,11.0030002593994
Kenya,KEN,2006,"Own-account workers, female (% of female employment) (modeled ILO estimate)",SL.EMP.OWAC.FE.ZS,10.8400001525879
Kenya,KEN,2005,"Own-account workers, female (% of female employment) (modeled ILO estimate)",SL.EMP.OWAC.FE.ZS,13.8699998855591
Kenya,KEN,2004,"Own-account workers, female (% of female employment) (modeled ILO estimate)",SL.EMP.OWAC.FE.ZS,14.5799999237061
Kenya,KEN,2003,"Own-account workers, female (% of female employment) (modeled ILO estimate)",SL.EMP.OWAC.FE.ZS,15.3500003814697
Kenya,KEN,2002,"Own-account workers, female (% of female employment) (modeled ILO estimate)",SL.EMP.OWAC.FE.ZS,15.289999961853
Kenya,KEN,2001,"Own-account workers, female (% of female employment) (modeled ILO estimate)",SL.EMP.OWAC.FE.ZS,17.2199993133545
Kenya,KEN,2000,"Own-account workers, female (% of female employment) (modeled ILO estimate)",SL.EMP.OWAC.FE.ZS,17.9500007629395
Kenya,KEN,1999,"Own-account workers, female (% of female employment) (modeled ILO estimate)",SL.EMP.OWAC.FE.ZS,18.0209999084473
Kenya,KEN,1998,"Own-account workers, female (% of female employment) (modeled ILO estimate)",SL.EMP.OWAC.FE.ZS,16.7569999694824
Kenya,KEN,1997,"Own-account workers, female (% of female employment) (modeled ILO estimate)",SL.EMP.OWAC.FE.ZS,16.2019996643066
Kenya,KEN,1996,"Own-account workers, female (% of female employment) (modeled ILO estimate)",SL.EMP.OWAC.FE.ZS,16.0090007781982
Kenya,KEN,1995,"Own-account workers, female (% of female employment) (modeled ILO estimate)",SL.EMP.OWAC.FE.ZS,16.9500007629395
Kenya,KEN,1994,"Own-account workers, female (% of female employment) (modeled ILO estimate)",SL.EMP.OWAC.FE.ZS,18.2549991607666
Kenya,KEN,1993,"Own-account workers, female (% of female employment) (modeled ILO estimate)",SL.EMP.OWAC.FE.ZS,16.6280002593994
Kenya,KEN,1992,"Own-account workers, female (% of female employment) (modeled ILO estimate)",SL.EMP.OWAC.FE.ZS,14.0380001068115
Kenya,KEN,1991,"Own-account workers, female (% of female employment) (modeled ILO estimate)",SL.EMP.OWAC.FE.ZS,13.3819999694824
Kenya,KEN,2016,"Own-account workers, male (% of male employment) (modeled ILO estimate)",SL.EMP.OWAC.MA.ZS,16.3570003509521
Kenya,KEN,2015,"Own-account workers, male (% of male employment) (modeled ILO estimate)",SL.EMP.OWAC.MA.ZS,16.0259990692139
Kenya,KEN,2014,"Own-account workers, male (% of male employment) (modeled ILO estimate)",SL.EMP.OWAC.MA.ZS,15.5329999923706
Kenya,KEN,2013,"Own-account workers, male (% of male employment) (modeled ILO estimate)",SL.EMP.OWAC.MA.ZS,15.3470001220703
Kenya,KEN,2012,"Own-account workers, male (% of male employment) (modeled ILO estimate)",SL.EMP.OWAC.MA.ZS,15.2270002365112
Kenya,KEN,2011,"Own-account workers, male (% of male employment) (modeled ILO estimate)",SL.EMP.OWAC.MA.ZS,15.3570003509521
Kenya,KEN,2010,"Own-account workers, male (% of male employment) (modeled ILO estimate)",SL.EMP.OWAC.MA.ZS,15.3669996261597
Kenya,KEN,2009,"Own-account workers, male (% of male employment) (modeled ILO estimate)",SL.EMP.OWAC.MA.ZS,14.9530000686646
Kenya,KEN,2008,"Own-account workers, male (% of male employment) (modeled ILO estimate)",SL.EMP.OWAC.MA.ZS,14.6899995803833
Kenya,KEN,2007,"Own-account workers, male (% of male employment) (modeled ILO estimate)",SL.EMP.OWAC.MA.ZS,14.5179996490479
Kenya,KEN,2006,"Own-account workers, male (% of male employment) (modeled ILO estimate)",SL.EMP.OWAC.MA.ZS,14.5719995498657
Kenya,KEN,2005,"Own-account workers, male (% of male employment) (modeled ILO estimate)",SL.EMP.OWAC.MA.ZS,16.003999710083
Kenya,KEN,2004,"Own-account workers, male (% of male employment) (modeled ILO estimate)",SL.EMP.OWAC.MA.ZS,16.431999206543
Kenya,KEN,2003,"Own-account workers, male (% of male employment) (modeled ILO estimate)",SL.EMP.OWAC.MA.ZS,16.8050003051758
Kenya,KEN,2002,"Own-account workers, male (% of male employment) (modeled ILO estimate)",SL.EMP.OWAC.MA.ZS,16.806999206543
Kenya,KEN,2001,"Own-account workers, male (% of male employment) (modeled ILO estimate)",SL.EMP.OWAC.MA.ZS,17.5069999694824
Kenya,KEN,2000,"Own-account workers, male (% of male employment) (modeled ILO estimate)",SL.EMP.OWAC.MA.ZS,17.7019996643066
Kenya,KEN,1999,"Own-account workers, male (% of male employment) (modeled ILO estimate)",SL.EMP.OWAC.MA.ZS,17.8460006713867
Kenya,KEN,1998,"Own-account workers, male (% of male employment) (modeled ILO estimate)",SL.EMP.OWAC.MA.ZS,17.5319995880127
Kenya,KEN,1997,"Own-account workers, male (% of male employment) (modeled ILO estimate)",SL.EMP.OWAC.MA.ZS,17.3430004119873
Kenya,KEN,1996,"Own-account workers, male (% of male employment) (modeled ILO estimate)",SL.EMP.OWAC.MA.ZS,17.3799991607666
Kenya,KEN,1995,"Own-account workers, male (% of male employment) (modeled ILO estimate)",SL.EMP.OWAC.MA.ZS,18.0919990539551
Kenya,KEN,1994,"Own-account workers, male (% of male employment) (modeled ILO estimate)",SL.EMP.OWAC.MA.ZS,18.2970008850098
Kenya,KEN,1993,"Own-account workers, male (% of male employment) (modeled ILO estimate)",SL.EMP.OWAC.MA.ZS,17.8999996185303
Kenya,KEN,1992,"Own-account workers, male (% of male employment) (modeled ILO estimate)",SL.EMP.OWAC.MA.ZS,16.9370002746582
Kenya,KEN,1991,"Own-account workers, male (% of male employment) (modeled ILO estimate)",SL.EMP.OWAC.MA.ZS,16.6299991607666
